ISO-10303-21;
HEADER;
FILE_DESCRIPTION(('Open CASCADE Model'),'2;1');
FILE_NAME('Open CASCADE Shape Model','2026-09-16T05:50:16',('Author'),(
    'Open CASCADE'),'Open CASCADE STEP processor 7.9','Open CASCADE 7.9'
  ,'Unknown');
FILE_SCHEMA(('AUTOMOTIVE_DESIGN { 1 0 10303 214 1 1 1 1 }'));
ENDSEC;
DATA;
#1 = APPLICATION_PROTOCOL_DEFINITION('international standard',
  'automotive_design',2000,#2);
#2 = APPLICATION_CONTEXT(
  'core data for automotive mechanical design processes');
#3 = SHAPE_DEFINITION_REPRESENTATION(#4,#10);
#4 = PRODUCT_DEFINITION_SHAPE('','',#5);
#5 = PRODUCT_DEFINITION('design','',#6,#9);
#6 = PRODUCT_DEFINITION_FORMATION('','',#7);
#7 = PRODUCT('Controlador_Agua_10mm','Controlador_Agua_10mm','',(#8));
#8 = PRODUCT_CONTEXT('',#2,'mechanical');
#9 = PRODUCT_DEFINITION_CONTEXT('part definition',#2,'design');
#10 = SHAPE_REPRESENTATION('',(#11,#15,#19,#23,#27,#31,#35,#39),#43);
#11 = AXIS2_PLACEMENT_3D('',#12,#13,#14);
#12 = CARTESIAN_POINT('',(0.,0.,0.));
#13 = DIRECTION('',(0.,0.,1.));
#14 = DIRECTION('',(1.,0.,-0.));
#15 = AXIS2_PLACEMENT_3D('',#16,#17,#18);
#16 = CARTESIAN_POINT('',(0.,0.,0.));
#17 = DIRECTION('',(0.,0.,1.));
#18 = DIRECTION('',(1.,0.,-0.));
#19 = AXIS2_PLACEMENT_3D('',#20,#21,#22);
#20 = CARTESIAN_POINT('',(0.,0.,0.));
#21 = DIRECTION('',(0.,0.,1.));
#22 = DIRECTION('',(1.,0.,-0.));
#23 = AXIS2_PLACEMENT_3D('',#24,#25,#26);
#24 = CARTESIAN_POINT('',(0.,0.,0.));
#25 = DIRECTION('',(0.,0.,1.));
#26 = DIRECTION('',(1.,0.,-0.));
#27 = AXIS2_PLACEMENT_3D('',#28,#29,#30);
#28 = CARTESIAN_POINT('',(0.,0.,0.));
#29 = DIRECTION('',(0.,0.,1.));
#30 = DIRECTION('',(1.,0.,-0.));
#31 = AXIS2_PLACEMENT_3D('',#32,#33,#34);
#32 = CARTESIAN_POINT('',(0.,0.,0.));
#33 = DIRECTION('',(0.,0.,1.));
#34 = DIRECTION('',(1.,0.,-0.));
#35 = AXIS2_PLACEMENT_3D('',#36,#37,#38);
#36 = CARTESIAN_POINT('',(0.,0.,0.));
#37 = DIRECTION('',(0.,0.,1.));
#38 = DIRECTION('',(1.,0.,-0.));
#39 = AXIS2_PLACEMENT_3D('',#40,#41,#42);
#40 = CARTESIAN_POINT('',(0.,0.,0.));
#41 = DIRECTION('',(0.,0.,1.));
#42 = DIRECTION('',(1.,0.,-0.));
#43 = ( GEOMETRIC_REPRESENTATION_CONTEXT(3) 
GLOBAL_UNCERTAINTY_ASSIGNED_CONTEXT((#47)) GLOBAL_UNIT_ASSIGNED_CONTEXT(
(#44,#45,#46)) REPRESENTATION_CONTEXT('Context #1',
  '3D Context with UNIT and UNCERTAINTY') );
#44 = ( LENGTH_UNIT() NAMED_UNIT(*) SI_UNIT(.MILLI.,.METRE.) );
#45 = ( NAMED_UNIT(*) PLANE_ANGLE_UNIT() SI_UNIT($,.RADIAN.) );
#46 = ( NAMED_UNIT(*) SI_UNIT($,.STERADIAN.) SOLID_ANGLE_UNIT() );
#47 = UNCERTAINTY_MEASURE_WITH_UNIT(LENGTH_MEASURE(1.E-07),#44,
  'distance_accuracy_value','confusion accuracy');
#48 = PRODUCT_RELATED_PRODUCT_CATEGORY('part',$,(#7));
#49 = SHAPE_DEFINITION_REPRESENTATION(#50,#56);
#50 = PRODUCT_DEFINITION_SHAPE('','',#51);
#51 = PRODUCT_DEFINITION('design','',#52,#55);
#52 = PRODUCT_DEFINITION_FORMATION('','',#53);
#53 = PRODUCT('Corpo','Corpo','',(#54));
#54 = PRODUCT_CONTEXT('',#2,'mechanical');
#55 = PRODUCT_DEFINITION_CONTEXT('part definition',#2,'design');
#56 = ADVANCED_BREP_SHAPE_REPRESENTATION('',(#11,#57),#3483);
#57 = MANIFOLD_SOLID_BREP('',#58);
#58 = CLOSED_SHELL('',(#59,#147,#182,#221,#276,#335,#370,#431,#486,#766,
    #791,#826,#866,#1097,#1152,#1211,#1322,#1514,#1549,#1598,#1771,#1798
    ,#1948,#1955,#2381,#2481,#2488,#2543,#2598,#2647,#2696,#2723,#2800,
    #2849,#2968,#2995,#3054,#3061,#3096,#3131,#3186,#3241,#3296,#3351,
    #3355,#3410,#3460,#3464,#3468,#3472,#3476));
#59 = ADVANCED_FACE('',(#60),#74,.T.);
#60 = FACE_BOUND('',#61,.F.);
#61 = EDGE_LOOP('',(#62,#92,#119,#120));
#62 = ORIENTED_EDGE('',*,*,#63,.T.);
#63 = EDGE_CURVE('',#64,#66,#68,.T.);
#64 = VERTEX_POINT('',#65);
#65 = CARTESIAN_POINT('',(41.,5.15,0.));
#66 = VERTEX_POINT('',#67);
#67 = CARTESIAN_POINT('',(44.,5.15,0.));
#68 = SEAM_CURVE('',#69,(#73,#85),.PCURVE_S1.);
#69 = LINE('',#70,#71);
#70 = CARTESIAN_POINT('',(41.,5.15,0.));
#71 = VECTOR('',#72,1.);
#72 = DIRECTION('',(1.,0.,0.));
#73 = PCURVE('',#74,#79);
#74 = CYLINDRICAL_SURFACE('',#75,5.15);
#75 = AXIS2_PLACEMENT_3D('',#76,#77,#78);
#76 = CARTESIAN_POINT('',(41.,0.,0.));
#77 = DIRECTION('',(-1.,-0.,-0.));
#78 = DIRECTION('',(0.,1.,0.));
#79 = DEFINITIONAL_REPRESENTATION('',(#80),#84);
#80 = LINE('',#81,#82);
#81 = CARTESIAN_POINT('',(-0.,0.));
#82 = VECTOR('',#83,1.);
#83 = DIRECTION('',(-0.,-1.));
#84 = ( GEOMETRIC_REPRESENTATION_CONTEXT(2) 
PARAMETRIC_REPRESENTATION_CONTEXT() REPRESENTATION_CONTEXT('2D SPACE',''
  ) );
#85 = PCURVE('',#74,#86);
#86 = DEFINITIONAL_REPRESENTATION('',(#87),#91);
#87 = LINE('',#88,#89);
#88 = CARTESIAN_POINT('',(-6.28318530718,0.));
#89 = VECTOR('',#90,1.);
#90 = DIRECTION('',(-0.,-1.));
#91 = ( GEOMETRIC_REPRESENTATION_CONTEXT(2) 
PARAMETRIC_REPRESENTATION_CONTEXT() REPRESENTATION_CONTEXT('2D SPACE',''
  ) );
#92 = ORIENTED_EDGE('',*,*,#93,.T.);
#93 = EDGE_CURVE('',#66,#66,#94,.T.);
#94 = SURFACE_CURVE('',#95,(#100,#107),.PCURVE_S1.);
#95 = CIRCLE('',#96,5.15);
#96 = AXIS2_PLACEMENT_3D('',#97,#98,#99);
#97 = CARTESIAN_POINT('',(44.,0.,0.));
#98 = DIRECTION('',(1.,0.,0.));
#99 = DIRECTION('',(0.,1.,0.));
#100 = PCURVE('',#74,#101);
#101 = DEFINITIONAL_REPRESENTATION('',(#102),#106);
#102 = LINE('',#103,#104);
#103 = CARTESIAN_POINT('',(-0.,-3.));
#104 = VECTOR('',#105,1.);
#105 = DIRECTION('',(-1.,0.));
#106 = ( GEOMETRIC_REPRESENTATION_CONTEXT(2) 
PARAMETRIC_REPRESENTATION_CONTEXT() REPRESENTATION_CONTEXT('2D SPACE',''
  ) );
#107 = PCURVE('',#108,#113);
#108 = PLANE('',#109);
#109 = AXIS2_PLACEMENT_3D('',#110,#111,#112);
#110 = CARTESIAN_POINT('',(44.,-3.982835337493E-16,5.529132197927E-17));
#111 = DIRECTION('',(1.,0.,0.));
#112 = DIRECTION('',(-0.,0.,1.));
#113 = DEFINITIONAL_REPRESENTATION('',(#114),#118);
#114 = CIRCLE('',#115,5.15);
#115 = AXIS2_PLACEMENT_2D('',#116,#117);
#116 = CARTESIAN_POINT('',(-5.529132197927E-17,-3.982835337493E-16));
#117 = DIRECTION('',(0.,-1.));
#118 = ( GEOMETRIC_REPRESENTATION_CONTEXT(2) 
PARAMETRIC_REPRESENTATION_CONTEXT() REPRESENTATION_CONTEXT('2D SPACE',''
  ) );
#119 = ORIENTED_EDGE('',*,*,#63,.F.);
#120 = ORIENTED_EDGE('',*,*,#121,.F.);
#121 = EDGE_CURVE('',#64,#64,#122,.T.);
#122 = SURFACE_CURVE('',#123,(#128,#135),.PCURVE_S1.);
#123 = CIRCLE('',#124,5.15);
#124 = AXIS2_PLACEMENT_3D('',#125,#126,#127);
#125 = CARTESIAN_POINT('',(41.,0.,0.));
#126 = DIRECTION('',(1.,0.,0.));
#127 = DIRECTION('',(0.,1.,0.));
#128 = PCURVE('',#74,#129);
#129 = DEFINITIONAL_REPRESENTATION('',(#130),#134);
#130 = LINE('',#131,#132);
#131 = CARTESIAN_POINT('',(-0.,0.));
#132 = VECTOR('',#133,1.);
#133 = DIRECTION('',(-1.,0.));
#134 = ( GEOMETRIC_REPRESENTATION_CONTEXT(2) 
PARAMETRIC_REPRESENTATION_CONTEXT() REPRESENTATION_CONTEXT('2D SPACE',''
  ) );
#135 = PCURVE('',#136,#141);
#136 = PLANE('',#137);
#137 = AXIS2_PLACEMENT_3D('',#138,#139,#140);
#138 = CARTESIAN_POINT('',(41.,-3.982835337493E-16,5.529132197927E-17));
#139 = DIRECTION('',(1.,0.,0.));
#140 = DIRECTION('',(-0.,0.,1.));
#141 = DEFINITIONAL_REPRESENTATION('',(#142),#146);
#142 = CIRCLE('',#143,5.15);
#143 = AXIS2_PLACEMENT_2D('',#144,#145);
#144 = CARTESIAN_POINT('',(-5.529132197927E-17,-3.982835337493E-16));
#145 = DIRECTION('',(0.,-1.));
#146 = ( GEOMETRIC_REPRESENTATION_CONTEXT(2) 
PARAMETRIC_REPRESENTATION_CONTEXT() REPRESENTATION_CONTEXT('2D SPACE',''
  ) );
#147 = ADVANCED_FACE('',(#148,#151),#136,.F.);
#148 = FACE_BOUND('',#149,.F.);
#149 = EDGE_LOOP('',(#150));
#150 = ORIENTED_EDGE('',*,*,#121,.T.);
#151 = FACE_BOUND('',#152,.F.);
#152 = EDGE_LOOP('',(#153));
#153 = ORIENTED_EDGE('',*,*,#154,.F.);
#154 = EDGE_CURVE('',#155,#155,#157,.T.);
#155 = VERTEX_POINT('',#156);
#156 = CARTESIAN_POINT('',(41.,5.,0.));
#157 = SURFACE_CURVE('',#158,(#163,#170),.PCURVE_S1.);
#158 = CIRCLE('',#159,5.);
#159 = AXIS2_PLACEMENT_3D('',#160,#161,#162);
#160 = CARTESIAN_POINT('',(41.,0.,0.));
#161 = DIRECTION('',(1.,0.,0.));
#162 = DIRECTION('',(0.,1.,0.));
#163 = PCURVE('',#136,#164);
#164 = DEFINITIONAL_REPRESENTATION('',(#165),#169);
#165 = CIRCLE('',#166,5.);
#166 = AXIS2_PLACEMENT_2D('',#167,#168);
#167 = CARTESIAN_POINT('',(-5.529132197927E-17,-3.982835337493E-16));
#168 = DIRECTION('',(0.,-1.));
#169 = ( GEOMETRIC_REPRESENTATION_CONTEXT(2) 
PARAMETRIC_REPRESENTATION_CONTEXT() REPRESENTATION_CONTEXT('2D SPACE',''
  ) );
#170 = PCURVE('',#171,#176);
#171 = CYLINDRICAL_SURFACE('',#172,5.);
#172 = AXIS2_PLACEMENT_3D('',#173,#174,#175);
#173 = CARTESIAN_POINT('',(38.,0.,0.));
#174 = DIRECTION('',(-1.,-0.,-0.));
#175 = DIRECTION('',(0.,1.,0.));
#176 = DEFINITIONAL_REPRESENTATION('',(#177),#181);
#177 = LINE('',#178,#179);
#178 = CARTESIAN_POINT('',(-0.,-3.));
#179 = VECTOR('',#180,1.);
#180 = DIRECTION('',(-1.,0.));
#181 = ( GEOMETRIC_REPRESENTATION_CONTEXT(2) 
PARAMETRIC_REPRESENTATION_CONTEXT() REPRESENTATION_CONTEXT('2D SPACE',''
  ) );
#182 = ADVANCED_FACE('',(#183,#186),#108,.T.);
#183 = FACE_BOUND('',#184,.T.);
#184 = EDGE_LOOP('',(#185));
#185 = ORIENTED_EDGE('',*,*,#93,.T.);
#186 = FACE_BOUND('',#187,.T.);
#187 = EDGE_LOOP('',(#188));
#188 = ORIENTED_EDGE('',*,*,#189,.T.);
#189 = EDGE_CURVE('',#190,#190,#192,.T.);
#190 = VERTEX_POINT('',#191);
#191 = CARTESIAN_POINT('',(44.,3.75,0.));
#192 = SURFACE_CURVE('',#193,(#198,#209),.PCURVE_S1.);
#193 = CIRCLE('',#194,3.75);
#194 = AXIS2_PLACEMENT_3D('',#195,#196,#197);
#195 = CARTESIAN_POINT('',(44.,0.,0.));
#196 = DIRECTION('',(-1.,0.,0.));
#197 = DIRECTION('',(0.,1.,0.));
#198 = PCURVE('',#108,#199);
#199 = DEFINITIONAL_REPRESENTATION('',(#200),#208);
#200 = ( BOUNDED_CURVE() B_SPLINE_CURVE(2,(#201,#202,#203,#204,#205,#206
,#207),.UNSPECIFIED.,.T.,.F.) B_SPLINE_CURVE_WITH_KNOTS((1,2,2,2,2,1),(
    -2.094395102393,0.,2.094395102393,4.188790204786,6.28318530718,
8.377580409573),.UNSPECIFIED.) CURVE() GEOMETRIC_REPRESENTATION_ITEM() 
RATIONAL_B_SPLINE_CURVE((1.,0.5,1.,0.5,1.,0.5,1.)) REPRESENTATION_ITEM(
  '') );
#201 = CARTESIAN_POINT('',(-5.529132197927E-17,-3.75));
#202 = CARTESIAN_POINT('',(-6.495190528383,-3.75));
#203 = CARTESIAN_POINT('',(-3.247595264192,1.875));
#204 = CARTESIAN_POINT('',(-9.737764213398E-16,7.5));
#205 = CARTESIAN_POINT('',(3.247595264192,1.875));
#206 = CARTESIAN_POINT('',(6.495190528383,-3.75));
#207 = CARTESIAN_POINT('',(-5.529132197927E-17,-3.75));
#208 = ( GEOMETRIC_REPRESENTATION_CONTEXT(2) 
PARAMETRIC_REPRESENTATION_CONTEXT() REPRESENTATION_CONTEXT('2D SPACE',''
  ) );
#209 = PCURVE('',#210,#215);
#210 = CYLINDRICAL_SURFACE('',#211,3.75);
#211 = AXIS2_PLACEMENT_3D('',#212,#213,#214);
#212 = CARTESIAN_POINT('',(30.,0.,0.));
#213 = DIRECTION('',(-1.,-0.,-0.));
#214 = DIRECTION('',(0.,1.,0.));
#215 = DEFINITIONAL_REPRESENTATION('',(#216),#220);
#216 = LINE('',#217,#218);
#217 = CARTESIAN_POINT('',(-6.28318530718,-14.));
#218 = VECTOR('',#219,1.);
#219 = DIRECTION('',(1.,-0.));
#220 = ( GEOMETRIC_REPRESENTATION_CONTEXT(2) 
PARAMETRIC_REPRESENTATION_CONTEXT() REPRESENTATION_CONTEXT('2D SPACE',''
  ) );
#221 = ADVANCED_FACE('',(#222),#171,.T.);
#222 = FACE_BOUND('',#223,.F.);
#223 = EDGE_LOOP('',(#224,#247,#248,#249));
#224 = ORIENTED_EDGE('',*,*,#225,.T.);
#225 = EDGE_CURVE('',#226,#155,#228,.T.);
#226 = VERTEX_POINT('',#227);
#227 = CARTESIAN_POINT('',(38.,5.,0.));
#228 = SEAM_CURVE('',#229,(#233,#240),.PCURVE_S1.);
#229 = LINE('',#230,#231);
#230 = CARTESIAN_POINT('',(38.,5.,0.));
#231 = VECTOR('',#232,1.);
#232 = DIRECTION('',(1.,0.,0.));
#233 = PCURVE('',#171,#234);
#234 = DEFINITIONAL_REPRESENTATION('',(#235),#239);
#235 = LINE('',#236,#237);
#236 = CARTESIAN_POINT('',(-0.,0.));
#237 = VECTOR('',#238,1.);
#238 = DIRECTION('',(-0.,-1.));
#239 = ( GEOMETRIC_REPRESENTATION_CONTEXT(2) 
PARAMETRIC_REPRESENTATION_CONTEXT() REPRESENTATION_CONTEXT('2D SPACE',''
  ) );
#240 = PCURVE('',#171,#241);
#241 = DEFINITIONAL_REPRESENTATION('',(#242),#246);
#242 = LINE('',#243,#244);
#243 = CARTESIAN_POINT('',(-6.28318530718,0.));
#244 = VECTOR('',#245,1.);
#245 = DIRECTION('',(-0.,-1.));
#246 = ( GEOMETRIC_REPRESENTATION_CONTEXT(2) 
PARAMETRIC_REPRESENTATION_CONTEXT() REPRESENTATION_CONTEXT('2D SPACE',''
  ) );
#247 = ORIENTED_EDGE('',*,*,#154,.T.);
#248 = ORIENTED_EDGE('',*,*,#225,.F.);
#249 = ORIENTED_EDGE('',*,*,#250,.F.);
#250 = EDGE_CURVE('',#226,#226,#251,.T.);
#251 = SURFACE_CURVE('',#252,(#257,#264),.PCURVE_S1.);
#252 = CIRCLE('',#253,5.);
#253 = AXIS2_PLACEMENT_3D('',#254,#255,#256);
#254 = CARTESIAN_POINT('',(38.,0.,0.));
#255 = DIRECTION('',(1.,0.,0.));
#256 = DIRECTION('',(0.,1.,0.));
#257 = PCURVE('',#171,#258);
#258 = DEFINITIONAL_REPRESENTATION('',(#259),#263);
#259 = LINE('',#260,#261);
#260 = CARTESIAN_POINT('',(-0.,0.));
#261 = VECTOR('',#262,1.);
#262 = DIRECTION('',(-1.,0.));
#263 = ( GEOMETRIC_REPRESENTATION_CONTEXT(2) 
PARAMETRIC_REPRESENTATION_CONTEXT() REPRESENTATION_CONTEXT('2D SPACE',''
  ) );
#264 = PCURVE('',#265,#270);
#265 = PLANE('',#266);
#266 = AXIS2_PLACEMENT_3D('',#267,#268,#269);
#267 = CARTESIAN_POINT('',(38.,-3.982835337493E-16,5.529132197927E-17));
#268 = DIRECTION('',(1.,0.,0.));
#269 = DIRECTION('',(-0.,0.,1.));
#270 = DEFINITIONAL_REPRESENTATION('',(#271),#275);
#271 = CIRCLE('',#272,5.);
#272 = AXIS2_PLACEMENT_2D('',#273,#274);
#273 = CARTESIAN_POINT('',(-5.529132197927E-17,-3.982835337493E-16));
#274 = DIRECTION('',(0.,-1.));
#275 = ( GEOMETRIC_REPRESENTATION_CONTEXT(2) 
PARAMETRIC_REPRESENTATION_CONTEXT() REPRESENTATION_CONTEXT('2D SPACE',''
  ) );
#276 = ADVANCED_FACE('',(#277),#210,.F.);
#277 = FACE_BOUND('',#278,.T.);
#278 = EDGE_LOOP('',(#279,#280,#303,#334));
#279 = ORIENTED_EDGE('',*,*,#189,.F.);
#280 = ORIENTED_EDGE('',*,*,#281,.T.);
#281 = EDGE_CURVE('',#190,#282,#284,.T.);
#282 = VERTEX_POINT('',#283);
#283 = CARTESIAN_POINT('',(9.,3.75,0.));
#284 = SEAM_CURVE('',#285,(#289,#296),.PCURVE_S1.);
#285 = LINE('',#286,#287);
#286 = CARTESIAN_POINT('',(44.,3.75,0.));
#287 = VECTOR('',#288,1.);
#288 = DIRECTION('',(-1.,0.,0.));
#289 = PCURVE('',#210,#290);
#290 = DEFINITIONAL_REPRESENTATION('',(#291),#295);
#291 = LINE('',#292,#293);
#292 = CARTESIAN_POINT('',(-6.28318530718,-14.));
#293 = VECTOR('',#294,1.);
#294 = DIRECTION('',(0.,1.));
#295 = ( GEOMETRIC_REPRESENTATION_CONTEXT(2) 
PARAMETRIC_REPRESENTATION_CONTEXT() REPRESENTATION_CONTEXT('2D SPACE',''
  ) );
#296 = PCURVE('',#210,#297);
#297 = DEFINITIONAL_REPRESENTATION('',(#298),#302);
#298 = LINE('',#299,#300);
#299 = CARTESIAN_POINT('',(-0.,-14.));
#300 = VECTOR('',#301,1.);
#301 = DIRECTION('',(0.,1.));
#302 = ( GEOMETRIC_REPRESENTATION_CONTEXT(2) 
PARAMETRIC_REPRESENTATION_CONTEXT() REPRESENTATION_CONTEXT('2D SPACE',''
  ) );
#303 = ORIENTED_EDGE('',*,*,#304,.T.);
#304 = EDGE_CURVE('',#282,#282,#305,.T.);
#305 = SURFACE_CURVE('',#306,(#311,#318),.PCURVE_S1.);
#306 = CIRCLE('',#307,3.75);
#307 = AXIS2_PLACEMENT_3D('',#308,#309,#310);
#308 = CARTESIAN_POINT('',(9.,0.,0.));
#309 = DIRECTION('',(-1.,0.,0.));
#310 = DIRECTION('',(0.,1.,0.));
#311 = PCURVE('',#210,#312);
#312 = DEFINITIONAL_REPRESENTATION('',(#313),#317);
#313 = LINE('',#314,#315);
#314 = CARTESIAN_POINT('',(-6.28318530718,21.));
#315 = VECTOR('',#316,1.);
#316 = DIRECTION('',(1.,-0.));
#317 = ( GEOMETRIC_REPRESENTATION_CONTEXT(2) 
PARAMETRIC_REPRESENTATION_CONTEXT() REPRESENTATION_CONTEXT('2D SPACE',''
  ) );
#318 = PCURVE('',#319,#324);
#319 = PLANE('',#320);
#320 = AXIS2_PLACEMENT_3D('',#321,#322,#323);
#321 = CARTESIAN_POINT('',(9.,-1.025580099405E-15,1.398015239264E-15));
#322 = DIRECTION('',(1.,0.,0.));
#323 = DIRECTION('',(-0.,0.,1.));
#324 = DEFINITIONAL_REPRESENTATION('',(#325),#333);
#325 = ( BOUNDED_CURVE() B_SPLINE_CURVE(2,(#326,#327,#328,#329,#330,#331
,#332),.UNSPECIFIED.,.T.,.F.) B_SPLINE_CURVE_WITH_KNOTS((1,2,2,2,2,1),(
    -2.094395102393,0.,2.094395102393,4.188790204786,6.28318530718,
8.377580409573),.UNSPECIFIED.) CURVE() GEOMETRIC_REPRESENTATION_ITEM() 
RATIONAL_B_SPLINE_CURVE((1.,0.5,1.,0.5,1.,0.5,1.)) REPRESENTATION_ITEM(
  '') );
#326 = CARTESIAN_POINT('',(-1.398015239264E-15,-3.75));
#327 = CARTESIAN_POINT('',(-6.495190528383,-3.75));
#328 = CARTESIAN_POINT('',(-3.247595264192,1.875));
#329 = CARTESIAN_POINT('',(-2.316500338624E-15,7.5));
#330 = CARTESIAN_POINT('',(3.247595264192,1.875));
#331 = CARTESIAN_POINT('',(6.495190528383,-3.75));
#332 = CARTESIAN_POINT('',(-1.398015239264E-15,-3.75));
#333 = ( GEOMETRIC_REPRESENTATION_CONTEXT(2) 
PARAMETRIC_REPRESENTATION_CONTEXT() REPRESENTATION_CONTEXT('2D SPACE',''
  ) );
#334 = ORIENTED_EDGE('',*,*,#281,.F.);
#335 = ADVANCED_FACE('',(#336,#367),#265,.T.);
#336 = FACE_BOUND('',#337,.T.);
#337 = EDGE_LOOP('',(#338));
#338 = ORIENTED_EDGE('',*,*,#339,.T.);
#339 = EDGE_CURVE('',#340,#340,#342,.T.);
#340 = VERTEX_POINT('',#341);
#341 = CARTESIAN_POINT('',(38.,5.15,0.));
#342 = SURFACE_CURVE('',#343,(#348,#355),.PCURVE_S1.);
#343 = CIRCLE('',#344,5.15);
#344 = AXIS2_PLACEMENT_3D('',#345,#346,#347);
#345 = CARTESIAN_POINT('',(38.,0.,0.));
#346 = DIRECTION('',(1.,0.,0.));
#347 = DIRECTION('',(0.,1.,0.));
#348 = PCURVE('',#265,#349);
#349 = DEFINITIONAL_REPRESENTATION('',(#350),#354);
#350 = CIRCLE('',#351,5.15);
#351 = AXIS2_PLACEMENT_2D('',#352,#353);
#352 = CARTESIAN_POINT('',(-5.529132197927E-17,-3.982835337493E-16));
#353 = DIRECTION('',(0.,-1.));
#354 = ( GEOMETRIC_REPRESENTATION_CONTEXT(2) 
PARAMETRIC_REPRESENTATION_CONTEXT() REPRESENTATION_CONTEXT('2D SPACE',''
  ) );
#355 = PCURVE('',#356,#361);
#356 = CYLINDRICAL_SURFACE('',#357,5.15);
#357 = AXIS2_PLACEMENT_3D('',#358,#359,#360);
#358 = CARTESIAN_POINT('',(35.,0.,0.));
#359 = DIRECTION('',(-1.,-0.,-0.));
#360 = DIRECTION('',(0.,1.,0.));
#361 = DEFINITIONAL_REPRESENTATION('',(#362),#366);
#362 = LINE('',#363,#364);
#363 = CARTESIAN_POINT('',(-0.,-3.));
#364 = VECTOR('',#365,1.);
#365 = DIRECTION('',(-1.,0.));
#366 = ( GEOMETRIC_REPRESENTATION_CONTEXT(2) 
PARAMETRIC_REPRESENTATION_CONTEXT() REPRESENTATION_CONTEXT('2D SPACE',''
  ) );
#367 = FACE_BOUND('',#368,.T.);
#368 = EDGE_LOOP('',(#369));
#369 = ORIENTED_EDGE('',*,*,#250,.F.);
#370 = ADVANCED_FACE('',(#371,#428),#319,.F.);
#371 = FACE_BOUND('',#372,.F.);
#372 = EDGE_LOOP('',(#373,#404));
#373 = ORIENTED_EDGE('',*,*,#374,.T.);
#374 = EDGE_CURVE('',#375,#377,#379,.T.);
#375 = VERTEX_POINT('',#376);
#376 = CARTESIAN_POINT('',(9.,-13.22875655532,9.));
#377 = VERTEX_POINT('',#378);
#378 = CARTESIAN_POINT('',(9.,13.228756555323,9.));
#379 = SURFACE_CURVE('',#380,(#385,#392),.PCURVE_S1.);
#380 = CIRCLE('',#381,16.);
#381 = AXIS2_PLACEMENT_3D('',#382,#383,#384);
#382 = CARTESIAN_POINT('',(9.,0.,0.));
#383 = DIRECTION('',(1.,0.,0.));
#384 = DIRECTION('',(0.,-0.826797284708,0.5625));
#385 = PCURVE('',#319,#386);
#386 = DEFINITIONAL_REPRESENTATION('',(#387),#391);
#387 = CIRCLE('',#388,16.);
#388 = AXIS2_PLACEMENT_2D('',#389,#390);
#389 = CARTESIAN_POINT('',(-1.398015239264E-15,-1.025580099405E-15));
#390 = DIRECTION('',(0.5625,0.826797284708));
#391 = ( GEOMETRIC_REPRESENTATION_CONTEXT(2) 
PARAMETRIC_REPRESENTATION_CONTEXT() REPRESENTATION_CONTEXT('2D SPACE',''
  ) );
#392 = PCURVE('',#393,#398);
#393 = CYLINDRICAL_SURFACE('',#394,16.);
#394 = AXIS2_PLACEMENT_3D('',#395,#396,#397);
#395 = CARTESIAN_POINT('',(-9.,0.,0.));
#396 = DIRECTION('',(-1.,-0.,-0.));
#397 = DIRECTION('',(0.,1.,0.));
#398 = DEFINITIONAL_REPRESENTATION('',(#399),#403);
#399 = LINE('',#400,#401);
#400 = CARTESIAN_POINT('',(-2.544186236944,-18.));
#401 = VECTOR('',#402,1.);
#402 = DIRECTION('',(-1.,0.));
#403 = ( GEOMETRIC_REPRESENTATION_CONTEXT(2) 
PARAMETRIC_REPRESENTATION_CONTEXT() REPRESENTATION_CONTEXT('2D SPACE',''
  ) );
#404 = ORIENTED_EDGE('',*,*,#405,.T.);
#405 = EDGE_CURVE('',#377,#375,#406,.T.);
#406 = SURFACE_CURVE('',#407,(#411,#417),.PCURVE_S1.);
#407 = LINE('',#408,#409);
#408 = CARTESIAN_POINT('',(9.,-10.75,9.));
#409 = VECTOR('',#410,1.);
#410 = DIRECTION('',(0.,-1.,0.));
#411 = PCURVE('',#319,#412);
#412 = DEFINITIONAL_REPRESENTATION('',(#413),#416);
#413 = B_SPLINE_CURVE_WITH_KNOTS('',1,(#414,#415),.UNSPECIFIED.,.F.,.F.,
  (2,2),(-26.75,5.25),.PIECEWISE_BEZIER_KNOTS.);
#414 = CARTESIAN_POINT('',(9.,-16.));
#415 = CARTESIAN_POINT('',(9.,16.));
#416 = ( GEOMETRIC_REPRESENTATION_CONTEXT(2) 
PARAMETRIC_REPRESENTATION_CONTEXT() REPRESENTATION_CONTEXT('2D SPACE',''
  ) );
#417 = PCURVE('',#418,#423);
#418 = PLANE('',#419);
#419 = AXIS2_PLACEMENT_3D('',#420,#421,#422);
#420 = CARTESIAN_POINT('',(-29.,-21.5,9.));
#421 = DIRECTION('',(0.,0.,1.));
#422 = DIRECTION('',(1.,0.,0.));
#423 = DEFINITIONAL_REPRESENTATION('',(#424),#427);
#424 = B_SPLINE_CURVE_WITH_KNOTS('',1,(#425,#426),.UNSPECIFIED.,.F.,.F.,
  (2,2),(-26.75,5.25),.PIECEWISE_BEZIER_KNOTS.);
#425 = CARTESIAN_POINT('',(38.,37.5));
#426 = CARTESIAN_POINT('',(38.,5.5));
#427 = ( GEOMETRIC_REPRESENTATION_CONTEXT(2) 
PARAMETRIC_REPRESENTATION_CONTEXT() REPRESENTATION_CONTEXT('2D SPACE',''
  ) );
#428 = FACE_BOUND('',#429,.F.);
#429 = EDGE_LOOP('',(#430));
#430 = ORIENTED_EDGE('',*,*,#304,.T.);
#431 = ADVANCED_FACE('',(#432),#356,.T.);
#432 = FACE_BOUND('',#433,.F.);
#433 = EDGE_LOOP('',(#434,#457,#458,#459));
#434 = ORIENTED_EDGE('',*,*,#435,.T.);
#435 = EDGE_CURVE('',#436,#340,#438,.T.);
#436 = VERTEX_POINT('',#437);
#437 = CARTESIAN_POINT('',(35.,5.15,0.));
#438 = SEAM_CURVE('',#439,(#443,#450),.PCURVE_S1.);
#439 = LINE('',#440,#441);
#440 = CARTESIAN_POINT('',(35.,5.15,0.));
#441 = VECTOR('',#442,1.);
#442 = DIRECTION('',(1.,0.,0.));
#443 = PCURVE('',#356,#444);
#444 = DEFINITIONAL_REPRESENTATION('',(#445),#449);
#445 = LINE('',#446,#447);
#446 = CARTESIAN_POINT('',(-0.,0.));
#447 = VECTOR('',#448,1.);
#448 = DIRECTION('',(-0.,-1.));
#449 = ( GEOMETRIC_REPRESENTATION_CONTEXT(2) 
PARAMETRIC_REPRESENTATION_CONTEXT() REPRESENTATION_CONTEXT('2D SPACE',''
  ) );
#450 = PCURVE('',#356,#451);
#451 = DEFINITIONAL_REPRESENTATION('',(#452),#456);
#452 = LINE('',#453,#454);
#453 = CARTESIAN_POINT('',(-6.28318530718,0.));
#454 = VECTOR('',#455,1.);
#455 = DIRECTION('',(-0.,-1.));
#456 = ( GEOMETRIC_REPRESENTATION_CONTEXT(2) 
PARAMETRIC_REPRESENTATION_CONTEXT() REPRESENTATION_CONTEXT('2D SPACE',''
  ) );
#457 = ORIENTED_EDGE('',*,*,#339,.T.);
#458 = ORIENTED_EDGE('',*,*,#435,.F.);
#459 = ORIENTED_EDGE('',*,*,#460,.F.);
#460 = EDGE_CURVE('',#436,#436,#461,.T.);
#461 = SURFACE_CURVE('',#462,(#467,#474),.PCURVE_S1.);
#462 = CIRCLE('',#463,5.15);
#463 = AXIS2_PLACEMENT_3D('',#464,#465,#466);
#464 = CARTESIAN_POINT('',(35.,0.,0.));
#465 = DIRECTION('',(1.,0.,0.));
#466 = DIRECTION('',(0.,1.,0.));
#467 = PCURVE('',#356,#468);
#468 = DEFINITIONAL_REPRESENTATION('',(#469),#473);
#469 = LINE('',#470,#471);
#470 = CARTESIAN_POINT('',(-0.,0.));
#471 = VECTOR('',#472,1.);
#472 = DIRECTION('',(-1.,0.));
#473 = ( GEOMETRIC_REPRESENTATION_CONTEXT(2) 
PARAMETRIC_REPRESENTATION_CONTEXT() REPRESENTATION_CONTEXT('2D SPACE',''
  ) );
#474 = PCURVE('',#475,#480);
#475 = PLANE('',#476);
#476 = AXIS2_PLACEMENT_3D('',#477,#478,#479);
#477 = CARTESIAN_POINT('',(35.,-3.982835337493E-16,5.529132197927E-17));
#478 = DIRECTION('',(1.,0.,0.));
#479 = DIRECTION('',(-0.,0.,1.));
#480 = DEFINITIONAL_REPRESENTATION('',(#481),#485);
#481 = CIRCLE('',#482,5.15);
#482 = AXIS2_PLACEMENT_2D('',#483,#484);
#483 = CARTESIAN_POINT('',(-5.529132197927E-17,-3.982835337493E-16));
#484 = DIRECTION('',(0.,-1.));
#485 = ( GEOMETRIC_REPRESENTATION_CONTEXT(2) 
PARAMETRIC_REPRESENTATION_CONTEXT() REPRESENTATION_CONTEXT('2D SPACE',''
  ) );
#486 = ADVANCED_FACE('',(#487,#559),#393,.F.);
#487 = FACE_BOUND('',#488,.T.);
#488 = EDGE_LOOP('',(#489,#490,#511,#540));
#489 = ORIENTED_EDGE('',*,*,#374,.T.);
#490 = ORIENTED_EDGE('',*,*,#491,.T.);
#491 = EDGE_CURVE('',#377,#492,#494,.T.);
#492 = VERTEX_POINT('',#493);
#493 = CARTESIAN_POINT('',(-9.,13.228756555323,9.));
#494 = SURFACE_CURVE('',#495,(#499,#505),.PCURVE_S1.);
#495 = LINE('',#496,#497);
#496 = CARTESIAN_POINT('',(-9.,13.228756555323,9.));
#497 = VECTOR('',#498,1.);
#498 = DIRECTION('',(-1.,-0.,-0.));
#499 = PCURVE('',#393,#500);
#500 = DEFINITIONAL_REPRESENTATION('',(#501),#504);
#501 = B_SPLINE_CURVE_WITH_KNOTS('',1,(#502,#503),.UNSPECIFIED.,.F.,.F.,
  (2,2),(-18.,-0.),.PIECEWISE_BEZIER_KNOTS.);
#502 = CARTESIAN_POINT('',(-6.880591723825,-18.));
#503 = CARTESIAN_POINT('',(-6.880591723825,0.));
#504 = ( GEOMETRIC_REPRESENTATION_CONTEXT(2) 
PARAMETRIC_REPRESENTATION_CONTEXT() REPRESENTATION_CONTEXT('2D SPACE',''
  ) );
#505 = PCURVE('',#418,#506);
#506 = DEFINITIONAL_REPRESENTATION('',(#507),#510);
#507 = B_SPLINE_CURVE_WITH_KNOTS('',1,(#508,#509),.UNSPECIFIED.,.F.,.F.,
  (2,2),(-18.0000006,5.999999999062E-07),.PIECEWISE_BEZIER_KNOTS.);
#508 = CARTESIAN_POINT('',(38.0000006,34.728756555323));
#509 = CARTESIAN_POINT('',(19.9999994,34.728756555323));
#510 = ( GEOMETRIC_REPRESENTATION_CONTEXT(2) 
PARAMETRIC_REPRESENTATION_CONTEXT() REPRESENTATION_CONTEXT('2D SPACE',''
  ) );
#511 = ORIENTED_EDGE('',*,*,#512,.F.);
#512 = EDGE_CURVE('',#513,#492,#515,.T.);
#513 = VERTEX_POINT('',#514);
#514 = CARTESIAN_POINT('',(-9.,-13.22875655532,9.));
#515 = SURFACE_CURVE('',#516,(#521,#528),.PCURVE_S1.);
#516 = CIRCLE('',#517,16.);
#517 = AXIS2_PLACEMENT_3D('',#518,#519,#520);
#518 = CARTESIAN_POINT('',(-9.,0.,0.));
#519 = DIRECTION('',(1.,0.,0.));
#520 = DIRECTION('',(0.,-0.826797284708,0.5625));
#521 = PCURVE('',#393,#522);
#522 = DEFINITIONAL_REPRESENTATION('',(#523),#527);
#523 = LINE('',#524,#525);
#524 = CARTESIAN_POINT('',(-2.544186236944,0.));
#525 = VECTOR('',#526,1.);
#526 = DIRECTION('',(-1.,0.));
#527 = ( GEOMETRIC_REPRESENTATION_CONTEXT(2) 
PARAMETRIC_REPRESENTATION_CONTEXT() REPRESENTATION_CONTEXT('2D SPACE',''
  ) );
#528 = PCURVE('',#529,#534);
#529 = PLANE('',#530);
#530 = AXIS2_PLACEMENT_3D('',#531,#532,#533);
#531 = CARTESIAN_POINT('',(-9.,-1.025580099405E-15,1.398015239264E-15));
#532 = DIRECTION('',(1.,0.,0.));
#533 = DIRECTION('',(-0.,0.,1.));
#534 = DEFINITIONAL_REPRESENTATION('',(#535),#539);
#535 = CIRCLE('',#536,16.);
#536 = AXIS2_PLACEMENT_2D('',#537,#538);
#537 = CARTESIAN_POINT('',(-1.398015239264E-15,-1.025580099405E-15));
#538 = DIRECTION('',(0.5625,0.826797284708));
#539 = ( GEOMETRIC_REPRESENTATION_CONTEXT(2) 
PARAMETRIC_REPRESENTATION_CONTEXT() REPRESENTATION_CONTEXT('2D SPACE',''
  ) );
#540 = ORIENTED_EDGE('',*,*,#541,.F.);
#541 = EDGE_CURVE('',#375,#513,#542,.T.);
#542 = SURFACE_CURVE('',#543,(#547,#553),.PCURVE_S1.);
#543 = LINE('',#544,#545);
#544 = CARTESIAN_POINT('',(-9.,-13.22875655532,9.));
#545 = VECTOR('',#546,1.);
#546 = DIRECTION('',(-1.,-0.,-0.));
#547 = PCURVE('',#393,#548);
#548 = DEFINITIONAL_REPRESENTATION('',(#549),#552);
#549 = B_SPLINE_CURVE_WITH_KNOTS('',1,(#550,#551),.UNSPECIFIED.,.F.,.F.,
  (2,2),(-18.,-0.),.PIECEWISE_BEZIER_KNOTS.);
#550 = CARTESIAN_POINT('',(-2.544186236944,-18.));
#551 = CARTESIAN_POINT('',(-2.544186236944,0.));
#552 = ( GEOMETRIC_REPRESENTATION_CONTEXT(2) 
PARAMETRIC_REPRESENTATION_CONTEXT() REPRESENTATION_CONTEXT('2D SPACE',''
  ) );
#553 = PCURVE('',#418,#554);
#554 = DEFINITIONAL_REPRESENTATION('',(#555),#558);
#555 = B_SPLINE_CURVE_WITH_KNOTS('',1,(#556,#557),.UNSPECIFIED.,.F.,.F.,
  (2,2),(-18.0000006,5.999999999062E-07),.PIECEWISE_BEZIER_KNOTS.);
#556 = CARTESIAN_POINT('',(38.0000006,8.271243444677));
#557 = CARTESIAN_POINT('',(19.9999994,8.271243444677));
#558 = ( GEOMETRIC_REPRESENTATION_CONTEXT(2) 
PARAMETRIC_REPRESENTATION_CONTEXT() REPRESENTATION_CONTEXT('2D SPACE',''
  ) );
#559 = FACE_BOUND('',#560,.T.);
#560 = EDGE_LOOP('',(#561));
#561 = ORIENTED_EDGE('',*,*,#562,.F.);
#562 = EDGE_CURVE('',#563,#563,#565,.T.);
#563 = VERTEX_POINT('',#564);
#564 = CARTESIAN_POINT('',(3.18,0.,-16.));
#565 = SURFACE_CURVE('',#566,(#629,#695),.PCURVE_S1.);
#566 = B_SPLINE_CURVE_WITH_KNOTS('',7,(#567,#568,#569,#570,#571,#572,
    #573,#574,#575,#576,#577,#578,#579,#580,#581,#582,#583,#584,#585,
    #586,#587,#588,#589,#590,#591,#592,#593,#594,#595,#596,#597,#598,
    #599,#600,#601,#602,#603,#604,#605,#606,#607,#608,#609,#610,#611,
    #612,#613,#614,#615,#616,#617,#618,#619,#620,#621,#622,#623,#624,
    #625,#626,#627,#628),.UNSPECIFIED.,.T.,.F.,(8,6,6,6,6,6,6,6,6,6,8),(
    0.,7.548250985366E-02,0.17329409877,0.348298276954,0.456484077231,
    0.550081937427,0.651424581049,0.749837336029,0.852532313988,
    0.953090520126,1.),.UNSPECIFIED.);
#567 = CARTESIAN_POINT('',(3.18,-1.7763568394E-15,-16.));
#568 = CARTESIAN_POINT('',(3.18,0.26140050264,-16.));
#569 = CARTESIAN_POINT('',(3.1549312134,0.520540344323,-15.99501823102)
  );
#570 = CARTESIAN_POINT('',(3.105574285191,0.773587483641,-15.9852063195)
  );
#571 = CARTESIAN_POINT('',(3.033659554017,1.016873621559,-15.97115380609
    ));
#572 = CARTESIAN_POINT('',(2.941829259385,1.24710325697,-15.95381112081)
  );
#573 = CARTESIAN_POINT('',(2.833619937196,1.461539114812,-15.9343335123)
  );
#574 = CARTESIAN_POINT('',(2.557766087446,1.912953927487,-15.88729775673
    ));
#575 = CARTESIAN_POINT('',(2.38019935937,2.140797418555,-15.85874635223)
  );
#576 = CARTESIAN_POINT('',(2.18592521288,2.34201190954,-15.82995703847)
  );
#577 = CARTESIAN_POINT('',(1.978868560352,2.517432096527,-15.80233516851
    ));
#578 = CARTESIAN_POINT('',(1.762051884152,2.668057538615,-15.77689394835
    ));
#579 = CARTESIAN_POINT('',(1.537803445307,2.794849061402,-15.75436275462
    ));
#580 = CARTESIAN_POINT('',(0.896537942088,3.084199075434,-15.70106163134
    ));
#581 = CARTESIAN_POINT('',(0.467103207349,3.195994005705,-15.6778274218)
  );
#582 = CARTESIAN_POINT('',(2.969173158216E-02,3.238486841172,
    -15.66847166322));
#583 = CARTESIAN_POINT('',(-0.409164740842,3.213291714775,
    -15.67391316989));
#584 = CARTESIAN_POINT('',(-0.84272375245,3.119706340987,-15.69388858588
    ));
#585 = CARTESIAN_POINT('',(-1.263314383185,2.954752549153,
    -15.72670916348));
#586 = CARTESIAN_POINT('',(-1.902255924813,2.564303500795,
    -15.79389931505));
#587 = CARTESIAN_POINT('',(-2.137794381589,2.385186289493,-15.8230275024
    ));
#588 = CARTESIAN_POINT('',(-2.360792671693,2.174861357667,
    -15.85461823631));
#589 = CARTESIAN_POINT('',(-2.566409246024,1.932390058731,-15.8871805004
    ));
#590 = CARTESIAN_POINT('',(-2.748835235891,1.657339887895,
    -15.91868356601));
#591 = CARTESIAN_POINT('',(-2.901067279628,1.350131919911,
    -15.94651694999));
#592 = CARTESIAN_POINT('',(-3.112467474985,0.720931210851,
    -15.98642489685));
#593 = CARTESIAN_POINT('',(-3.181161767945,0.407277105949,
    -16.00006958091));
#594 = CARTESIAN_POINT('',(-3.21278445938,8.030441393811E-02,
    -16.00666534558));
#595 = CARTESIAN_POINT('',(-3.203866490933,-0.250020724065,
    -16.00481683817));
#596 = CARTESIAN_POINT('',(-3.154995428194,-0.573310851115,
    -15.99476668866));
#597 = CARTESIAN_POINT('',(-3.070814340973,-0.879888984781,-15.978287819
    ));
#598 = CARTESIAN_POINT('',(-2.840388105787,-1.467005456864,
    -15.93554356244));
#599 = CARTESIAN_POINT('',(-2.688961136217,-1.744874848068,
    -15.90846656135));
#600 = CARTESIAN_POINT('',(-2.512808045881,-1.994255538516,
    -15.87878608833));
#601 = CARTESIAN_POINT('',(-2.317480280927,-2.215115437137,
    -15.8485402524));
#602 = CARTESIAN_POINT('',(-2.107539768865,-2.408003141445,
    -15.81930967648));
#603 = CARTESIAN_POINT('',(-1.886747017986,-2.573780796473,
    -15.79226842125));
#604 = CARTESIAN_POINT('',(-1.436189376333,-2.849110839917,
    -15.74488844317));
#605 = CARTESIAN_POINT('',(-1.206109070459,-2.960614848093,
    -15.72429859861));
#606 = CARTESIAN_POINT('',(-0.970212036902,-3.048856389836,
    -15.70719983367));
#607 = CARTESIAN_POINT('',(-0.730282587354,-3.114541414354,
    -15.6940780764));
#608 = CARTESIAN_POINT('',(-0.487766005535,-3.15817032344,
    -15.68523058244));
#609 = CARTESIAN_POINT('',(-0.24392686548,-3.18,-15.68080355083));
#610 = CARTESIAN_POINT('',(0.254540827346,-3.18,-15.68080355083));
#611 = CARTESIAN_POINT('',(0.508952185567,-3.156229963684,
    -15.68562414791));
#612 = CARTESIAN_POINT('',(0.761864279908,-3.108731651862,
    -15.69525612509));
#613 = CARTESIAN_POINT('',(1.01183759375,-3.037202565776,-15.70952627399
    ));
#614 = CARTESIAN_POINT('',(1.257220596362,-2.941042860261,
    -15.72808347399));
#615 = CARTESIAN_POINT('',(1.495950507539,-2.819410182394,
    -15.75034911348));
#616 = CARTESIAN_POINT('',(1.949871721475,-2.526236779142,
    -15.79999269661));
#617 = CARTESIAN_POINT('',(2.166406656109,-2.355169066782,
    -15.82735933346));
#618 = CARTESIAN_POINT('',(2.37162075755,-2.157100496913,-15.85667487467
    ));
#619 = CARTESIAN_POINT('',(2.561576583312,-1.93129566166,-15.88671121875
    ));
#620 = CARTESIAN_POINT('',(2.731595800139,-1.677402452922,-15.9158376082
    ));
#621 = CARTESIAN_POINT('',(2.876090314737,-1.395704796468,
    -15.94199995225));
#622 = CARTESIAN_POINT('',(3.040531184874,-0.94390721893,-15.97278277492
    ));
#623 = CARTESIAN_POINT('',(3.085726834832,-0.794642675183,
    -15.98143619398));
#624 = CARTESIAN_POINT('',(3.122878141181,-0.640746523229,
    -15.98868191036));
#625 = CARTESIAN_POINT('',(3.151270108619,-0.483232399511,
    -15.99428986467));
#626 = CARTESIAN_POINT('',(3.170404125325,-0.323183922123,
    -15.99809284797));
#627 = CARTESIAN_POINT('',(3.18,-0.161726713229,-16.));
#628 = CARTESIAN_POINT('',(3.18,-1.7763568394E-15,-16.));
#629 = PCURVE('',#393,#630);
#630 = DEFINITIONAL_REPRESENTATION('',(#631),#694);
#631 = B_SPLINE_CURVE_WITH_KNOTS('',7,(#632,#633,#634,#635,#636,#637,
    #638,#639,#640,#641,#642,#643,#644,#645,#646,#647,#648,#649,#650,
    #651,#652,#653,#654,#655,#656,#657,#658,#659,#660,#661,#662,#663,
    #664,#665,#666,#667,#668,#669,#670,#671,#672,#673,#674,#675,#676,
    #677,#678,#679,#680,#681,#682,#683,#684,#685,#686,#687,#688,#689,
    #690,#691,#692,#693),.UNSPECIFIED.,.T.,.F.,(8,6,6,6,6,6,6,6,6,6,8),(
    0.,7.548250985366E-02,0.17329409877,0.348298276954,0.456484077231,
    0.550081937427,0.651424581049,0.749837336029,0.852532313988,
    0.953090520126,1.),.UNSPECIFIED.);
#632 = CARTESIAN_POINT('',(-4.712388980385,-12.18));
#633 = CARTESIAN_POINT('',(-4.7287265118,-12.18));
#634 = CARTESIAN_POINT('',(-4.744922759431,-12.15493121339));
#635 = CARTESIAN_POINT('',(-4.760745297408,-12.10557428519));
#636 = CARTESIAN_POINT('',(-4.775971554889,-12.03365955401));
#637 = CARTESIAN_POINT('',(-4.790398815648,-11.94182925938));
#638 = CARTESIAN_POINT('',(-4.803855058862,-11.83361993719));
#639 = CARTESIAN_POINT('',(-4.832221225949,-11.55776608744));
#640 = CARTESIAN_POINT('',(-4.84656969742,-11.38019935937));
#641 = CARTESIAN_POINT('',(-4.859271073764,-11.18592521288));
#642 = CARTESIAN_POINT('',(-4.87036852884,-10.97886856035));
#643 = CARTESIAN_POINT('',(-4.879915367748,-10.76205188415));
#644 = CARTESIAN_POINT('',(-4.887963827706,-10.5378034453));
#645 = CARTESIAN_POINT('',(-4.906352474887,-9.896537942088));
#646 = CARTESIAN_POINT('',(-4.913487147306,-9.46710320735));
#647 = CARTESIAN_POINT('',(-4.916207433067,-9.029691731582));
#648 = CARTESIAN_POINT('',(-4.914596255935,-8.590835259158));
#649 = CARTESIAN_POINT('',(-4.908614515467,-8.15727624755));
#650 = CARTESIAN_POINT('',(-4.898106325657,-7.736685616815));
#651 = CARTESIAN_POINT('',(-4.873344572148,-7.097744075187));
#652 = CARTESIAN_POINT('',(-4.862003159153,-6.862205618411));
#653 = CARTESIAN_POINT('',(-4.84871207829,-6.639207328308));
#654 = CARTESIAN_POINT('',(-4.833425275507,-6.433590753975));
#655 = CARTESIAN_POINT('',(-4.816129040533,-6.251164764109));
#656 = CARTESIAN_POINT('',(-4.796856939911,-6.098932720372));
#657 = CARTESIAN_POINT('',(-4.757452874423,-5.887532525015));
#658 = CARTESIAN_POINT('',(-4.737834821846,-5.818838232055));
#659 = CARTESIAN_POINT('',(-4.717403950459,-5.78721554062));
#660 = CARTESIAN_POINT('',(-4.696770860495,-5.796133509066));
#661 = CARTESIAN_POINT('',(-4.676563926117,-5.845004571806));
#662 = CARTESIAN_POINT('',(-4.657378590966,-5.929185659027));
#663 = CARTESIAN_POINT('',(-4.620586691846,-6.159611894213));
#664 = CARTESIAN_POINT('',(-4.603142820815,-6.311038863783));
#665 = CARTESIAN_POINT('',(-4.587451522364,-6.487191954119));
#666 = CARTESIAN_POINT('',(-4.573521789118,-6.682519719073));
#667 = CARTESIAN_POINT('',(-4.561329995437,-6.892460231135));
#668 = CARTESIAN_POINT('',(-4.550832351276,-7.113252982014));
#669 = CARTESIAN_POINT('',(-4.533371290228,-7.563810623667));
#670 = CARTESIAN_POINT('',(-4.526284994008,-7.793890929541));
#671 = CARTESIAN_POINT('',(-4.520667524132,-8.029787963098));
#672 = CARTESIAN_POINT('',(-4.516481100964,-8.269717412646));
#673 = CARTESIAN_POINT('',(-4.513698800811,-8.512233994465));
#674 = CARTESIAN_POINT('',(-4.512306669775,-8.75607313452));
#675 = CARTESIAN_POINT('',(-4.512306669775,-9.254540827346));
#676 = CARTESIAN_POINT('',(-4.513822544397,-9.508952185567));
#677 = CARTESIAN_POINT('',(-4.516851597625,-9.761864279908));
#678 = CARTESIAN_POINT('',(-4.521410257963,-10.01183759375));
#679 = CARTESIAN_POINT('',(-4.527530857213,-10.25722059636));
#680 = CARTESIAN_POINT('',(-4.535258541729,-10.49595050753));
#681 = CARTESIAN_POINT('',(-4.553842717807,-10.94987172147));
#682 = CARTESIAN_POINT('',(-4.564669952559,-11.16640665611));
#683 = CARTESIAN_POINT('',(-4.577182635597,-11.37162075754));
#684 = CARTESIAN_POINT('',(-4.591416672646,-11.56157658331));
#685 = CARTESIAN_POINT('',(-4.607383801926,-11.73159580013));
#686 = CARTESIAN_POINT('',(-4.625060328743,-11.87609031473));
#687 = CARTESIAN_POINT('',(-4.653363143949,-12.04053118487));
#688 = CARTESIAN_POINT('',(-4.66270736446,-12.08572683483));
#689 = CARTESIAN_POINT('',(-4.672335597904,-12.12287814118));
#690 = CARTESIAN_POINT('',(-4.682185271137,-12.15127010861));
#691 = CARTESIAN_POINT('',(-4.692189984341,-12.17040412532));
#692 = CARTESIAN_POINT('',(-4.702281060808,-12.18));
#693 = CARTESIAN_POINT('',(-4.712388980385,-12.18));
#694 = ( GEOMETRIC_REPRESENTATION_CONTEXT(2) 
PARAMETRIC_REPRESENTATION_CONTEXT() REPRESENTATION_CONTEXT('2D SPACE',''
  ) );
#695 = PCURVE('',#696,#701);
#696 = CYLINDRICAL_SURFACE('',#697,3.18);
#697 = AXIS2_PLACEMENT_3D('',#698,#699,#700);
#698 = CARTESIAN_POINT('',(0.,0.,-20.));
#699 = DIRECTION('',(-0.,-0.,-1.));
#700 = DIRECTION('',(1.,0.,0.));
#701 = DEFINITIONAL_REPRESENTATION('',(#702),#765);
#702 = B_SPLINE_CURVE_WITH_KNOTS('',7,(#703,#704,#705,#706,#707,#708,
    #709,#710,#711,#712,#713,#714,#715,#716,#717,#718,#719,#720,#721,
    #722,#723,#724,#725,#726,#727,#728,#729,#730,#731,#732,#733,#734,
    #735,#736,#737,#738,#739,#740,#741,#742,#743,#744,#745,#746,#747,
    #748,#749,#750,#751,#752,#753,#754,#755,#756,#757,#758,#759,#760,
    #761,#762,#763,#764),.UNSPECIFIED.,.F.,.F.,(8,6,6,6,6,6,6,6,6,6,8),(
    0.,7.548250985366E-02,0.17329409877,0.348298276954,0.456484077231,
    0.550081937427,0.651424581049,0.749837336029,0.852532313988,
    0.953090520126,1.),.UNSPECIFIED.);
#703 = CARTESIAN_POINT('',(0.,-4.));
#704 = CARTESIAN_POINT('',(-8.220141592462E-02,-4.));
#705 = CARTESIAN_POINT('',(-0.163691847117,-4.004981768978));
#706 = CARTESIAN_POINT('',(-0.24417398971,-4.014793680494));
#707 = CARTESIAN_POINT('',(-0.323329432056,-4.028846193902));
#708 = CARTESIAN_POINT('',(-0.400786342797,-4.04618887919));
#709 = CARTESIAN_POINT('',(-0.476069412754,-4.065666487695));
#710 = CARTESIAN_POINT('',(-0.642430435313,-4.112702243265));
#711 = CARTESIAN_POINT('',(-0.73268406167,-4.141253647765));
#712 = CARTESIAN_POINT('',(-0.819883630207,-4.170042961523));
#713 = CARTESIAN_POINT('',(-0.904491720928,-4.197664831484));
#714 = CARTESIAN_POINT('',(-0.986936091666,-4.223106051648));
#715 = CARTESIAN_POINT('',(-1.067612580257,-4.245637245377));
#716 = CARTESIAN_POINT('',(-1.288846287216,-4.298938368657));
#717 = CARTESIAN_POINT('',(-1.426397524715,-4.322172578196));
#718 = CARTESIAN_POINT('',(-1.561937764655,-4.331528336777));
#719 = CARTESIAN_POINT('',(-1.697196268998,-4.326086830101));
#720 = CARTESIAN_POINT('',(-1.83390764695,-4.306111414116));
#721 = CARTESIAN_POINT('',(-1.973813486668,-4.27329083652));
#722 = CARTESIAN_POINT('',(-2.209284200601,-4.206100684946));
#723 = CARTESIAN_POINT('',(-2.301856543667,-4.176972497596));
#724 = CARTESIAN_POINT('',(-2.397371629917,-4.145381763681));
#725 = CARTESIAN_POINT('',(-2.496178816783,-4.112819499592));
#726 = CARTESIAN_POINT('',(-2.598727001249,-4.081316433982));
#727 = CARTESIAN_POINT('',(-2.705549459423,-4.053483050008));
#728 = CARTESIAN_POINT('',(-2.914280496664,-4.01357510315));
#729 = CARTESIAN_POINT('',(-3.014657660649,-3.999930419081));
#730 = CARTESIAN_POINT('',(-3.116774646677,-3.993334654416));
#731 = CARTESIAN_POINT('',(-3.21928665575,-3.995183161822));
#732 = CARTESIAN_POINT('',(-3.320947312672,-4.005233311331));
#733 = CARTESIAN_POINT('',(-3.420362565396,-4.021712180994));
#734 = CARTESIAN_POINT('',(-3.6187007629,-4.064456437553));
#735 = CARTESIAN_POINT('',(-3.717437938696,-4.091533438643));
#736 = CARTESIAN_POINT('',(-3.812465938363,-4.121213911664));
#737 = CARTESIAN_POINT('',(-3.904249243614,-4.151459747594));
#738 = CARTESIAN_POINT('',(-3.993188250075,-4.180690323518));
#739 = CARTESIAN_POINT('',(-4.079616642547,-4.207731578748));
#740 = CARTESIAN_POINT('',(-4.245661769739,-4.255111556827));
#741 = CARTESIAN_POINT('',(-4.325683340066,-4.275701401382));
#742 = CARTESIAN_POINT('',(-4.4043438844,-4.292800166323));
#743 = CARTESIAN_POINT('',(-4.482003977633,-4.305921923598));
#744 = CARTESIAN_POINT('',(-4.559003138005,-4.314769417558));
#745 = CARTESIAN_POINT('',(-4.635682418913,-4.319196449161));
#746 = CARTESIAN_POINT('',(-4.792433265714,-4.319196449161));
#747 = CARTESIAN_POINT('',(-4.872437261885,-4.314375852083));
#748 = CARTESIAN_POINT('',(-4.952805565999,-4.304743874907));
#749 = CARTESIAN_POINT('',(-5.033924670211,-4.29047372601));
#750 = CARTESIAN_POINT('',(-5.116182786565,-4.271916526002));
#751 = CARTESIAN_POINT('',(-5.199997936644,-4.249650886517));
#752 = CARTESIAN_POINT('',(-5.36992426412,-4.200007303381));
#753 = CARTESIAN_POINT('',(-5.456310005389,-4.172640666537));
#754 = CARTESIAN_POINT('',(-5.545283263917,-4.143325125323));
#755 = CARTESIAN_POINT('',(-5.637137269698,-4.113288781247));
#756 = CARTESIAN_POINT('',(-5.732238223976,-4.0841623918));
#757 = CARTESIAN_POINT('',(-5.831021130877,-4.058000047742));
#758 = CARTESIAN_POINT('',(-5.982213879203,-4.027217225078));
#759 = CARTESIAN_POINT('',(-6.031182619215,-4.018563806018));
#760 = CARTESIAN_POINT('',(-6.080836531788,-4.011318089638));
#761 = CARTESIAN_POINT('',(-6.131010564964,-4.005710135321));
#762 = CARTESIAN_POINT('',(-6.181555148151,-4.001907152027));
#763 = CARTESIAN_POINT('',(-6.232327850189,-4.));
#764 = CARTESIAN_POINT('',(-6.28318530718,-4.));
#765 = ( GEOMETRIC_REPRESENTATION_CONTEXT(2) 
PARAMETRIC_REPRESENTATION_CONTEXT() REPRESENTATION_CONTEXT('2D SPACE',''
  ) );
#766 = ADVANCED_FACE('',(#767),#418,.F.);
#767 = FACE_BOUND('',#768,.F.);
#768 = EDGE_LOOP('',(#769,#770,#789,#790));
#769 = ORIENTED_EDGE('',*,*,#491,.T.);
#770 = ORIENTED_EDGE('',*,*,#771,.T.);
#771 = EDGE_CURVE('',#492,#513,#772,.T.);
#772 = SURFACE_CURVE('',#773,(#777,#783),.PCURVE_S1.);
#773 = LINE('',#774,#775);
#774 = CARTESIAN_POINT('',(-9.,-10.75,9.));
#775 = VECTOR('',#776,1.);
#776 = DIRECTION('',(0.,-1.,0.));
#777 = PCURVE('',#418,#778);
#778 = DEFINITIONAL_REPRESENTATION('',(#779),#782);
#779 = B_SPLINE_CURVE_WITH_KNOTS('',1,(#780,#781),.UNSPECIFIED.,.F.,.F.,
  (2,2),(-26.75,5.25),.PIECEWISE_BEZIER_KNOTS.);
#780 = CARTESIAN_POINT('',(20.,37.5));
#781 = CARTESIAN_POINT('',(20.,5.5));
#782 = ( GEOMETRIC_REPRESENTATION_CONTEXT(2) 
PARAMETRIC_REPRESENTATION_CONTEXT() REPRESENTATION_CONTEXT('2D SPACE',''
  ) );
#783 = PCURVE('',#529,#784);
#784 = DEFINITIONAL_REPRESENTATION('',(#785),#788);
#785 = B_SPLINE_CURVE_WITH_KNOTS('',1,(#786,#787),.UNSPECIFIED.,.F.,.F.,
  (2,2),(-26.75,5.25),.PIECEWISE_BEZIER_KNOTS.);
#786 = CARTESIAN_POINT('',(9.,-16.));
#787 = CARTESIAN_POINT('',(9.,16.));
#788 = ( GEOMETRIC_REPRESENTATION_CONTEXT(2) 
PARAMETRIC_REPRESENTATION_CONTEXT() REPRESENTATION_CONTEXT('2D SPACE',''
  ) );
#789 = ORIENTED_EDGE('',*,*,#541,.F.);
#790 = ORIENTED_EDGE('',*,*,#405,.F.);
#791 = ADVANCED_FACE('',(#792,#795),#475,.F.);
#792 = FACE_BOUND('',#793,.F.);
#793 = EDGE_LOOP('',(#794));
#794 = ORIENTED_EDGE('',*,*,#460,.T.);
#795 = FACE_BOUND('',#796,.F.);
#796 = EDGE_LOOP('',(#797));
#797 = ORIENTED_EDGE('',*,*,#798,.F.);
#798 = EDGE_CURVE('',#799,#799,#801,.T.);
#799 = VERTEX_POINT('',#800);
#800 = CARTESIAN_POINT('',(35.,5.,0.));
#801 = SURFACE_CURVE('',#802,(#807,#814),.PCURVE_S1.);
#802 = CIRCLE('',#803,5.);
#803 = AXIS2_PLACEMENT_3D('',#804,#805,#806);
#804 = CARTESIAN_POINT('',(35.,0.,0.));
#805 = DIRECTION('',(1.,0.,0.));
#806 = DIRECTION('',(0.,1.,0.));
#807 = PCURVE('',#475,#808);
#808 = DEFINITIONAL_REPRESENTATION('',(#809),#813);
#809 = CIRCLE('',#810,5.);
#810 = AXIS2_PLACEMENT_2D('',#811,#812);
#811 = CARTESIAN_POINT('',(-5.529132197927E-17,-3.982835337493E-16));
#812 = DIRECTION('',(0.,-1.));
#813 = ( GEOMETRIC_REPRESENTATION_CONTEXT(2) 
PARAMETRIC_REPRESENTATION_CONTEXT() REPRESENTATION_CONTEXT('2D SPACE',''
  ) );
#814 = PCURVE('',#815,#820);
#815 = CYLINDRICAL_SURFACE('',#816,5.);
#816 = AXIS2_PLACEMENT_3D('',#817,#818,#819);
#817 = CARTESIAN_POINT('',(30.,0.,0.));
#818 = DIRECTION('',(-1.,-0.,-0.));
#819 = DIRECTION('',(0.,1.,0.));
#820 = DEFINITIONAL_REPRESENTATION('',(#821),#825);
#821 = LINE('',#822,#823);
#822 = CARTESIAN_POINT('',(-0.,-5.));
#823 = VECTOR('',#824,1.);
#824 = DIRECTION('',(-1.,0.));
#825 = ( GEOMETRIC_REPRESENTATION_CONTEXT(2) 
PARAMETRIC_REPRESENTATION_CONTEXT() REPRESENTATION_CONTEXT('2D SPACE',''
  ) );
#826 = ADVANCED_FACE('',(#827,#831),#529,.T.);
#827 = FACE_BOUND('',#828,.T.);
#828 = EDGE_LOOP('',(#829,#830));
#829 = ORIENTED_EDGE('',*,*,#512,.T.);
#830 = ORIENTED_EDGE('',*,*,#771,.T.);
#831 = FACE_BOUND('',#832,.T.);
#832 = EDGE_LOOP('',(#833));
#833 = ORIENTED_EDGE('',*,*,#834,.T.);
#834 = EDGE_CURVE('',#835,#835,#837,.T.);
#835 = VERTEX_POINT('',#836);
#836 = CARTESIAN_POINT('',(-9.,3.75,0.));
#837 = SURFACE_CURVE('',#838,(#843,#854),.PCURVE_S1.);
#838 = CIRCLE('',#839,3.75);
#839 = AXIS2_PLACEMENT_3D('',#840,#841,#842);
#840 = CARTESIAN_POINT('',(-9.,0.,0.));
#841 = DIRECTION('',(-1.,0.,0.));
#842 = DIRECTION('',(0.,1.,0.));
#843 = PCURVE('',#529,#844);
#844 = DEFINITIONAL_REPRESENTATION('',(#845),#853);
#845 = ( BOUNDED_CURVE() B_SPLINE_CURVE(2,(#846,#847,#848,#849,#850,#851
,#852),.UNSPECIFIED.,.T.,.F.) B_SPLINE_CURVE_WITH_KNOTS((1,2,2,2,2,1),(
    -2.094395102393,0.,2.094395102393,4.188790204786,6.28318530718,
8.377580409573),.UNSPECIFIED.) CURVE() GEOMETRIC_REPRESENTATION_ITEM() 
RATIONAL_B_SPLINE_CURVE((1.,0.5,1.,0.5,1.,0.5,1.)) REPRESENTATION_ITEM(
  '') );
#846 = CARTESIAN_POINT('',(-1.398015239264E-15,-3.75));
#847 = CARTESIAN_POINT('',(-6.495190528383,-3.75));
#848 = CARTESIAN_POINT('',(-3.247595264192,1.875));
#849 = CARTESIAN_POINT('',(-2.316500338624E-15,7.5));
#850 = CARTESIAN_POINT('',(3.247595264192,1.875));
#851 = CARTESIAN_POINT('',(6.495190528383,-3.75));
#852 = CARTESIAN_POINT('',(-1.398015239264E-15,-3.75));
#853 = ( GEOMETRIC_REPRESENTATION_CONTEXT(2) 
PARAMETRIC_REPRESENTATION_CONTEXT() REPRESENTATION_CONTEXT('2D SPACE',''
  ) );
#854 = PCURVE('',#855,#860);
#855 = CYLINDRICAL_SURFACE('',#856,3.75);
#856 = AXIS2_PLACEMENT_3D('',#857,#858,#859);
#857 = CARTESIAN_POINT('',(-46.,0.,0.));
#858 = DIRECTION('',(-1.,-0.,-0.));
#859 = DIRECTION('',(0.,1.,0.));
#860 = DEFINITIONAL_REPRESENTATION('',(#861),#865);
#861 = LINE('',#862,#863);
#862 = CARTESIAN_POINT('',(-6.28318530718,-37.));
#863 = VECTOR('',#864,1.);
#864 = DIRECTION('',(1.,-0.));
#865 = ( GEOMETRIC_REPRESENTATION_CONTEXT(2) 
PARAMETRIC_REPRESENTATION_CONTEXT() REPRESENTATION_CONTEXT('2D SPACE',''
  ) );
#866 = ADVANCED_FACE('',(#867),#696,.F.);
#867 = FACE_BOUND('',#868,.T.);
#868 = EDGE_LOOP('',(#869,#1074,#1095,#1096));
#869 = ORIENTED_EDGE('',*,*,#870,.F.);
#870 = EDGE_CURVE('',#871,#871,#873,.T.);
#871 = VERTEX_POINT('',#872);
#872 = CARTESIAN_POINT('',(3.18,0.,-18.));
#873 = SURFACE_CURVE('',#874,(#937,#1003),.PCURVE_S1.);
#874 = B_SPLINE_CURVE_WITH_KNOTS('',7,(#875,#876,#877,#878,#879,#880,
    #881,#882,#883,#884,#885,#886,#887,#888,#889,#890,#891,#892,#893,
    #894,#895,#896,#897,#898,#899,#900,#901,#902,#903,#904,#905,#906,
    #907,#908,#909,#910,#911,#912,#913,#914,#915,#916,#917,#918,#919,
    #920,#921,#922,#923,#924,#925,#926,#927,#928,#929,#930,#931,#932,
    #933,#934,#935,#936),.UNSPECIFIED.,.T.,.F.,(8,6,6,6,6,6,6,6,6,6,8),(
    0.,7.91645075422E-02,0.177633316285,0.348359198758,0.4564983427,
    0.550122196284,0.651410767347,0.749877366748,0.848349456658,
    0.953101094569,1.),.UNSPECIFIED.);
#875 = CARTESIAN_POINT('',(3.18,-2.22044604925E-15,-18.));
#876 = CARTESIAN_POINT('',(3.18,0.274261027699,-18.));
#877 = CARTESIAN_POINT('',(3.152403962084,0.54584632435,-17.99512464496)
  );
#878 = CARTESIAN_POINT('',(3.098180631997,0.810446605496,-17.98554548427
    ));
#879 = CARTESIAN_POINT('',(3.019379417978,1.0639670028,-17.97188134238)
  );
#880 = CARTESIAN_POINT('',(2.919076310055,1.302771904107,-17.9551454038)
  );
#881 = CARTESIAN_POINT('',(2.801352534994,1.523909214359,-17.93651677041
    ));
#882 = CARTESIAN_POINT('',(2.509494683304,1.97579355607,-17.89300338445)
  );
#883 = CARTESIAN_POINT('',(2.326530503798,2.198946722444,-17.86739147311
    ));
#884 = CARTESIAN_POINT('',(2.127484845696,2.395197643853,-17.84184383421
    ));
#885 = CARTESIAN_POINT('',(1.916210165134,2.565459980417,-17.81757598726
    ));
#886 = CARTESIAN_POINT('',(1.695656900508,2.710779182269,-17.79544973673
    ));
#887 = CARTESIAN_POINT('',(1.468088704752,2.832133081069,-17.77607718708
    ));
#888 = CARTESIAN_POINT('',(0.831477924907,3.100487028127,-17.73180008559
    ));
#889 = CARTESIAN_POINT('',(0.411966215174,3.200893233676,-17.71327932167
    ));
#890 = CARTESIAN_POINT('',(-1.433931143643E-02,3.235627454985,
    -17.70650936885));
#891 = CARTESIAN_POINT('',(-0.441531128812,3.206091468581,
    -17.71213093158));
#892 = CARTESIAN_POINT('',(-0.863458762686,3.111481104493,
    -17.72988918561));
#893 = CARTESIAN_POINT('',(-1.272965935924,2.948854608048,
    -17.75840514228));
#894 = CARTESIAN_POINT('',(-1.90215145781,2.564367339251,-17.81703586988
    ));
#895 = CARTESIAN_POINT('',(-2.137712373955,2.385266507968,
    -17.84285556443));
#896 = CARTESIAN_POINT('',(-2.360782287407,2.174900736572,
    -17.87087988099));
#897 = CARTESIAN_POINT('',(-2.566460406017,1.932352912575,-17.8997846342
    ));
#898 = CARTESIAN_POINT('',(-2.748903733324,1.657233297531,
    -17.92776041167));
#899 = CARTESIAN_POINT('',(-2.901105087395,1.35001939081,-17.95247988836
    ));
#900 = CARTESIAN_POINT('',(-3.11250429307,0.720821627388,-17.98793848689
    ));
#901 = CARTESIAN_POINT('',(-3.181163940301,0.407188556154,
    -18.00006126747));
#902 = CARTESIAN_POINT('',(-3.212762492775,8.030585411077E-02,
    -18.0059218416));
#903 = CARTESIAN_POINT('',(-3.203854345084,-0.249912859365,
    -18.00427990331));
#904 = CARTESIAN_POINT('',(-3.155023733283,-0.573129663788,
    -17.99535161992));
#905 = CARTESIAN_POINT('',(-3.070879791946,-0.879722218421,
    -17.98071135258));
#906 = CARTESIAN_POINT('',(-2.840414452545,-1.466938326419,
    -17.94273112919));
#907 = CARTESIAN_POINT('',(-2.689000102499,-1.744823038073,
    -17.91868450204));
#908 = CARTESIAN_POINT('',(-2.512822935794,-1.99425958523,
    -17.89233079011));
#909 = CARTESIAN_POINT('',(-2.317441847341,-2.215174620552,
    -17.86548658596));
#910 = CARTESIAN_POINT('',(-2.107447777001,-2.408086081156,
    -17.83955935026));
#911 = CARTESIAN_POINT('',(-1.886647997847,-2.573841306421,
    -17.81559117812));
#912 = CARTESIAN_POINT('',(-1.436045623889,-2.849198685207,
    -17.77360174238));
#913 = CARTESIAN_POINT('',(-1.205872318429,-2.960721816148,
    -17.75535941797));
#914 = CARTESIAN_POINT('',(-0.969941997184,-3.048941702068,
    -17.74022253765));
#915 = CARTESIAN_POINT('',(-0.73003522726,-3.114590028307,-17.7286135565
    ));
#916 = CARTESIAN_POINT('',(-0.487584209405,-3.158186845933,
    -17.72078861834));
#917 = CARTESIAN_POINT('',(-0.243834582621,-3.18,-17.71687331331));
#918 = CARTESIAN_POINT('',(0.243848178866,-3.18,-17.71687331331));
#919 = CARTESIAN_POINT('',(0.487599977587,-3.158184354555,
    -17.72078907756));
#920 = CARTESIAN_POINT('',(0.730047319869,-3.114586422886,
    -17.72861418821));
#921 = CARTESIAN_POINT('',(0.969949227533,-3.048938719619,
    -17.74022303969));
#922 = CARTESIAN_POINT('',(1.205876100872,-2.960719965782,
    -17.75535972166));
#923 = CARTESIAN_POINT('',(1.436047574221,-2.849197493383,
    -17.77360192412));
#924 = CARTESIAN_POINT('',(1.894444641614,-2.569076876593,-17.8163177093
    ));
#925 = CARTESIAN_POINT('',(2.122654987272,-2.396653474912,
    -17.84121191421));
#926 = CARTESIAN_POINT('',(2.339228920376,-2.19505682296,-17.86818634831
    ));
#927 = CARTESIAN_POINT('',(2.539838988453,-1.963400989926,
    -17.89606410545));
#928 = CARTESIAN_POINT('',(2.719294750343,-1.701218486801,
    -17.92324622204));
#929 = CARTESIAN_POINT('',(2.871337493106,-1.408763066576,
    -17.94767101312));
#930 = CARTESIAN_POINT('',(3.040553749087,-0.943845224263,
    -17.97581442651));
#931 = CARTESIAN_POINT('',(3.085754030242,-0.794546304628,
    -17.98350483944));
#932 = CARTESIAN_POINT('',(3.122900404629,-0.640638653705,
    -17.98994364536));
#933 = CARTESIAN_POINT('',(3.151283657312,-0.483131847545,
    -17.99492671456));
#934 = CARTESIAN_POINT('',(3.170409274737,-0.323105946038,
    -17.99830566476));
#935 = CARTESIAN_POINT('',(3.18,-0.161683314183,-18.));
#936 = CARTESIAN_POINT('',(3.18,-2.22044604925E-15,-18.));
#937 = PCURVE('',#696,#938);
#938 = DEFINITIONAL_REPRESENTATION('',(#939),#1002);
#939 = B_SPLINE_CURVE_WITH_KNOTS('',7,(#940,#941,#942,#943,#944,#945,
    #946,#947,#948,#949,#950,#951,#952,#953,#954,#955,#956,#957,#958,
    #959,#960,#961,#962,#963,#964,#965,#966,#967,#968,#969,#970,#971,
    #972,#973,#974,#975,#976,#977,#978,#979,#980,#981,#982,#983,#984,
    #985,#986,#987,#988,#989,#990,#991,#992,#993,#994,#995,#996,#997,
    #998,#999,#1000,#1001),.UNSPECIFIED.,.F.,.F.,(8,6,6,6,6,6,6,6,6,6,8)
  ,(0.,7.91645075422E-02,0.177633316285,0.348359198758,0.4564983427,
    0.550122196284,0.651410767347,0.749877366748,0.848349456658,
    0.953101094569,1.),.UNSPECIFIED.);
#940 = CARTESIAN_POINT('',(0.,-2.));
#941 = CARTESIAN_POINT('',(-8.62456061946E-02,-2.));
#942 = CARTESIAN_POINT('',(-0.171649748157,-2.004875355036));
#943 = CARTESIAN_POINT('',(-0.255905403137,-2.014454515723));
#944 = CARTESIAN_POINT('',(-0.338679733107,-2.028118657614));
#945 = CARTESIAN_POINT('',(-0.419574794618,-2.044854596192));
#946 = CARTESIAN_POINT('',(-0.498075354887,-2.063483229588));
#947 = CARTESIAN_POINT('',(-0.667239175113,-2.106996615541));
#948 = CARTESIAN_POINT('',(-0.757403070536,-2.132608526881));
#949 = CARTESIAN_POINT('',(-0.844550566099,-2.158156165782));
#950 = CARTESIAN_POINT('',(-0.929148265378,-2.18242401274));
#951 = CARTESIAN_POINT('',(-1.011629243607,-2.204550263263));
#952 = CARTESIAN_POINT('',(-1.092395441441,-2.223922812911));
#953 = CARTESIAN_POINT('',(-1.309646919617,-2.268199914404));
#954 = CARTESIAN_POINT('',(-1.443474538348,-2.286720678321));
#955 = CARTESIAN_POINT('',(-1.575519641336,-2.293490631145));
#956 = CARTESIAN_POINT('',(-1.707421618645,-2.287869068417));
#957 = CARTESIAN_POINT('',(-1.840820222641,-2.270110814381));
#958 = CARTESIAN_POINT('',(-1.97737039738,-2.241594857714));
#959 = CARTESIAN_POINT('',(-2.209245701117,-2.182964130113));
#960 = CARTESIAN_POINT('',(-2.30182138959,-2.157144435562));
#961 = CARTESIAN_POINT('',(-2.397360841535,-2.12912011901));
#962 = CARTESIAN_POINT('',(-2.496197277335,-2.100215365796));
#963 = CARTESIAN_POINT('',(-2.598765640261,-2.072239588323));
#964 = CARTESIAN_POINT('',(-2.705586789826,-2.047520111632));
#965 = CARTESIAN_POINT('',(-2.914316849881,-2.01206151311));
#966 = CARTESIAN_POINT('',(-3.014684275911,-1.99993873253));
#967 = CARTESIAN_POINT('',(-3.116773686513,-1.994078158391));
#968 = CARTESIAN_POINT('',(-3.219253949068,-1.995720096687));
#969 = CARTESIAN_POINT('',(-3.320891025678,-2.004648380077));
#970 = CARTESIAN_POINT('',(-3.420306228807,-2.01928864742));
#971 = CARTESIAN_POINT('',(-3.618678085063,-2.057268870807));
#972 = CARTESIAN_POINT('',(-3.71741829325,-2.081315497952));
#973 = CARTESIAN_POINT('',(-3.812464243662,-2.107669209886));
#974 = CARTESIAN_POINT('',(-3.904270537849,-2.134513414032));
#975 = CARTESIAN_POINT('',(-3.99322653208,-2.160440649731));
#976 = CARTESIAN_POINT('',(-4.079653134685,-2.184408821872));
#977 = CARTESIAN_POINT('',(-4.245714747185,-2.226398257618));
#978 = CARTESIAN_POINT('',(-4.325764411113,-2.244640582023));
#979 = CARTESIAN_POINT('',(-4.404432063393,-2.259777462349));
#980 = CARTESIAN_POINT('',(-4.482082605586,-2.271386443498));
#981 = CARTESIAN_POINT('',(-4.559060304761,-2.279211381658));
#982 = CARTESIAN_POINT('',(-4.63571143868,-2.283126686687));
#983 = CARTESIAN_POINT('',(-4.789070797638,-2.283126686687));
#984 = CARTESIAN_POINT('',(-4.865722654867,-2.279210922432));
#985 = CARTESIAN_POINT('',(-4.942699265602,-2.271385811787));
#986 = CARTESIAN_POINT('',(-5.020348322548,-2.259776960306));
#987 = CARTESIAN_POINT('',(-5.099014887506,-2.244640278331));
#988 = CARTESIAN_POINT('',(-5.179063932345,-2.226398075876));
#989 = CARTESIAN_POINT('',(-5.347998142584,-2.183682290696));
#990 = CARTESIAN_POINT('',(-5.43750658306,-2.158788085783));
#991 = CARTESIAN_POINT('',(-5.529755790652,-2.131813651688));
#992 = CARTESIAN_POINT('',(-5.62507499342,-2.103935894543));
#993 = CARTESIAN_POINT('',(-5.723877504442,-2.076753777959));
#994 = CARTESIAN_POINT('',(-5.826651218677,-2.052328986871));
#995 = CARTESIAN_POINT('',(-5.982234625538,-2.024185573485));
#996 = CARTESIAN_POINT('',(-6.031214022221,-2.016495160555));
#997 = CARTESIAN_POINT('',(-6.080871036004,-2.01005635464));
#998 = CARTESIAN_POINT('',(-6.131042359323,-2.005073285433));
#999 = CARTESIAN_POINT('',(-6.181579668452,-2.001694335239));
#1000 = CARTESIAN_POINT('',(-6.232341497688,-2.));
#1001 = CARTESIAN_POINT('',(-6.28318530718,-2.));
#1002 = ( GEOMETRIC_REPRESENTATION_CONTEXT(2) 
PARAMETRIC_REPRESENTATION_CONTEXT() REPRESENTATION_CONTEXT('2D SPACE',''
  ) );
#1003 = PCURVE('',#1004,#1009);
#1004 = CYLINDRICAL_SURFACE('',#1005,18.);
#1005 = AXIS2_PLACEMENT_3D('',#1006,#1007,#1008);
#1006 = CARTESIAN_POINT('',(-30.,0.,0.));
#1007 = DIRECTION('',(-1.,-0.,-0.));
#1008 = DIRECTION('',(0.,1.,0.));
#1009 = DEFINITIONAL_REPRESENTATION('',(#1010),#1073);
#1010 = B_SPLINE_CURVE_WITH_KNOTS('',7,(#1011,#1012,#1013,#1014,#1015,
    #1016,#1017,#1018,#1019,#1020,#1021,#1022,#1023,#1024,#1025,#1026,
    #1027,#1028,#1029,#1030,#1031,#1032,#1033,#1034,#1035,#1036,#1037,
    #1038,#1039,#1040,#1041,#1042,#1043,#1044,#1045,#1046,#1047,#1048,
    #1049,#1050,#1051,#1052,#1053,#1054,#1055,#1056,#1057,#1058,#1059,
    #1060,#1061,#1062,#1063,#1064,#1065,#1066,#1067,#1068,#1069,#1070,
    #1071,#1072),.UNSPECIFIED.,.F.,.F.,(8,6,6,6,6,6,6,6,6,6,8),(0.,
    7.91645075422E-02,0.177633316285,0.348359198758,0.4564983427,
    0.550122196284,0.651410767347,0.749877366748,0.848349456658,
    0.953101094569,1.),.UNSPECIFIED.);
#1011 = CARTESIAN_POINT('',(-4.712388980385,-33.18));
#1012 = CARTESIAN_POINT('',(-4.727625704146,-33.18));
#1013 = CARTESIAN_POINT('',(-4.742713778412,-33.15240396208));
#1014 = CARTESIAN_POINT('',(-4.757419559593,-33.09818063199));
#1015 = CARTESIAN_POINT('',(-4.771520885679,-33.01937941797));
#1016 = CARTESIAN_POINT('',(-4.784818190763,-32.91907631005));
#1017 = CARTESIAN_POINT('',(-4.797146227643,-32.80135253499));
#1018 = CARTESIAN_POINT('',(-4.822367034813,-32.5094946833));
#1019 = CARTESIAN_POINT('',(-4.834843735017,-32.32653050379));
#1020 = CARTESIAN_POINT('',(-4.845836875969,-32.12748484569));
#1021 = CARTESIAN_POINT('',(-4.855390618081,-31.91621016513));
#1022 = CARTESIAN_POINT('',(-4.863556592764,-31.6956569005));
#1023 = CARTESIAN_POINT('',(-4.87038374837,-31.46808870475));
#1024 = CARTESIAN_POINT('',(-4.885493869112,-30.8314779249));
#1025 = CARTESIAN_POINT('',(-4.891165103351,-30.41196621517));
#1026 = CARTESIAN_POINT('',(-4.893131593854,-29.98566068856));
#1027 = CARTESIAN_POINT('',(-4.891461129721,-29.55846887118));
#1028 = CARTESIAN_POINT('',(-4.886112682741,-29.13654123731));
#1029 = CARTESIAN_POINT('',(-4.876942284011,-28.72703406407));
#1030 = CARTESIAN_POINT('',(-4.855334956287,-28.09784854219));
#1031 = CARTESIAN_POINT('',(-4.845282374748,-27.86228762604));
#1032 = CARTESIAN_POINT('',(-4.833493309588,-27.63921771259));
#1033 = CARTESIAN_POINT('',(-4.819925661614,-27.43353959398));
#1034 = CARTESIAN_POINT('',(-4.804567181868,-27.25109626667));
#1035 = CARTESIAN_POINT('',(-4.78744951535,-27.0988949126));
#1036 = CARTESIAN_POINT('',(-4.752438620322,-26.88749570693));
#1037 = CARTESIAN_POINT('',(-4.735004267306,-26.8188360597));
#1038 = CARTESIAN_POINT('',(-4.716847568712,-26.78723750722));
#1039 = CARTESIAN_POINT('',(-4.698510671079,-26.79614565491));
#1040 = CARTESIAN_POINT('',(-4.680553266662,-26.84497626671));
#1041 = CARTESIAN_POINT('',(-4.663503368401,-26.92912020805));
#1042 = CARTESIAN_POINT('',(-4.630812086346,-27.15958554745));
#1043 = CARTESIAN_POINT('',(-4.615320014459,-27.3109998975));
#1044 = CARTESIAN_POINT('',(-4.601388800372,-27.4871770642));
#1045 = CARTESIAN_POINT('',(-4.589027451604,-27.68255815265));
#1046 = CARTESIAN_POINT('',(-4.5782147119,-27.89255222299));
#1047 = CARTESIAN_POINT('',(-4.568910588639,-28.11335200215));
#1048 = CARTESIAN_POINT('',(-4.553436117551,-28.56395437611));
#1049 = CARTESIAN_POINT('',(-4.547158410924,-28.79412768157));
#1050 = CARTESIAN_POINT('',(-4.542185831442,-29.03005800281));
#1051 = CARTESIAN_POINT('',(-4.538482119514,-29.26996477274));
#1052 = CARTESIAN_POINT('',(-4.536021378227,-29.51241579059));
#1053 = CARTESIAN_POINT('',(-4.534790167617,-29.75616541737));
#1054 = CARTESIAN_POINT('',(-4.534790167617,-30.24384817886));
#1055 = CARTESIAN_POINT('',(-4.536021519252,-30.48759997758));
#1056 = CARTESIAN_POINT('',(-4.538482322735,-30.73004731986));
#1057 = CARTESIAN_POINT('',(-4.542185999252,-30.96994922753));
#1058 = CARTESIAN_POINT('',(-4.547158515257,-31.20587610087));
#1059 = CARTESIAN_POINT('',(-4.553436184529,-31.43604757422));
#1060 = CARTESIAN_POINT('',(-4.569178338978,-31.89444464161));
#1061 = CARTESIAN_POINT('',(-4.578856439442,-32.12265498727));
#1062 = CARTESIAN_POINT('',(-4.590155024249,-32.33922892037));
#1063 = CARTESIAN_POINT('',(-4.60311537991,-32.53983898845));
#1064 = CARTESIAN_POINT('',(-4.617755055735,-32.71929475034));
#1065 = CARTESIAN_POINT('',(-4.634054878876,-32.8713374931));
#1066 = CARTESIAN_POINT('',(-4.659930927898,-33.04055374908));
#1067 = CARTESIAN_POINT('',(-4.668235973421,-33.08575403024));
#1068 = CARTESIAN_POINT('',(-4.676793224241,-33.12290040462));
#1069 = CARTESIAN_POINT('',(-4.685547140232,-33.15128365731));
#1070 = CARTESIAN_POINT('',(-4.694438649406,-33.17040927473));
#1071 = CARTESIAN_POINT('',(-4.703406574041,-33.18));
#1072 = CARTESIAN_POINT('',(-4.712388980385,-33.18));
#1073 = ( GEOMETRIC_REPRESENTATION_CONTEXT(2) 
PARAMETRIC_REPRESENTATION_CONTEXT() REPRESENTATION_CONTEXT('2D SPACE',''
  ) );
#1074 = ORIENTED_EDGE('',*,*,#1075,.T.);
#1075 = EDGE_CURVE('',#871,#563,#1076,.T.);
#1076 = SEAM_CURVE('',#1077,(#1081,#1088),.PCURVE_S1.);
#1077 = LINE('',#1078,#1079);
#1078 = CARTESIAN_POINT('',(3.18,0.,-20.));
#1079 = VECTOR('',#1080,1.);
#1080 = DIRECTION('',(0.,0.,1.));
#1081 = PCURVE('',#696,#1082);
#1082 = DEFINITIONAL_REPRESENTATION('',(#1083),#1087);
#1083 = LINE('',#1084,#1085);
#1084 = CARTESIAN_POINT('',(-6.28318530718,0.));
#1085 = VECTOR('',#1086,1.);
#1086 = DIRECTION('',(-0.,-1.));
#1087 = ( GEOMETRIC_REPRESENTATION_CONTEXT(2) 
PARAMETRIC_REPRESENTATION_CONTEXT() REPRESENTATION_CONTEXT('2D SPACE',''
  ) );
#1088 = PCURVE('',#696,#1089);
#1089 = DEFINITIONAL_REPRESENTATION('',(#1090),#1094);
#1090 = LINE('',#1091,#1092);
#1091 = CARTESIAN_POINT('',(-0.,0.));
#1092 = VECTOR('',#1093,1.);
#1093 = DIRECTION('',(-0.,-1.));
#1094 = ( GEOMETRIC_REPRESENTATION_CONTEXT(2) 
PARAMETRIC_REPRESENTATION_CONTEXT() REPRESENTATION_CONTEXT('2D SPACE',''
  ) );
#1095 = ORIENTED_EDGE('',*,*,#562,.T.);
#1096 = ORIENTED_EDGE('',*,*,#1075,.F.);
#1097 = ADVANCED_FACE('',(#1098),#815,.T.);
#1098 = FACE_BOUND('',#1099,.F.);
#1099 = EDGE_LOOP('',(#1100,#1123,#1124,#1125));
#1100 = ORIENTED_EDGE('',*,*,#1101,.T.);
#1101 = EDGE_CURVE('',#1102,#799,#1104,.T.);
#1102 = VERTEX_POINT('',#1103);
#1103 = CARTESIAN_POINT('',(30.,5.,0.));
#1104 = SEAM_CURVE('',#1105,(#1109,#1116),.PCURVE_S1.);
#1105 = LINE('',#1106,#1107);
#1106 = CARTESIAN_POINT('',(30.,5.,0.));
#1107 = VECTOR('',#1108,1.);
#1108 = DIRECTION('',(1.,0.,0.));
#1109 = PCURVE('',#815,#1110);
#1110 = DEFINITIONAL_REPRESENTATION('',(#1111),#1115);
#1111 = LINE('',#1112,#1113);
#1112 = CARTESIAN_POINT('',(-0.,0.));
#1113 = VECTOR('',#1114,1.);
#1114 = DIRECTION('',(-0.,-1.));
#1115 = ( GEOMETRIC_REPRESENTATION_CONTEXT(2) 
PARAMETRIC_REPRESENTATION_CONTEXT() REPRESENTATION_CONTEXT('2D SPACE',''
  ) );
#1116 = PCURVE('',#815,#1117);
#1117 = DEFINITIONAL_REPRESENTATION('',(#1118),#1122);
#1118 = LINE('',#1119,#1120);
#1119 = CARTESIAN_POINT('',(-6.28318530718,0.));
#1120 = VECTOR('',#1121,1.);
#1121 = DIRECTION('',(-0.,-1.));
#1122 = ( GEOMETRIC_REPRESENTATION_CONTEXT(2) 
PARAMETRIC_REPRESENTATION_CONTEXT() REPRESENTATION_CONTEXT('2D SPACE',''
  ) );
#1123 = ORIENTED_EDGE('',*,*,#798,.T.);
#1124 = ORIENTED_EDGE('',*,*,#1101,.F.);
#1125 = ORIENTED_EDGE('',*,*,#1126,.F.);
#1126 = EDGE_CURVE('',#1102,#1102,#1127,.T.);
#1127 = SURFACE_CURVE('',#1128,(#1133,#1140),.PCURVE_S1.);
#1128 = CIRCLE('',#1129,5.);
#1129 = AXIS2_PLACEMENT_3D('',#1130,#1131,#1132);
#1130 = CARTESIAN_POINT('',(30.,0.,0.));
#1131 = DIRECTION('',(1.,0.,0.));
#1132 = DIRECTION('',(0.,1.,0.));
#1133 = PCURVE('',#815,#1134);
#1134 = DEFINITIONAL_REPRESENTATION('',(#1135),#1139);
#1135 = LINE('',#1136,#1137);
#1136 = CARTESIAN_POINT('',(-0.,0.));
#1137 = VECTOR('',#1138,1.);
#1138 = DIRECTION('',(-1.,0.));
#1139 = ( GEOMETRIC_REPRESENTATION_CONTEXT(2) 
PARAMETRIC_REPRESENTATION_CONTEXT() REPRESENTATION_CONTEXT('2D SPACE',''
  ) );
#1140 = PCURVE('',#1141,#1146);
#1141 = PLANE('',#1142);
#1142 = AXIS2_PLACEMENT_3D('',#1143,#1144,#1145);
#1143 = CARTESIAN_POINT('',(30.,-25.,-9.));
#1144 = DIRECTION('',(1.,0.,0.));
#1145 = DIRECTION('',(0.,0.,1.));
#1146 = DEFINITIONAL_REPRESENTATION('',(#1147),#1151);
#1147 = CIRCLE('',#1148,5.);
#1148 = AXIS2_PLACEMENT_2D('',#1149,#1150);
#1149 = CARTESIAN_POINT('',(9.,-25.));
#1150 = DIRECTION('',(0.,-1.));
#1151 = ( GEOMETRIC_REPRESENTATION_CONTEXT(2) 
PARAMETRIC_REPRESENTATION_CONTEXT() REPRESENTATION_CONTEXT('2D SPACE',''
  ) );
#1152 = ADVANCED_FACE('',(#1153),#855,.F.);
#1153 = FACE_BOUND('',#1154,.T.);
#1154 = EDGE_LOOP('',(#1155,#1188,#1209,#1210));
#1155 = ORIENTED_EDGE('',*,*,#1156,.T.);
#1156 = EDGE_CURVE('',#1157,#1157,#1159,.T.);
#1157 = VERTEX_POINT('',#1158);
#1158 = CARTESIAN_POINT('',(-44.,3.75,0.));
#1159 = SURFACE_CURVE('',#1160,(#1165,#1172),.PCURVE_S1.);
#1160 = CIRCLE('',#1161,3.75);
#1161 = AXIS2_PLACEMENT_3D('',#1162,#1163,#1164);
#1162 = CARTESIAN_POINT('',(-44.,0.,0.));
#1163 = DIRECTION('',(-1.,0.,0.));
#1164 = DIRECTION('',(0.,1.,0.));
#1165 = PCURVE('',#855,#1166);
#1166 = DEFINITIONAL_REPRESENTATION('',(#1167),#1171);
#1167 = LINE('',#1168,#1169);
#1168 = CARTESIAN_POINT('',(-6.28318530718,-2.));
#1169 = VECTOR('',#1170,1.);
#1170 = DIRECTION('',(1.,-0.));
#1171 = ( GEOMETRIC_REPRESENTATION_CONTEXT(2) 
PARAMETRIC_REPRESENTATION_CONTEXT() REPRESENTATION_CONTEXT('2D SPACE',''
  ) );
#1172 = PCURVE('',#1173,#1178);
#1173 = PLANE('',#1174);
#1174 = AXIS2_PLACEMENT_3D('',#1175,#1176,#1177);
#1175 = CARTESIAN_POINT('',(-44.,-3.982835337493E-16,5.529132197927E-17)
  );
#1176 = DIRECTION('',(1.,0.,0.));
#1177 = DIRECTION('',(-0.,0.,1.));
#1178 = DEFINITIONAL_REPRESENTATION('',(#1179),#1187);
#1179 = ( BOUNDED_CURVE() B_SPLINE_CURVE(2,(#1180,#1181,#1182,#1183,
#1184,#1185,#1186),.UNSPECIFIED.,.T.,.F.) B_SPLINE_CURVE_WITH_KNOTS((1,2
    ,2,2,2,1),(-2.094395102393,0.,2.094395102393,4.188790204786,
6.28318530718,8.377580409573),.UNSPECIFIED.) CURVE() 
GEOMETRIC_REPRESENTATION_ITEM() RATIONAL_B_SPLINE_CURVE((1.,0.5,1.,0.5,
1.,0.5,1.)) REPRESENTATION_ITEM('') );
#1180 = CARTESIAN_POINT('',(-5.529132197927E-17,-3.75));
#1181 = CARTESIAN_POINT('',(-6.495190528383,-3.75));
#1182 = CARTESIAN_POINT('',(-3.247595264192,1.875));
#1183 = CARTESIAN_POINT('',(-9.737764213398E-16,7.5));
#1184 = CARTESIAN_POINT('',(3.247595264192,1.875));
#1185 = CARTESIAN_POINT('',(6.495190528383,-3.75));
#1186 = CARTESIAN_POINT('',(-5.529132197927E-17,-3.75));
#1187 = ( GEOMETRIC_REPRESENTATION_CONTEXT(2) 
PARAMETRIC_REPRESENTATION_CONTEXT() REPRESENTATION_CONTEXT('2D SPACE',''
  ) );
#1188 = ORIENTED_EDGE('',*,*,#1189,.T.);
#1189 = EDGE_CURVE('',#1157,#835,#1190,.T.);
#1190 = SEAM_CURVE('',#1191,(#1195,#1202),.PCURVE_S1.);
#1191 = LINE('',#1192,#1193);
#1192 = CARTESIAN_POINT('',(-44.,3.75,0.));
#1193 = VECTOR('',#1194,1.);
#1194 = DIRECTION('',(1.,0.,0.));
#1195 = PCURVE('',#855,#1196);
#1196 = DEFINITIONAL_REPRESENTATION('',(#1197),#1201);
#1197 = LINE('',#1198,#1199);
#1198 = CARTESIAN_POINT('',(-0.,-2.));
#1199 = VECTOR('',#1200,1.);
#1200 = DIRECTION('',(-0.,-1.));
#1201 = ( GEOMETRIC_REPRESENTATION_CONTEXT(2) 
PARAMETRIC_REPRESENTATION_CONTEXT() REPRESENTATION_CONTEXT('2D SPACE',''
  ) );
#1202 = PCURVE('',#855,#1203);
#1203 = DEFINITIONAL_REPRESENTATION('',(#1204),#1208);
#1204 = LINE('',#1205,#1206);
#1205 = CARTESIAN_POINT('',(-6.28318530718,-2.));
#1206 = VECTOR('',#1207,1.);
#1207 = DIRECTION('',(-0.,-1.));
#1208 = ( GEOMETRIC_REPRESENTATION_CONTEXT(2) 
PARAMETRIC_REPRESENTATION_CONTEXT() REPRESENTATION_CONTEXT('2D SPACE',''
  ) );
#1209 = ORIENTED_EDGE('',*,*,#834,.F.);
#1210 = ORIENTED_EDGE('',*,*,#1189,.F.);
#1211 = ADVANCED_FACE('',(#1212,#1319),#1004,.T.);
#1212 = FACE_BOUND('',#1213,.F.);
#1213 = EDGE_LOOP('',(#1214,#1242,#1271,#1297));
#1214 = ORIENTED_EDGE('',*,*,#1215,.T.);
#1215 = EDGE_CURVE('',#1216,#1218,#1220,.T.);
#1216 = VERTEX_POINT('',#1217);
#1217 = CARTESIAN_POINT('',(30.,15.58845726812,-9.));
#1218 = VERTEX_POINT('',#1219);
#1219 = CARTESIAN_POINT('',(-30.,15.58845726812,-9.));
#1220 = SURFACE_CURVE('',#1221,(#1225,#1231),.PCURVE_S1.);
#1221 = LINE('',#1222,#1223);
#1222 = CARTESIAN_POINT('',(-30.,15.58845726812,-9.));
#1223 = VECTOR('',#1224,1.);
#1224 = DIRECTION('',(-1.,-0.,-0.));
#1225 = PCURVE('',#1004,#1226);
#1226 = DEFINITIONAL_REPRESENTATION('',(#1227),#1230);
#1227 = B_SPLINE_CURVE_WITH_KNOTS('',1,(#1228,#1229),.UNSPECIFIED.,.F.,
  .F.,(2,2),(-60.0000006,5.999999999062E-07),.PIECEWISE_BEZIER_KNOTS.);
#1228 = CARTESIAN_POINT('',(-5.759586531581,-60.0000006));
#1229 = CARTESIAN_POINT('',(-5.759586531581,5.999999999062E-07));
#1230 = ( GEOMETRIC_REPRESENTATION_CONTEXT(2) 
PARAMETRIC_REPRESENTATION_CONTEXT() REPRESENTATION_CONTEXT('2D SPACE',''
  ) );
#1231 = PCURVE('',#1232,#1237);
#1232 = PLANE('',#1233);
#1233 = AXIS2_PLACEMENT_3D('',#1234,#1235,#1236);
#1234 = CARTESIAN_POINT('',(-30.,-25.,-9.));
#1235 = DIRECTION('',(0.,0.,1.));
#1236 = DIRECTION('',(1.,0.,0.));
#1237 = DEFINITIONAL_REPRESENTATION('',(#1238),#1241);
#1238 = B_SPLINE_CURVE_WITH_KNOTS('',1,(#1239,#1240),.UNSPECIFIED.,.F.,
  .F.,(2,2),(-60.0000006,5.999999999062E-07),.PIECEWISE_BEZIER_KNOTS.);
#1239 = CARTESIAN_POINT('',(60.0000006,40.58845726812));
#1240 = CARTESIAN_POINT('',(-5.999999999062E-07,40.58845726812));
#1241 = ( GEOMETRIC_REPRESENTATION_CONTEXT(2) 
PARAMETRIC_REPRESENTATION_CONTEXT() REPRESENTATION_CONTEXT('2D SPACE',''
  ) );
#1242 = ORIENTED_EDGE('',*,*,#1243,.F.);
#1243 = EDGE_CURVE('',#1244,#1218,#1246,.T.);
#1244 = VERTEX_POINT('',#1245);
#1245 = CARTESIAN_POINT('',(-30.,-15.58845726812,-9.));
#1246 = SURFACE_CURVE('',#1247,(#1252,#1259),.PCURVE_S1.);
#1247 = CIRCLE('',#1248,18.);
#1248 = AXIS2_PLACEMENT_3D('',#1249,#1250,#1251);
#1249 = CARTESIAN_POINT('',(-30.,0.,0.));
#1250 = DIRECTION('',(1.,0.,0.));
#1251 = DIRECTION('',(0.,1.,0.));
#1252 = PCURVE('',#1004,#1253);
#1253 = DEFINITIONAL_REPRESENTATION('',(#1254),#1258);
#1254 = LINE('',#1255,#1256);
#1255 = CARTESIAN_POINT('',(-0.,0.));
#1256 = VECTOR('',#1257,1.);
#1257 = DIRECTION('',(-1.,0.));
#1258 = ( GEOMETRIC_REPRESENTATION_CONTEXT(2) 
PARAMETRIC_REPRESENTATION_CONTEXT() REPRESENTATION_CONTEXT('2D SPACE',''
  ) );
#1259 = PCURVE('',#1260,#1265);
#1260 = PLANE('',#1261);
#1261 = AXIS2_PLACEMENT_3D('',#1262,#1263,#1264);
#1262 = CARTESIAN_POINT('',(-30.,-25.,-9.));
#1263 = DIRECTION('',(1.,0.,0.));
#1264 = DIRECTION('',(0.,0.,1.));
#1265 = DEFINITIONAL_REPRESENTATION('',(#1266),#1270);
#1266 = CIRCLE('',#1267,18.);
#1267 = AXIS2_PLACEMENT_2D('',#1268,#1269);
#1268 = CARTESIAN_POINT('',(9.,-25.));
#1269 = DIRECTION('',(0.,-1.));
#1270 = ( GEOMETRIC_REPRESENTATION_CONTEXT(2) 
PARAMETRIC_REPRESENTATION_CONTEXT() REPRESENTATION_CONTEXT('2D SPACE',''
  ) );
#1271 = ORIENTED_EDGE('',*,*,#1272,.F.);
#1272 = EDGE_CURVE('',#1273,#1244,#1275,.T.);
#1273 = VERTEX_POINT('',#1274);
#1274 = CARTESIAN_POINT('',(30.,-15.58845726812,-9.));
#1275 = SURFACE_CURVE('',#1276,(#1280,#1286),.PCURVE_S1.);
#1276 = LINE('',#1277,#1278);
#1277 = CARTESIAN_POINT('',(-30.,-15.58845726812,-9.));
#1278 = VECTOR('',#1279,1.);
#1279 = DIRECTION('',(-1.,-0.,-0.));
#1280 = PCURVE('',#1004,#1281);
#1281 = DEFINITIONAL_REPRESENTATION('',(#1282),#1285);
#1282 = B_SPLINE_CURVE_WITH_KNOTS('',1,(#1283,#1284),.UNSPECIFIED.,.F.,
  .F.,(2,2),(-60.0000006,5.999999999062E-07),.PIECEWISE_BEZIER_KNOTS.);
#1283 = CARTESIAN_POINT('',(-3.665191429188,-60.0000006));
#1284 = CARTESIAN_POINT('',(-3.665191429188,5.999999999062E-07));
#1285 = ( GEOMETRIC_REPRESENTATION_CONTEXT(2) 
PARAMETRIC_REPRESENTATION_CONTEXT() REPRESENTATION_CONTEXT('2D SPACE',''
  ) );
#1286 = PCURVE('',#1287,#1292);
#1287 = PLANE('',#1288);
#1288 = AXIS2_PLACEMENT_3D('',#1289,#1290,#1291);
#1289 = CARTESIAN_POINT('',(-30.,-25.,-9.));
#1290 = DIRECTION('',(0.,0.,1.));
#1291 = DIRECTION('',(1.,0.,0.));
#1292 = DEFINITIONAL_REPRESENTATION('',(#1293),#1296);
#1293 = B_SPLINE_CURVE_WITH_KNOTS('',1,(#1294,#1295),.UNSPECIFIED.,.F.,
  .F.,(2,2),(-60.0000006,5.999999999062E-07),.PIECEWISE_BEZIER_KNOTS.);
#1294 = CARTESIAN_POINT('',(60.0000006,9.41154273188));
#1295 = CARTESIAN_POINT('',(-5.999999999062E-07,9.41154273188));
#1296 = ( GEOMETRIC_REPRESENTATION_CONTEXT(2) 
PARAMETRIC_REPRESENTATION_CONTEXT() REPRESENTATION_CONTEXT('2D SPACE',''
  ) );
#1297 = ORIENTED_EDGE('',*,*,#1298,.T.);
#1298 = EDGE_CURVE('',#1273,#1216,#1299,.T.);
#1299 = SURFACE_CURVE('',#1300,(#1305,#1312),.PCURVE_S1.);
#1300 = CIRCLE('',#1301,18.);
#1301 = AXIS2_PLACEMENT_3D('',#1302,#1303,#1304);
#1302 = CARTESIAN_POINT('',(30.,0.,0.));
#1303 = DIRECTION('',(1.,0.,0.));
#1304 = DIRECTION('',(0.,1.,0.));
#1305 = PCURVE('',#1004,#1306);
#1306 = DEFINITIONAL_REPRESENTATION('',(#1307),#1311);
#1307 = LINE('',#1308,#1309);
#1308 = CARTESIAN_POINT('',(-0.,-60.));
#1309 = VECTOR('',#1310,1.);
#1310 = DIRECTION('',(-1.,0.));
#1311 = ( GEOMETRIC_REPRESENTATION_CONTEXT(2) 
PARAMETRIC_REPRESENTATION_CONTEXT() REPRESENTATION_CONTEXT('2D SPACE',''
  ) );
#1312 = PCURVE('',#1141,#1313);
#1313 = DEFINITIONAL_REPRESENTATION('',(#1314),#1318);
#1314 = CIRCLE('',#1315,18.);
#1315 = AXIS2_PLACEMENT_2D('',#1316,#1317);
#1316 = CARTESIAN_POINT('',(9.,-25.));
#1317 = DIRECTION('',(0.,-1.));
#1318 = ( GEOMETRIC_REPRESENTATION_CONTEXT(2) 
PARAMETRIC_REPRESENTATION_CONTEXT() REPRESENTATION_CONTEXT('2D SPACE',''
  ) );
#1319 = FACE_BOUND('',#1320,.F.);
#1320 = EDGE_LOOP('',(#1321));
#1321 = ORIENTED_EDGE('',*,*,#870,.F.);
#1322 = ADVANCED_FACE('',(#1323,#1511),#1141,.T.);
#1323 = FACE_BOUND('',#1324,.T.);
#1324 = EDGE_LOOP('',(#1325,#1355,#1383,#1404,#1405,#1428,#1456,#1484));
#1325 = ORIENTED_EDGE('',*,*,#1326,.F.);
#1326 = EDGE_CURVE('',#1327,#1329,#1331,.T.);
#1327 = VERTEX_POINT('',#1328);
#1328 = CARTESIAN_POINT('',(30.,-25.,9.));
#1329 = VERTEX_POINT('',#1330);
#1330 = CARTESIAN_POINT('',(30.,-15.58845726812,9.));
#1331 = SURFACE_CURVE('',#1332,(#1336,#1343),.PCURVE_S1.);
#1332 = LINE('',#1333,#1334);
#1333 = CARTESIAN_POINT('',(30.,-25.,9.));
#1334 = VECTOR('',#1335,1.);
#1335 = DIRECTION('',(0.,1.,0.));
#1336 = PCURVE('',#1141,#1337);
#1337 = DEFINITIONAL_REPRESENTATION('',(#1338),#1342);
#1338 = LINE('',#1339,#1340);
#1339 = CARTESIAN_POINT('',(18.,0.));
#1340 = VECTOR('',#1341,1.);
#1341 = DIRECTION('',(0.,-1.));
#1342 = ( GEOMETRIC_REPRESENTATION_CONTEXT(2) 
PARAMETRIC_REPRESENTATION_CONTEXT() REPRESENTATION_CONTEXT('2D SPACE',''
  ) );
#1343 = PCURVE('',#1344,#1349);
#1344 = PLANE('',#1345);
#1345 = AXIS2_PLACEMENT_3D('',#1346,#1347,#1348);
#1346 = CARTESIAN_POINT('',(-30.,-25.,9.));
#1347 = DIRECTION('',(0.,0.,1.));
#1348 = DIRECTION('',(1.,0.,0.));
#1349 = DEFINITIONAL_REPRESENTATION('',(#1350),#1354);
#1350 = LINE('',#1351,#1352);
#1351 = CARTESIAN_POINT('',(60.,0.));
#1352 = VECTOR('',#1353,1.);
#1353 = DIRECTION('',(0.,1.));
#1354 = ( GEOMETRIC_REPRESENTATION_CONTEXT(2) 
PARAMETRIC_REPRESENTATION_CONTEXT() REPRESENTATION_CONTEXT('2D SPACE',''
  ) );
#1355 = ORIENTED_EDGE('',*,*,#1356,.F.);
#1356 = EDGE_CURVE('',#1357,#1327,#1359,.T.);
#1357 = VERTEX_POINT('',#1358);
#1358 = CARTESIAN_POINT('',(30.,-25.,-9.));
#1359 = SURFACE_CURVE('',#1360,(#1364,#1371),.PCURVE_S1.);
#1360 = LINE('',#1361,#1362);
#1361 = CARTESIAN_POINT('',(30.,-25.,-9.));
#1362 = VECTOR('',#1363,1.);
#1363 = DIRECTION('',(0.,0.,1.));
#1364 = PCURVE('',#1141,#1365);
#1365 = DEFINITIONAL_REPRESENTATION('',(#1366),#1370);
#1366 = LINE('',#1367,#1368);
#1367 = CARTESIAN_POINT('',(0.,0.));
#1368 = VECTOR('',#1369,1.);
#1369 = DIRECTION('',(1.,0.));
#1370 = ( GEOMETRIC_REPRESENTATION_CONTEXT(2) 
PARAMETRIC_REPRESENTATION_CONTEXT() REPRESENTATION_CONTEXT('2D SPACE',''
  ) );
#1371 = PCURVE('',#1372,#1377);
#1372 = PLANE('',#1373);
#1373 = AXIS2_PLACEMENT_3D('',#1374,#1375,#1376);
#1374 = CARTESIAN_POINT('',(-30.,-25.,-9.));
#1375 = DIRECTION('',(0.,1.,0.));
#1376 = DIRECTION('',(0.,0.,1.));
#1377 = DEFINITIONAL_REPRESENTATION('',(#1378),#1382);
#1378 = LINE('',#1379,#1380);
#1379 = CARTESIAN_POINT('',(0.,60.));
#1380 = VECTOR('',#1381,1.);
#1381 = DIRECTION('',(1.,0.));
#1382 = ( GEOMETRIC_REPRESENTATION_CONTEXT(2) 
PARAMETRIC_REPRESENTATION_CONTEXT() REPRESENTATION_CONTEXT('2D SPACE',''
  ) );
#1383 = ORIENTED_EDGE('',*,*,#1384,.T.);
#1384 = EDGE_CURVE('',#1357,#1273,#1385,.T.);
#1385 = SURFACE_CURVE('',#1386,(#1390,#1397),.PCURVE_S1.);
#1386 = LINE('',#1387,#1388);
#1387 = CARTESIAN_POINT('',(30.,-25.,-9.));
#1388 = VECTOR('',#1389,1.);
#1389 = DIRECTION('',(0.,1.,0.));
#1390 = PCURVE('',#1141,#1391);
#1391 = DEFINITIONAL_REPRESENTATION('',(#1392),#1396);
#1392 = LINE('',#1393,#1394);
#1393 = CARTESIAN_POINT('',(0.,0.));
#1394 = VECTOR('',#1395,1.);
#1395 = DIRECTION('',(0.,-1.));
#1396 = ( GEOMETRIC_REPRESENTATION_CONTEXT(2) 
PARAMETRIC_REPRESENTATION_CONTEXT() REPRESENTATION_CONTEXT('2D SPACE',''
  ) );
#1397 = PCURVE('',#1287,#1398);
#1398 = DEFINITIONAL_REPRESENTATION('',(#1399),#1403);
#1399 = LINE('',#1400,#1401);
#1400 = CARTESIAN_POINT('',(60.,0.));
#1401 = VECTOR('',#1402,1.);
#1402 = DIRECTION('',(0.,1.));
#1403 = ( GEOMETRIC_REPRESENTATION_CONTEXT(2) 
PARAMETRIC_REPRESENTATION_CONTEXT() REPRESENTATION_CONTEXT('2D SPACE',''
  ) );
#1404 = ORIENTED_EDGE('',*,*,#1298,.T.);
#1405 = ORIENTED_EDGE('',*,*,#1406,.T.);
#1406 = EDGE_CURVE('',#1216,#1407,#1409,.T.);
#1407 = VERTEX_POINT('',#1408);
#1408 = CARTESIAN_POINT('',(30.,25.,-9.));
#1409 = SURFACE_CURVE('',#1410,(#1414,#1421),.PCURVE_S1.);
#1410 = LINE('',#1411,#1412);
#1411 = CARTESIAN_POINT('',(30.,-25.,-9.));
#1412 = VECTOR('',#1413,1.);
#1413 = DIRECTION('',(0.,1.,0.));
#1414 = PCURVE('',#1141,#1415);
#1415 = DEFINITIONAL_REPRESENTATION('',(#1416),#1420);
#1416 = LINE('',#1417,#1418);
#1417 = CARTESIAN_POINT('',(0.,0.));
#1418 = VECTOR('',#1419,1.);
#1419 = DIRECTION('',(0.,-1.));
#1420 = ( GEOMETRIC_REPRESENTATION_CONTEXT(2) 
PARAMETRIC_REPRESENTATION_CONTEXT() REPRESENTATION_CONTEXT('2D SPACE',''
  ) );
#1421 = PCURVE('',#1232,#1422);
#1422 = DEFINITIONAL_REPRESENTATION('',(#1423),#1427);
#1423 = LINE('',#1424,#1425);
#1424 = CARTESIAN_POINT('',(60.,0.));
#1425 = VECTOR('',#1426,1.);
#1426 = DIRECTION('',(0.,1.));
#1427 = ( GEOMETRIC_REPRESENTATION_CONTEXT(2) 
PARAMETRIC_REPRESENTATION_CONTEXT() REPRESENTATION_CONTEXT('2D SPACE',''
  ) );
#1428 = ORIENTED_EDGE('',*,*,#1429,.T.);
#1429 = EDGE_CURVE('',#1407,#1430,#1432,.T.);
#1430 = VERTEX_POINT('',#1431);
#1431 = CARTESIAN_POINT('',(30.,25.,9.));
#1432 = SURFACE_CURVE('',#1433,(#1437,#1444),.PCURVE_S1.);
#1433 = LINE('',#1434,#1435);
#1434 = CARTESIAN_POINT('',(30.,25.,-9.));
#1435 = VECTOR('',#1436,1.);
#1436 = DIRECTION('',(0.,0.,1.));
#1437 = PCURVE('',#1141,#1438);
#1438 = DEFINITIONAL_REPRESENTATION('',(#1439),#1443);
#1439 = LINE('',#1440,#1441);
#1440 = CARTESIAN_POINT('',(0.,-50.));
#1441 = VECTOR('',#1442,1.);
#1442 = DIRECTION('',(1.,0.));
#1443 = ( GEOMETRIC_REPRESENTATION_CONTEXT(2) 
PARAMETRIC_REPRESENTATION_CONTEXT() REPRESENTATION_CONTEXT('2D SPACE',''
  ) );
#1444 = PCURVE('',#1445,#1450);
#1445 = PLANE('',#1446);
#1446 = AXIS2_PLACEMENT_3D('',#1447,#1448,#1449);
#1447 = CARTESIAN_POINT('',(-30.,25.,-9.));
#1448 = DIRECTION('',(0.,1.,0.));
#1449 = DIRECTION('',(0.,0.,1.));
#1450 = DEFINITIONAL_REPRESENTATION('',(#1451),#1455);
#1451 = LINE('',#1452,#1453);
#1452 = CARTESIAN_POINT('',(0.,60.));
#1453 = VECTOR('',#1454,1.);
#1454 = DIRECTION('',(1.,0.));
#1455 = ( GEOMETRIC_REPRESENTATION_CONTEXT(2) 
PARAMETRIC_REPRESENTATION_CONTEXT() REPRESENTATION_CONTEXT('2D SPACE',''
  ) );
#1456 = ORIENTED_EDGE('',*,*,#1457,.F.);
#1457 = EDGE_CURVE('',#1458,#1430,#1460,.T.);
#1458 = VERTEX_POINT('',#1459);
#1459 = CARTESIAN_POINT('',(30.,15.58845726812,9.));
#1460 = SURFACE_CURVE('',#1461,(#1465,#1472),.PCURVE_S1.);
#1461 = LINE('',#1462,#1463);
#1462 = CARTESIAN_POINT('',(30.,-25.,9.));
#1463 = VECTOR('',#1464,1.);
#1464 = DIRECTION('',(0.,1.,0.));
#1465 = PCURVE('',#1141,#1466);
#1466 = DEFINITIONAL_REPRESENTATION('',(#1467),#1471);
#1467 = LINE('',#1468,#1469);
#1468 = CARTESIAN_POINT('',(18.,0.));
#1469 = VECTOR('',#1470,1.);
#1470 = DIRECTION('',(0.,-1.));
#1471 = ( GEOMETRIC_REPRESENTATION_CONTEXT(2) 
PARAMETRIC_REPRESENTATION_CONTEXT() REPRESENTATION_CONTEXT('2D SPACE',''
  ) );
#1472 = PCURVE('',#1473,#1478);
#1473 = PLANE('',#1474);
#1474 = AXIS2_PLACEMENT_3D('',#1475,#1476,#1477);
#1475 = CARTESIAN_POINT('',(-30.,-25.,9.));
#1476 = DIRECTION('',(0.,0.,1.));
#1477 = DIRECTION('',(1.,0.,0.));
#1478 = DEFINITIONAL_REPRESENTATION('',(#1479),#1483);
#1479 = LINE('',#1480,#1481);
#1480 = CARTESIAN_POINT('',(60.,0.));
#1481 = VECTOR('',#1482,1.);
#1482 = DIRECTION('',(0.,1.));
#1483 = ( GEOMETRIC_REPRESENTATION_CONTEXT(2) 
PARAMETRIC_REPRESENTATION_CONTEXT() REPRESENTATION_CONTEXT('2D SPACE',''
  ) );
#1484 = ORIENTED_EDGE('',*,*,#1485,.T.);
#1485 = EDGE_CURVE('',#1458,#1329,#1486,.T.);
#1486 = SURFACE_CURVE('',#1487,(#1492,#1499),.PCURVE_S1.);
#1487 = CIRCLE('',#1488,18.);
#1488 = AXIS2_PLACEMENT_3D('',#1489,#1490,#1491);
#1489 = CARTESIAN_POINT('',(30.,0.,0.));
#1490 = DIRECTION('',(1.,0.,0.));
#1491 = DIRECTION('',(0.,1.,0.));
#1492 = PCURVE('',#1141,#1493);
#1493 = DEFINITIONAL_REPRESENTATION('',(#1494),#1498);
#1494 = CIRCLE('',#1495,18.);
#1495 = AXIS2_PLACEMENT_2D('',#1496,#1497);
#1496 = CARTESIAN_POINT('',(9.,-25.));
#1497 = DIRECTION('',(0.,-1.));
#1498 = ( GEOMETRIC_REPRESENTATION_CONTEXT(2) 
PARAMETRIC_REPRESENTATION_CONTEXT() REPRESENTATION_CONTEXT('2D SPACE',''
  ) );
#1499 = PCURVE('',#1500,#1505);
#1500 = CYLINDRICAL_SURFACE('',#1501,18.);
#1501 = AXIS2_PLACEMENT_3D('',#1502,#1503,#1504);
#1502 = CARTESIAN_POINT('',(-30.,0.,0.));
#1503 = DIRECTION('',(-1.,-0.,-0.));
#1504 = DIRECTION('',(0.,1.,0.));
#1505 = DEFINITIONAL_REPRESENTATION('',(#1506),#1510);
#1506 = LINE('',#1507,#1508);
#1507 = CARTESIAN_POINT('',(-0.,-60.));
#1508 = VECTOR('',#1509,1.);
#1509 = DIRECTION('',(-1.,0.));
#1510 = ( GEOMETRIC_REPRESENTATION_CONTEXT(2) 
PARAMETRIC_REPRESENTATION_CONTEXT() REPRESENTATION_CONTEXT('2D SPACE',''
  ) );
#1511 = FACE_BOUND('',#1512,.T.);
#1512 = EDGE_LOOP('',(#1513));
#1513 = ORIENTED_EDGE('',*,*,#1126,.F.);
#1514 = ADVANCED_FACE('',(#1515,#1546),#1173,.F.);
#1515 = FACE_BOUND('',#1516,.F.);
#1516 = EDGE_LOOP('',(#1517));
#1517 = ORIENTED_EDGE('',*,*,#1518,.T.);
#1518 = EDGE_CURVE('',#1519,#1519,#1521,.T.);
#1519 = VERTEX_POINT('',#1520);
#1520 = CARTESIAN_POINT('',(-44.,5.15,0.));
#1521 = SURFACE_CURVE('',#1522,(#1527,#1534),.PCURVE_S1.);
#1522 = CIRCLE('',#1523,5.15);
#1523 = AXIS2_PLACEMENT_3D('',#1524,#1525,#1526);
#1524 = CARTESIAN_POINT('',(-44.,0.,0.));
#1525 = DIRECTION('',(1.,0.,0.));
#1526 = DIRECTION('',(0.,1.,0.));
#1527 = PCURVE('',#1173,#1528);
#1528 = DEFINITIONAL_REPRESENTATION('',(#1529),#1533);
#1529 = CIRCLE('',#1530,5.15);
#1530 = AXIS2_PLACEMENT_2D('',#1531,#1532);
#1531 = CARTESIAN_POINT('',(-5.529132197927E-17,-3.982835337493E-16));
#1532 = DIRECTION('',(0.,-1.));
#1533 = ( GEOMETRIC_REPRESENTATION_CONTEXT(2) 
PARAMETRIC_REPRESENTATION_CONTEXT() REPRESENTATION_CONTEXT('2D SPACE',''
  ) );
#1534 = PCURVE('',#1535,#1540);
#1535 = CYLINDRICAL_SURFACE('',#1536,5.15);
#1536 = AXIS2_PLACEMENT_3D('',#1537,#1538,#1539);
#1537 = CARTESIAN_POINT('',(-44.,0.,0.));
#1538 = DIRECTION('',(-1.,-0.,-0.));
#1539 = DIRECTION('',(0.,1.,0.));
#1540 = DEFINITIONAL_REPRESENTATION('',(#1541),#1545);
#1541 = LINE('',#1542,#1543);
#1542 = CARTESIAN_POINT('',(-0.,0.));
#1543 = VECTOR('',#1544,1.);
#1544 = DIRECTION('',(-1.,0.));
#1545 = ( GEOMETRIC_REPRESENTATION_CONTEXT(2) 
PARAMETRIC_REPRESENTATION_CONTEXT() REPRESENTATION_CONTEXT('2D SPACE',''
  ) );
#1546 = FACE_BOUND('',#1547,.F.);
#1547 = EDGE_LOOP('',(#1548));
#1548 = ORIENTED_EDGE('',*,*,#1156,.T.);
#1549 = ADVANCED_FACE('',(#1550),#1232,.F.);
#1550 = FACE_BOUND('',#1551,.F.);
#1551 = EDGE_LOOP('',(#1552,#1575,#1576,#1577));
#1552 = ORIENTED_EDGE('',*,*,#1553,.F.);
#1553 = EDGE_CURVE('',#1218,#1554,#1556,.T.);
#1554 = VERTEX_POINT('',#1555);
#1555 = CARTESIAN_POINT('',(-30.,25.,-9.));
#1556 = SURFACE_CURVE('',#1557,(#1561,#1568),.PCURVE_S1.);
#1557 = LINE('',#1558,#1559);
#1558 = CARTESIAN_POINT('',(-30.,-25.,-9.));
#1559 = VECTOR('',#1560,1.);
#1560 = DIRECTION('',(0.,1.,0.));
#1561 = PCURVE('',#1232,#1562);
#1562 = DEFINITIONAL_REPRESENTATION('',(#1563),#1567);
#1563 = LINE('',#1564,#1565);
#1564 = CARTESIAN_POINT('',(0.,0.));
#1565 = VECTOR('',#1566,1.);
#1566 = DIRECTION('',(0.,1.));
#1567 = ( GEOMETRIC_REPRESENTATION_CONTEXT(2) 
PARAMETRIC_REPRESENTATION_CONTEXT() REPRESENTATION_CONTEXT('2D SPACE',''
  ) );
#1568 = PCURVE('',#1260,#1569);
#1569 = DEFINITIONAL_REPRESENTATION('',(#1570),#1574);
#1570 = LINE('',#1571,#1572);
#1571 = CARTESIAN_POINT('',(0.,0.));
#1572 = VECTOR('',#1573,1.);
#1573 = DIRECTION('',(0.,-1.));
#1574 = ( GEOMETRIC_REPRESENTATION_CONTEXT(2) 
PARAMETRIC_REPRESENTATION_CONTEXT() REPRESENTATION_CONTEXT('2D SPACE',''
  ) );
#1575 = ORIENTED_EDGE('',*,*,#1215,.F.);
#1576 = ORIENTED_EDGE('',*,*,#1406,.T.);
#1577 = ORIENTED_EDGE('',*,*,#1578,.F.);
#1578 = EDGE_CURVE('',#1554,#1407,#1579,.T.);
#1579 = SURFACE_CURVE('',#1580,(#1584,#1591),.PCURVE_S1.);
#1580 = LINE('',#1581,#1582);
#1581 = CARTESIAN_POINT('',(-30.,25.,-9.));
#1582 = VECTOR('',#1583,1.);
#1583 = DIRECTION('',(1.,0.,0.));
#1584 = PCURVE('',#1232,#1585);
#1585 = DEFINITIONAL_REPRESENTATION('',(#1586),#1590);
#1586 = LINE('',#1587,#1588);
#1587 = CARTESIAN_POINT('',(0.,50.));
#1588 = VECTOR('',#1589,1.);
#1589 = DIRECTION('',(1.,0.));
#1590 = ( GEOMETRIC_REPRESENTATION_CONTEXT(2) 
PARAMETRIC_REPRESENTATION_CONTEXT() REPRESENTATION_CONTEXT('2D SPACE',''
  ) );
#1591 = PCURVE('',#1445,#1592);
#1592 = DEFINITIONAL_REPRESENTATION('',(#1593),#1597);
#1593 = LINE('',#1594,#1595);
#1594 = CARTESIAN_POINT('',(0.,0.));
#1595 = VECTOR('',#1596,1.);
#1596 = DIRECTION('',(0.,1.));
#1597 = ( GEOMETRIC_REPRESENTATION_CONTEXT(2) 
PARAMETRIC_REPRESENTATION_CONTEXT() REPRESENTATION_CONTEXT('2D SPACE',''
  ) );
#1598 = ADVANCED_FACE('',(#1599,#1740),#1260,.F.);
#1599 = FACE_BOUND('',#1600,.F.);
#1600 = EDGE_LOOP('',(#1601,#1626,#1649,#1670,#1671,#1672,#1695,#1718));
#1601 = ORIENTED_EDGE('',*,*,#1602,.F.);
#1602 = EDGE_CURVE('',#1603,#1605,#1607,.T.);
#1603 = VERTEX_POINT('',#1604);
#1604 = CARTESIAN_POINT('',(-30.,-25.,9.));
#1605 = VERTEX_POINT('',#1606);
#1606 = CARTESIAN_POINT('',(-30.,-15.58845726812,9.));
#1607 = SURFACE_CURVE('',#1608,(#1612,#1619),.PCURVE_S1.);
#1608 = LINE('',#1609,#1610);
#1609 = CARTESIAN_POINT('',(-30.,-25.,9.));
#1610 = VECTOR('',#1611,1.);
#1611 = DIRECTION('',(0.,1.,0.));
#1612 = PCURVE('',#1260,#1613);
#1613 = DEFINITIONAL_REPRESENTATION('',(#1614),#1618);
#1614 = LINE('',#1615,#1616);
#1615 = CARTESIAN_POINT('',(18.,0.));
#1616 = VECTOR('',#1617,1.);
#1617 = DIRECTION('',(0.,-1.));
#1618 = ( GEOMETRIC_REPRESENTATION_CONTEXT(2) 
PARAMETRIC_REPRESENTATION_CONTEXT() REPRESENTATION_CONTEXT('2D SPACE',''
  ) );
#1619 = PCURVE('',#1344,#1620);
#1620 = DEFINITIONAL_REPRESENTATION('',(#1621),#1625);
#1621 = LINE('',#1622,#1623);
#1622 = CARTESIAN_POINT('',(0.,0.));
#1623 = VECTOR('',#1624,1.);
#1624 = DIRECTION('',(0.,1.));
#1625 = ( GEOMETRIC_REPRESENTATION_CONTEXT(2) 
PARAMETRIC_REPRESENTATION_CONTEXT() REPRESENTATION_CONTEXT('2D SPACE',''
  ) );
#1626 = ORIENTED_EDGE('',*,*,#1627,.F.);
#1627 = EDGE_CURVE('',#1628,#1603,#1630,.T.);
#1628 = VERTEX_POINT('',#1629);
#1629 = CARTESIAN_POINT('',(-30.,-25.,-9.));
#1630 = SURFACE_CURVE('',#1631,(#1635,#1642),.PCURVE_S1.);
#1631 = LINE('',#1632,#1633);
#1632 = CARTESIAN_POINT('',(-30.,-25.,-9.));
#1633 = VECTOR('',#1634,1.);
#1634 = DIRECTION('',(0.,0.,1.));
#1635 = PCURVE('',#1260,#1636);
#1636 = DEFINITIONAL_REPRESENTATION('',(#1637),#1641);
#1637 = LINE('',#1638,#1639);
#1638 = CARTESIAN_POINT('',(0.,0.));
#1639 = VECTOR('',#1640,1.);
#1640 = DIRECTION('',(1.,0.));
#1641 = ( GEOMETRIC_REPRESENTATION_CONTEXT(2) 
PARAMETRIC_REPRESENTATION_CONTEXT() REPRESENTATION_CONTEXT('2D SPACE',''
  ) );
#1642 = PCURVE('',#1372,#1643);
#1643 = DEFINITIONAL_REPRESENTATION('',(#1644),#1648);
#1644 = LINE('',#1645,#1646);
#1645 = CARTESIAN_POINT('',(0.,0.));
#1646 = VECTOR('',#1647,1.);
#1647 = DIRECTION('',(1.,0.));
#1648 = ( GEOMETRIC_REPRESENTATION_CONTEXT(2) 
PARAMETRIC_REPRESENTATION_CONTEXT() REPRESENTATION_CONTEXT('2D SPACE',''
  ) );
#1649 = ORIENTED_EDGE('',*,*,#1650,.T.);
#1650 = EDGE_CURVE('',#1628,#1244,#1651,.T.);
#1651 = SURFACE_CURVE('',#1652,(#1656,#1663),.PCURVE_S1.);
#1652 = LINE('',#1653,#1654);
#1653 = CARTESIAN_POINT('',(-30.,-25.,-9.));
#1654 = VECTOR('',#1655,1.);
#1655 = DIRECTION('',(0.,1.,0.));
#1656 = PCURVE('',#1260,#1657);
#1657 = DEFINITIONAL_REPRESENTATION('',(#1658),#1662);
#1658 = LINE('',#1659,#1660);
#1659 = CARTESIAN_POINT('',(0.,0.));
#1660 = VECTOR('',#1661,1.);
#1661 = DIRECTION('',(0.,-1.));
#1662 = ( GEOMETRIC_REPRESENTATION_CONTEXT(2) 
PARAMETRIC_REPRESENTATION_CONTEXT() REPRESENTATION_CONTEXT('2D SPACE',''
  ) );
#1663 = PCURVE('',#1287,#1664);
#1664 = DEFINITIONAL_REPRESENTATION('',(#1665),#1669);
#1665 = LINE('',#1666,#1667);
#1666 = CARTESIAN_POINT('',(0.,0.));
#1667 = VECTOR('',#1668,1.);
#1668 = DIRECTION('',(0.,1.));
#1669 = ( GEOMETRIC_REPRESENTATION_CONTEXT(2) 
PARAMETRIC_REPRESENTATION_CONTEXT() REPRESENTATION_CONTEXT('2D SPACE',''
  ) );
#1670 = ORIENTED_EDGE('',*,*,#1243,.T.);
#1671 = ORIENTED_EDGE('',*,*,#1553,.T.);
#1672 = ORIENTED_EDGE('',*,*,#1673,.T.);
#1673 = EDGE_CURVE('',#1554,#1674,#1676,.T.);
#1674 = VERTEX_POINT('',#1675);
#1675 = CARTESIAN_POINT('',(-30.,25.,9.));
#1676 = SURFACE_CURVE('',#1677,(#1681,#1688),.PCURVE_S1.);
#1677 = LINE('',#1678,#1679);
#1678 = CARTESIAN_POINT('',(-30.,25.,-9.));
#1679 = VECTOR('',#1680,1.);
#1680 = DIRECTION('',(0.,0.,1.));
#1681 = PCURVE('',#1260,#1682);
#1682 = DEFINITIONAL_REPRESENTATION('',(#1683),#1687);
#1683 = LINE('',#1684,#1685);
#1684 = CARTESIAN_POINT('',(0.,-50.));
#1685 = VECTOR('',#1686,1.);
#1686 = DIRECTION('',(1.,0.));
#1687 = ( GEOMETRIC_REPRESENTATION_CONTEXT(2) 
PARAMETRIC_REPRESENTATION_CONTEXT() REPRESENTATION_CONTEXT('2D SPACE',''
  ) );
#1688 = PCURVE('',#1445,#1689);
#1689 = DEFINITIONAL_REPRESENTATION('',(#1690),#1694);
#1690 = LINE('',#1691,#1692);
#1691 = CARTESIAN_POINT('',(0.,0.));
#1692 = VECTOR('',#1693,1.);
#1693 = DIRECTION('',(1.,0.));
#1694 = ( GEOMETRIC_REPRESENTATION_CONTEXT(2) 
PARAMETRIC_REPRESENTATION_CONTEXT() REPRESENTATION_CONTEXT('2D SPACE',''
  ) );
#1695 = ORIENTED_EDGE('',*,*,#1696,.F.);
#1696 = EDGE_CURVE('',#1697,#1674,#1699,.T.);
#1697 = VERTEX_POINT('',#1698);
#1698 = CARTESIAN_POINT('',(-30.,15.58845726812,9.));
#1699 = SURFACE_CURVE('',#1700,(#1704,#1711),.PCURVE_S1.);
#1700 = LINE('',#1701,#1702);
#1701 = CARTESIAN_POINT('',(-30.,-25.,9.));
#1702 = VECTOR('',#1703,1.);
#1703 = DIRECTION('',(0.,1.,0.));
#1704 = PCURVE('',#1260,#1705);
#1705 = DEFINITIONAL_REPRESENTATION('',(#1706),#1710);
#1706 = LINE('',#1707,#1708);
#1707 = CARTESIAN_POINT('',(18.,0.));
#1708 = VECTOR('',#1709,1.);
#1709 = DIRECTION('',(0.,-1.));
#1710 = ( GEOMETRIC_REPRESENTATION_CONTEXT(2) 
PARAMETRIC_REPRESENTATION_CONTEXT() REPRESENTATION_CONTEXT('2D SPACE',''
  ) );
#1711 = PCURVE('',#1473,#1712);
#1712 = DEFINITIONAL_REPRESENTATION('',(#1713),#1717);
#1713 = LINE('',#1714,#1715);
#1714 = CARTESIAN_POINT('',(0.,0.));
#1715 = VECTOR('',#1716,1.);
#1716 = DIRECTION('',(0.,1.));
#1717 = ( GEOMETRIC_REPRESENTATION_CONTEXT(2) 
PARAMETRIC_REPRESENTATION_CONTEXT() REPRESENTATION_CONTEXT('2D SPACE',''
  ) );
#1718 = ORIENTED_EDGE('',*,*,#1719,.T.);
#1719 = EDGE_CURVE('',#1697,#1605,#1720,.T.);
#1720 = SURFACE_CURVE('',#1721,(#1726,#1733),.PCURVE_S1.);
#1721 = CIRCLE('',#1722,18.);
#1722 = AXIS2_PLACEMENT_3D('',#1723,#1724,#1725);
#1723 = CARTESIAN_POINT('',(-30.,0.,0.));
#1724 = DIRECTION('',(1.,0.,0.));
#1725 = DIRECTION('',(0.,1.,0.));
#1726 = PCURVE('',#1260,#1727);
#1727 = DEFINITIONAL_REPRESENTATION('',(#1728),#1732);
#1728 = CIRCLE('',#1729,18.);
#1729 = AXIS2_PLACEMENT_2D('',#1730,#1731);
#1730 = CARTESIAN_POINT('',(9.,-25.));
#1731 = DIRECTION('',(0.,-1.));
#1732 = ( GEOMETRIC_REPRESENTATION_CONTEXT(2) 
PARAMETRIC_REPRESENTATION_CONTEXT() REPRESENTATION_CONTEXT('2D SPACE',''
  ) );
#1733 = PCURVE('',#1500,#1734);
#1734 = DEFINITIONAL_REPRESENTATION('',(#1735),#1739);
#1735 = LINE('',#1736,#1737);
#1736 = CARTESIAN_POINT('',(-0.,0.));
#1737 = VECTOR('',#1738,1.);
#1738 = DIRECTION('',(-1.,0.));
#1739 = ( GEOMETRIC_REPRESENTATION_CONTEXT(2) 
PARAMETRIC_REPRESENTATION_CONTEXT() REPRESENTATION_CONTEXT('2D SPACE',''
  ) );
#1740 = FACE_BOUND('',#1741,.F.);
#1741 = EDGE_LOOP('',(#1742));
#1742 = ORIENTED_EDGE('',*,*,#1743,.F.);
#1743 = EDGE_CURVE('',#1744,#1744,#1746,.T.);
#1744 = VERTEX_POINT('',#1745);
#1745 = CARTESIAN_POINT('',(-30.,5.,0.));
#1746 = SURFACE_CURVE('',#1747,(#1752,#1759),.PCURVE_S1.);
#1747 = CIRCLE('',#1748,5.);
#1748 = AXIS2_PLACEMENT_3D('',#1749,#1750,#1751);
#1749 = CARTESIAN_POINT('',(-30.,0.,0.));
#1750 = DIRECTION('',(1.,0.,0.));
#1751 = DIRECTION('',(0.,1.,0.));
#1752 = PCURVE('',#1260,#1753);
#1753 = DEFINITIONAL_REPRESENTATION('',(#1754),#1758);
#1754 = CIRCLE('',#1755,5.);
#1755 = AXIS2_PLACEMENT_2D('',#1756,#1757);
#1756 = CARTESIAN_POINT('',(9.,-25.));
#1757 = DIRECTION('',(0.,-1.));
#1758 = ( GEOMETRIC_REPRESENTATION_CONTEXT(2) 
PARAMETRIC_REPRESENTATION_CONTEXT() REPRESENTATION_CONTEXT('2D SPACE',''
  ) );
#1759 = PCURVE('',#1760,#1765);
#1760 = CYLINDRICAL_SURFACE('',#1761,5.);
#1761 = AXIS2_PLACEMENT_3D('',#1762,#1763,#1764);
#1762 = CARTESIAN_POINT('',(-35.,0.,0.));
#1763 = DIRECTION('',(-1.,-0.,-0.));
#1764 = DIRECTION('',(0.,1.,0.));
#1765 = DEFINITIONAL_REPRESENTATION('',(#1766),#1770);
#1766 = LINE('',#1767,#1768);
#1767 = CARTESIAN_POINT('',(-0.,-5.));
#1768 = VECTOR('',#1769,1.);
#1769 = DIRECTION('',(-1.,0.));
#1770 = ( GEOMETRIC_REPRESENTATION_CONTEXT(2) 
PARAMETRIC_REPRESENTATION_CONTEXT() REPRESENTATION_CONTEXT('2D SPACE',''
  ) );
#1771 = ADVANCED_FACE('',(#1772),#1287,.F.);
#1772 = FACE_BOUND('',#1773,.F.);
#1773 = EDGE_LOOP('',(#1774,#1775,#1796,#1797));
#1774 = ORIENTED_EDGE('',*,*,#1650,.F.);
#1775 = ORIENTED_EDGE('',*,*,#1776,.T.);
#1776 = EDGE_CURVE('',#1628,#1357,#1777,.T.);
#1777 = SURFACE_CURVE('',#1778,(#1782,#1789),.PCURVE_S1.);
#1778 = LINE('',#1779,#1780);
#1779 = CARTESIAN_POINT('',(-30.,-25.,-9.));
#1780 = VECTOR('',#1781,1.);
#1781 = DIRECTION('',(1.,0.,0.));
#1782 = PCURVE('',#1287,#1783);
#1783 = DEFINITIONAL_REPRESENTATION('',(#1784),#1788);
#1784 = LINE('',#1785,#1786);
#1785 = CARTESIAN_POINT('',(0.,0.));
#1786 = VECTOR('',#1787,1.);
#1787 = DIRECTION('',(1.,0.));
#1788 = ( GEOMETRIC_REPRESENTATION_CONTEXT(2) 
PARAMETRIC_REPRESENTATION_CONTEXT() REPRESENTATION_CONTEXT('2D SPACE',''
  ) );
#1789 = PCURVE('',#1372,#1790);
#1790 = DEFINITIONAL_REPRESENTATION('',(#1791),#1795);
#1791 = LINE('',#1792,#1793);
#1792 = CARTESIAN_POINT('',(0.,0.));
#1793 = VECTOR('',#1794,1.);
#1794 = DIRECTION('',(0.,1.));
#1795 = ( GEOMETRIC_REPRESENTATION_CONTEXT(2) 
PARAMETRIC_REPRESENTATION_CONTEXT() REPRESENTATION_CONTEXT('2D SPACE',''
  ) );
#1796 = ORIENTED_EDGE('',*,*,#1384,.T.);
#1797 = ORIENTED_EDGE('',*,*,#1272,.T.);
#1798 = ADVANCED_FACE('',(#1799),#1344,.T.);
#1799 = FACE_BOUND('',#1800,.T.);
#1800 = EDGE_LOOP('',(#1801,#1802,#1823,#1824,#1845,#1873,#1901,#1929));
#1801 = ORIENTED_EDGE('',*,*,#1602,.F.);
#1802 = ORIENTED_EDGE('',*,*,#1803,.T.);
#1803 = EDGE_CURVE('',#1603,#1327,#1804,.T.);
#1804 = SURFACE_CURVE('',#1805,(#1809,#1816),.PCURVE_S1.);
#1805 = LINE('',#1806,#1807);
#1806 = CARTESIAN_POINT('',(-30.,-25.,9.));
#1807 = VECTOR('',#1808,1.);
#1808 = DIRECTION('',(1.,0.,0.));
#1809 = PCURVE('',#1344,#1810);
#1810 = DEFINITIONAL_REPRESENTATION('',(#1811),#1815);
#1811 = LINE('',#1812,#1813);
#1812 = CARTESIAN_POINT('',(0.,0.));
#1813 = VECTOR('',#1814,1.);
#1814 = DIRECTION('',(1.,0.));
#1815 = ( GEOMETRIC_REPRESENTATION_CONTEXT(2) 
PARAMETRIC_REPRESENTATION_CONTEXT() REPRESENTATION_CONTEXT('2D SPACE',''
  ) );
#1816 = PCURVE('',#1372,#1817);
#1817 = DEFINITIONAL_REPRESENTATION('',(#1818),#1822);
#1818 = LINE('',#1819,#1820);
#1819 = CARTESIAN_POINT('',(18.,0.));
#1820 = VECTOR('',#1821,1.);
#1821 = DIRECTION('',(0.,1.));
#1822 = ( GEOMETRIC_REPRESENTATION_CONTEXT(2) 
PARAMETRIC_REPRESENTATION_CONTEXT() REPRESENTATION_CONTEXT('2D SPACE',''
  ) );
#1823 = ORIENTED_EDGE('',*,*,#1326,.T.);
#1824 = ORIENTED_EDGE('',*,*,#1825,.T.);
#1825 = EDGE_CURVE('',#1329,#1826,#1828,.T.);
#1826 = VERTEX_POINT('',#1827);
#1827 = CARTESIAN_POINT('',(29.,-15.58845726812,9.));
#1828 = SURFACE_CURVE('',#1829,(#1833,#1839),.PCURVE_S1.);
#1829 = LINE('',#1830,#1831);
#1830 = CARTESIAN_POINT('',(-30.,-15.58845726812,9.));
#1831 = VECTOR('',#1832,1.);
#1832 = DIRECTION('',(-1.,-0.,-0.));
#1833 = PCURVE('',#1344,#1834);
#1834 = DEFINITIONAL_REPRESENTATION('',(#1835),#1838);
#1835 = B_SPLINE_CURVE_WITH_KNOTS('',1,(#1836,#1837),.UNSPECIFIED.,.F.,
  .F.,(2,2),(-60.0000006,5.999999999062E-07),.PIECEWISE_BEZIER_KNOTS.);
#1836 = CARTESIAN_POINT('',(60.0000006,9.41154273188));
#1837 = CARTESIAN_POINT('',(-5.999999999062E-07,9.41154273188));
#1838 = ( GEOMETRIC_REPRESENTATION_CONTEXT(2) 
PARAMETRIC_REPRESENTATION_CONTEXT() REPRESENTATION_CONTEXT('2D SPACE',''
  ) );
#1839 = PCURVE('',#1500,#1840);
#1840 = DEFINITIONAL_REPRESENTATION('',(#1841),#1844);
#1841 = B_SPLINE_CURVE_WITH_KNOTS('',1,(#1842,#1843),.UNSPECIFIED.,.F.,
  .F.,(2,2),(-60.0000006,5.999999999062E-07),.PIECEWISE_BEZIER_KNOTS.);
#1842 = CARTESIAN_POINT('',(-2.617993877991,-60.0000006));
#1843 = CARTESIAN_POINT('',(-2.617993877991,5.999999999062E-07));
#1844 = ( GEOMETRIC_REPRESENTATION_CONTEXT(2) 
PARAMETRIC_REPRESENTATION_CONTEXT() REPRESENTATION_CONTEXT('2D SPACE',''
  ) );
#1845 = ORIENTED_EDGE('',*,*,#1846,.F.);
#1846 = EDGE_CURVE('',#1847,#1826,#1849,.T.);
#1847 = VERTEX_POINT('',#1848);
#1848 = CARTESIAN_POINT('',(29.,-21.5,9.));
#1849 = SURFACE_CURVE('',#1850,(#1854,#1861),.PCURVE_S1.);
#1850 = LINE('',#1851,#1852);
#1851 = CARTESIAN_POINT('',(29.,-21.5,9.));
#1852 = VECTOR('',#1853,1.);
#1853 = DIRECTION('',(0.,1.,0.));
#1854 = PCURVE('',#1344,#1855);
#1855 = DEFINITIONAL_REPRESENTATION('',(#1856),#1860);
#1856 = LINE('',#1857,#1858);
#1857 = CARTESIAN_POINT('',(59.,3.5));
#1858 = VECTOR('',#1859,1.);
#1859 = DIRECTION('',(0.,1.));
#1860 = ( GEOMETRIC_REPRESENTATION_CONTEXT(2) 
PARAMETRIC_REPRESENTATION_CONTEXT() REPRESENTATION_CONTEXT('2D SPACE',''
  ) );
#1861 = PCURVE('',#1862,#1867);
#1862 = PLANE('',#1863);
#1863 = AXIS2_PLACEMENT_3D('',#1864,#1865,#1866);
#1864 = CARTESIAN_POINT('',(29.,-21.5,9.));
#1865 = DIRECTION('',(1.,0.,0.));
#1866 = DIRECTION('',(0.,0.,1.));
#1867 = DEFINITIONAL_REPRESENTATION('',(#1868),#1872);
#1868 = LINE('',#1869,#1870);
#1869 = CARTESIAN_POINT('',(0.,0.));
#1870 = VECTOR('',#1871,1.);
#1871 = DIRECTION('',(0.,-1.));
#1872 = ( GEOMETRIC_REPRESENTATION_CONTEXT(2) 
PARAMETRIC_REPRESENTATION_CONTEXT() REPRESENTATION_CONTEXT('2D SPACE',''
  ) );
#1873 = ORIENTED_EDGE('',*,*,#1874,.F.);
#1874 = EDGE_CURVE('',#1875,#1847,#1877,.T.);
#1875 = VERTEX_POINT('',#1876);
#1876 = CARTESIAN_POINT('',(-29.,-21.5,9.));
#1877 = SURFACE_CURVE('',#1878,(#1882,#1889),.PCURVE_S1.);
#1878 = LINE('',#1879,#1880);
#1879 = CARTESIAN_POINT('',(-29.,-21.5,9.));
#1880 = VECTOR('',#1881,1.);
#1881 = DIRECTION('',(1.,0.,0.));
#1882 = PCURVE('',#1344,#1883);
#1883 = DEFINITIONAL_REPRESENTATION('',(#1884),#1888);
#1884 = LINE('',#1885,#1886);
#1885 = CARTESIAN_POINT('',(1.,3.5));
#1886 = VECTOR('',#1887,1.);
#1887 = DIRECTION('',(1.,0.));
#1888 = ( GEOMETRIC_REPRESENTATION_CONTEXT(2) 
PARAMETRIC_REPRESENTATION_CONTEXT() REPRESENTATION_CONTEXT('2D SPACE',''
  ) );
#1889 = PCURVE('',#1890,#1895);
#1890 = PLANE('',#1891);
#1891 = AXIS2_PLACEMENT_3D('',#1892,#1893,#1894);
#1892 = CARTESIAN_POINT('',(-29.,-21.5,9.));
#1893 = DIRECTION('',(0.,1.,0.));
#1894 = DIRECTION('',(0.,0.,1.));
#1895 = DEFINITIONAL_REPRESENTATION('',(#1896),#1900);
#1896 = LINE('',#1897,#1898);
#1897 = CARTESIAN_POINT('',(0.,0.));
#1898 = VECTOR('',#1899,1.);
#1899 = DIRECTION('',(0.,1.));
#1900 = ( GEOMETRIC_REPRESENTATION_CONTEXT(2) 
PARAMETRIC_REPRESENTATION_CONTEXT() REPRESENTATION_CONTEXT('2D SPACE',''
  ) );
#1901 = ORIENTED_EDGE('',*,*,#1902,.T.);
#1902 = EDGE_CURVE('',#1875,#1903,#1905,.T.);
#1903 = VERTEX_POINT('',#1904);
#1904 = CARTESIAN_POINT('',(-29.,-15.58845726812,9.));
#1905 = SURFACE_CURVE('',#1906,(#1910,#1917),.PCURVE_S1.);
#1906 = LINE('',#1907,#1908);
#1907 = CARTESIAN_POINT('',(-29.,-21.5,9.));
#1908 = VECTOR('',#1909,1.);
#1909 = DIRECTION('',(0.,1.,0.));
#1910 = PCURVE('',#1344,#1911);
#1911 = DEFINITIONAL_REPRESENTATION('',(#1912),#1916);
#1912 = LINE('',#1913,#1914);
#1913 = CARTESIAN_POINT('',(1.,3.5));
#1914 = VECTOR('',#1915,1.);
#1915 = DIRECTION('',(0.,1.));
#1916 = ( GEOMETRIC_REPRESENTATION_CONTEXT(2) 
PARAMETRIC_REPRESENTATION_CONTEXT() REPRESENTATION_CONTEXT('2D SPACE',''
  ) );
#1917 = PCURVE('',#1918,#1923);
#1918 = PLANE('',#1919);
#1919 = AXIS2_PLACEMENT_3D('',#1920,#1921,#1922);
#1920 = CARTESIAN_POINT('',(-29.,-21.5,9.));
#1921 = DIRECTION('',(1.,0.,0.));
#1922 = DIRECTION('',(0.,0.,1.));
#1923 = DEFINITIONAL_REPRESENTATION('',(#1924),#1928);
#1924 = LINE('',#1925,#1926);
#1925 = CARTESIAN_POINT('',(0.,0.));
#1926 = VECTOR('',#1927,1.);
#1927 = DIRECTION('',(0.,-1.));
#1928 = ( GEOMETRIC_REPRESENTATION_CONTEXT(2) 
PARAMETRIC_REPRESENTATION_CONTEXT() REPRESENTATION_CONTEXT('2D SPACE',''
  ) );
#1929 = ORIENTED_EDGE('',*,*,#1930,.T.);
#1930 = EDGE_CURVE('',#1903,#1605,#1931,.T.);
#1931 = SURFACE_CURVE('',#1932,(#1936,#1942),.PCURVE_S1.);
#1932 = LINE('',#1933,#1934);
#1933 = CARTESIAN_POINT('',(-30.,-15.58845726812,9.));
#1934 = VECTOR('',#1935,1.);
#1935 = DIRECTION('',(-1.,-0.,-0.));
#1936 = PCURVE('',#1344,#1937);
#1937 = DEFINITIONAL_REPRESENTATION('',(#1938),#1941);
#1938 = B_SPLINE_CURVE_WITH_KNOTS('',1,(#1939,#1940),.UNSPECIFIED.,.F.,
  .F.,(2,2),(-60.0000006,5.999999999062E-07),.PIECEWISE_BEZIER_KNOTS.);
#1939 = CARTESIAN_POINT('',(60.0000006,9.41154273188));
#1940 = CARTESIAN_POINT('',(-5.999999999062E-07,9.41154273188));
#1941 = ( GEOMETRIC_REPRESENTATION_CONTEXT(2) 
PARAMETRIC_REPRESENTATION_CONTEXT() REPRESENTATION_CONTEXT('2D SPACE',''
  ) );
#1942 = PCURVE('',#1500,#1943);
#1943 = DEFINITIONAL_REPRESENTATION('',(#1944),#1947);
#1944 = B_SPLINE_CURVE_WITH_KNOTS('',1,(#1945,#1946),.UNSPECIFIED.,.F.,
  .F.,(2,2),(-60.0000006,5.999999999062E-07),.PIECEWISE_BEZIER_KNOTS.);
#1945 = CARTESIAN_POINT('',(-2.617993877991,-60.0000006));
#1946 = CARTESIAN_POINT('',(-2.617993877991,5.999999999062E-07));
#1947 = ( GEOMETRIC_REPRESENTATION_CONTEXT(2) 
PARAMETRIC_REPRESENTATION_CONTEXT() REPRESENTATION_CONTEXT('2D SPACE',''
  ) );
#1948 = ADVANCED_FACE('',(#1949),#1372,.F.);
#1949 = FACE_BOUND('',#1950,.F.);
#1950 = EDGE_LOOP('',(#1951,#1952,#1953,#1954));
#1951 = ORIENTED_EDGE('',*,*,#1776,.F.);
#1952 = ORIENTED_EDGE('',*,*,#1627,.T.);
#1953 = ORIENTED_EDGE('',*,*,#1803,.T.);
#1954 = ORIENTED_EDGE('',*,*,#1356,.F.);
#1955 = ADVANCED_FACE('',(#1956,#2174),#1500,.T.);
#1956 = FACE_BOUND('',#1957,.F.);
#1957 = EDGE_LOOP('',(#1958,#1959,#1980,#2013,#2039,#2072,#2091,#2092,
    #2093,#2121,#2147,#2173));
#1958 = ORIENTED_EDGE('',*,*,#1719,.F.);
#1959 = ORIENTED_EDGE('',*,*,#1960,.F.);
#1960 = EDGE_CURVE('',#1961,#1697,#1963,.T.);
#1961 = VERTEX_POINT('',#1962);
#1962 = CARTESIAN_POINT('',(-29.,15.58845726812,9.));
#1963 = SURFACE_CURVE('',#1964,(#1968,#1974),.PCURVE_S1.);
#1964 = LINE('',#1965,#1966);
#1965 = CARTESIAN_POINT('',(-30.,15.58845726812,9.));
#1966 = VECTOR('',#1967,1.);
#1967 = DIRECTION('',(-1.,-0.,-0.));
#1968 = PCURVE('',#1500,#1969);
#1969 = DEFINITIONAL_REPRESENTATION('',(#1970),#1973);
#1970 = B_SPLINE_CURVE_WITH_KNOTS('',1,(#1971,#1972),.UNSPECIFIED.,.F.,
  .F.,(2,2),(-60.0000006,5.999999999062E-07),.PIECEWISE_BEZIER_KNOTS.);
#1971 = CARTESIAN_POINT('',(-0.523598775598,-60.0000006));
#1972 = CARTESIAN_POINT('',(-0.523598775598,5.999999999062E-07));
#1973 = ( GEOMETRIC_REPRESENTATION_CONTEXT(2) 
PARAMETRIC_REPRESENTATION_CONTEXT() REPRESENTATION_CONTEXT('2D SPACE',''
  ) );
#1974 = PCURVE('',#1473,#1975);
#1975 = DEFINITIONAL_REPRESENTATION('',(#1976),#1979);
#1976 = B_SPLINE_CURVE_WITH_KNOTS('',1,(#1977,#1978),.UNSPECIFIED.,.F.,
  .F.,(2,2),(-60.0000006,5.999999999062E-07),.PIECEWISE_BEZIER_KNOTS.);
#1977 = CARTESIAN_POINT('',(60.0000006,40.58845726812));
#1978 = CARTESIAN_POINT('',(-5.999999999062E-07,40.58845726812));
#1979 = ( GEOMETRIC_REPRESENTATION_CONTEXT(2) 
PARAMETRIC_REPRESENTATION_CONTEXT() REPRESENTATION_CONTEXT('2D SPACE',''
  ) );
#1980 = ORIENTED_EDGE('',*,*,#1981,.F.);
#1981 = EDGE_CURVE('',#1982,#1961,#1984,.T.);
#1982 = VERTEX_POINT('',#1983);
#1983 = CARTESIAN_POINT('',(-29.,5.9160797831,17.));
#1984 = SURFACE_CURVE('',#1985,(#1990,#1997),.PCURVE_S1.);
#1985 = CIRCLE('',#1986,18.);
#1986 = AXIS2_PLACEMENT_3D('',#1987,#1988,#1989);
#1987 = CARTESIAN_POINT('',(-29.,0.,0.));
#1988 = DIRECTION('',(-1.,0.,0.));
#1989 = DIRECTION('',(0.,1.,0.));
#1990 = PCURVE('',#1500,#1991);
#1991 = DEFINITIONAL_REPRESENTATION('',(#1992),#1996);
#1992 = LINE('',#1993,#1994);
#1993 = CARTESIAN_POINT('',(-6.28318530718,-1.));
#1994 = VECTOR('',#1995,1.);
#1995 = DIRECTION('',(1.,-0.));
#1996 = ( GEOMETRIC_REPRESENTATION_CONTEXT(2) 
PARAMETRIC_REPRESENTATION_CONTEXT() REPRESENTATION_CONTEXT('2D SPACE',''
  ) );
#1997 = PCURVE('',#1998,#2003);
#1998 = PLANE('',#1999);
#1999 = AXIS2_PLACEMENT_3D('',#2000,#2001,#2002);
#2000 = CARTESIAN_POINT('',(-29.,-21.5,9.));
#2001 = DIRECTION('',(1.,0.,0.));
#2002 = DIRECTION('',(0.,0.,1.));
#2003 = DEFINITIONAL_REPRESENTATION('',(#2004),#2012);
#2004 = ( BOUNDED_CURVE() B_SPLINE_CURVE(2,(#2005,#2006,#2007,#2008,
#2009,#2010,#2011),.UNSPECIFIED.,.T.,.F.) B_SPLINE_CURVE_WITH_KNOTS((1,2
    ,2,2,2,1),(-2.094395102393,0.,2.094395102393,4.188790204786,
6.28318530718,8.377580409573),.UNSPECIFIED.) CURVE() 
GEOMETRIC_REPRESENTATION_ITEM() RATIONAL_B_SPLINE_CURVE((1.,0.5,1.,0.5,
1.,0.5,1.)) REPRESENTATION_ITEM('') );
#2005 = CARTESIAN_POINT('',(-9.,-39.5));
#2006 = CARTESIAN_POINT('',(-40.17691453624,-39.5));
#2007 = CARTESIAN_POINT('',(-24.58845726812,-12.5));
#2008 = CARTESIAN_POINT('',(-9.,14.5));
#2009 = CARTESIAN_POINT('',(6.58845726812,-12.5));
#2010 = CARTESIAN_POINT('',(22.17691453624,-39.5));
#2011 = CARTESIAN_POINT('',(-9.,-39.5));
#2012 = ( GEOMETRIC_REPRESENTATION_CONTEXT(2) 
PARAMETRIC_REPRESENTATION_CONTEXT() REPRESENTATION_CONTEXT('2D SPACE',''
  ) );
#2013 = ORIENTED_EDGE('',*,*,#2014,.F.);
#2014 = EDGE_CURVE('',#2015,#1982,#2017,.T.);
#2015 = VERTEX_POINT('',#2016);
#2016 = CARTESIAN_POINT('',(29.,5.9160797831,17.));
#2017 = SURFACE_CURVE('',#2018,(#2022,#2028),.PCURVE_S1.);
#2018 = LINE('',#2019,#2020);
#2019 = CARTESIAN_POINT('',(-30.,5.9160797831,17.));
#2020 = VECTOR('',#2021,1.);
#2021 = DIRECTION('',(-1.,-0.,-0.));
#2022 = PCURVE('',#1500,#2023);
#2023 = DEFINITIONAL_REPRESENTATION('',(#2024),#2027);
#2024 = B_SPLINE_CURVE_WITH_KNOTS('',1,(#2025,#2026),.UNSPECIFIED.,.F.,
  .F.,(2,2),(-60.0000006,5.999999999062E-07),.PIECEWISE_BEZIER_KNOTS.);
#2025 = CARTESIAN_POINT('',(-1.235900168356,-60.0000006));
#2026 = CARTESIAN_POINT('',(-1.235900168356,5.999999999062E-07));
#2027 = ( GEOMETRIC_REPRESENTATION_CONTEXT(2) 
PARAMETRIC_REPRESENTATION_CONTEXT() REPRESENTATION_CONTEXT('2D SPACE',''
  ) );
#2028 = PCURVE('',#2029,#2034);
#2029 = PLANE('',#2030);
#2030 = AXIS2_PLACEMENT_3D('',#2031,#2032,#2033);
#2031 = CARTESIAN_POINT('',(-29.,-21.5,17.));
#2032 = DIRECTION('',(0.,0.,1.));
#2033 = DIRECTION('',(1.,0.,0.));
#2034 = DEFINITIONAL_REPRESENTATION('',(#2035),#2038);
#2035 = B_SPLINE_CURVE_WITH_KNOTS('',1,(#2036,#2037),.UNSPECIFIED.,.F.,
  .F.,(2,2),(-60.0000006,5.999999999062E-07),.PIECEWISE_BEZIER_KNOTS.);
#2036 = CARTESIAN_POINT('',(59.0000006,27.4160797831));
#2037 = CARTESIAN_POINT('',(-1.0000006,27.4160797831));
#2038 = ( GEOMETRIC_REPRESENTATION_CONTEXT(2) 
PARAMETRIC_REPRESENTATION_CONTEXT() REPRESENTATION_CONTEXT('2D SPACE',''
  ) );
#2039 = ORIENTED_EDGE('',*,*,#2040,.T.);
#2040 = EDGE_CURVE('',#2015,#2041,#2043,.T.);
#2041 = VERTEX_POINT('',#2042);
#2042 = CARTESIAN_POINT('',(29.,15.58845726812,9.));
#2043 = SURFACE_CURVE('',#2044,(#2049,#2056),.PCURVE_S1.);
#2044 = CIRCLE('',#2045,18.);
#2045 = AXIS2_PLACEMENT_3D('',#2046,#2047,#2048);
#2046 = CARTESIAN_POINT('',(29.,0.,0.));
#2047 = DIRECTION('',(-1.,0.,0.));
#2048 = DIRECTION('',(0.,1.,0.));
#2049 = PCURVE('',#1500,#2050);
#2050 = DEFINITIONAL_REPRESENTATION('',(#2051),#2055);
#2051 = LINE('',#2052,#2053);
#2052 = CARTESIAN_POINT('',(-6.28318530718,-59.));
#2053 = VECTOR('',#2054,1.);
#2054 = DIRECTION('',(1.,-0.));
#2055 = ( GEOMETRIC_REPRESENTATION_CONTEXT(2) 
PARAMETRIC_REPRESENTATION_CONTEXT() REPRESENTATION_CONTEXT('2D SPACE',''
  ) );
#2056 = PCURVE('',#2057,#2062);
#2057 = PLANE('',#2058);
#2058 = AXIS2_PLACEMENT_3D('',#2059,#2060,#2061);
#2059 = CARTESIAN_POINT('',(29.,-21.5,9.));
#2060 = DIRECTION('',(1.,0.,0.));
#2061 = DIRECTION('',(0.,0.,1.));
#2062 = DEFINITIONAL_REPRESENTATION('',(#2063),#2071);
#2063 = ( BOUNDED_CURVE() B_SPLINE_CURVE(2,(#2064,#2065,#2066,#2067,
#2068,#2069,#2070),.UNSPECIFIED.,.T.,.F.) B_SPLINE_CURVE_WITH_KNOTS((1,2
    ,2,2,2,1),(-2.094395102393,0.,2.094395102393,4.188790204786,
6.28318530718,8.377580409573),.UNSPECIFIED.) CURVE() 
GEOMETRIC_REPRESENTATION_ITEM() RATIONAL_B_SPLINE_CURVE((1.,0.5,1.,0.5,
1.,0.5,1.)) REPRESENTATION_ITEM('') );
#2064 = CARTESIAN_POINT('',(-9.,-39.5));
#2065 = CARTESIAN_POINT('',(-40.17691453624,-39.5));
#2066 = CARTESIAN_POINT('',(-24.58845726812,-12.5));
#2067 = CARTESIAN_POINT('',(-9.,14.5));
#2068 = CARTESIAN_POINT('',(6.58845726812,-12.5));
#2069 = CARTESIAN_POINT('',(22.17691453624,-39.5));
#2070 = CARTESIAN_POINT('',(-9.,-39.5));
#2071 = ( GEOMETRIC_REPRESENTATION_CONTEXT(2) 
PARAMETRIC_REPRESENTATION_CONTEXT() REPRESENTATION_CONTEXT('2D SPACE',''
  ) );
#2072 = ORIENTED_EDGE('',*,*,#2073,.F.);
#2073 = EDGE_CURVE('',#1458,#2041,#2074,.T.);
#2074 = SURFACE_CURVE('',#2075,(#2079,#2085),.PCURVE_S1.);
#2075 = LINE('',#2076,#2077);
#2076 = CARTESIAN_POINT('',(-30.,15.58845726812,9.));
#2077 = VECTOR('',#2078,1.);
#2078 = DIRECTION('',(-1.,-0.,-0.));
#2079 = PCURVE('',#1500,#2080);
#2080 = DEFINITIONAL_REPRESENTATION('',(#2081),#2084);
#2081 = B_SPLINE_CURVE_WITH_KNOTS('',1,(#2082,#2083),.UNSPECIFIED.,.F.,
  .F.,(2,2),(-60.0000006,5.999999999062E-07),.PIECEWISE_BEZIER_KNOTS.);
#2082 = CARTESIAN_POINT('',(-0.523598775598,-60.0000006));
#2083 = CARTESIAN_POINT('',(-0.523598775598,5.999999999062E-07));
#2084 = ( GEOMETRIC_REPRESENTATION_CONTEXT(2) 
PARAMETRIC_REPRESENTATION_CONTEXT() REPRESENTATION_CONTEXT('2D SPACE',''
  ) );
#2085 = PCURVE('',#1473,#2086);
#2086 = DEFINITIONAL_REPRESENTATION('',(#2087),#2090);
#2087 = B_SPLINE_CURVE_WITH_KNOTS('',1,(#2088,#2089),.UNSPECIFIED.,.F.,
  .F.,(2,2),(-60.0000006,5.999999999062E-07),.PIECEWISE_BEZIER_KNOTS.);
#2088 = CARTESIAN_POINT('',(60.0000006,40.58845726812));
#2089 = CARTESIAN_POINT('',(-5.999999999062E-07,40.58845726812));
#2090 = ( GEOMETRIC_REPRESENTATION_CONTEXT(2) 
PARAMETRIC_REPRESENTATION_CONTEXT() REPRESENTATION_CONTEXT('2D SPACE',''
  ) );
#2091 = ORIENTED_EDGE('',*,*,#1485,.T.);
#2092 = ORIENTED_EDGE('',*,*,#1825,.T.);
#2093 = ORIENTED_EDGE('',*,*,#2094,.T.);
#2094 = EDGE_CURVE('',#1826,#2095,#2097,.T.);
#2095 = VERTEX_POINT('',#2096);
#2096 = CARTESIAN_POINT('',(29.,-5.9160797831,17.));
#2097 = SURFACE_CURVE('',#2098,(#2103,#2110),.PCURVE_S1.);
#2098 = CIRCLE('',#2099,18.);
#2099 = AXIS2_PLACEMENT_3D('',#2100,#2101,#2102);
#2100 = CARTESIAN_POINT('',(29.,0.,0.));
#2101 = DIRECTION('',(-1.,0.,0.));
#2102 = DIRECTION('',(0.,1.,0.));
#2103 = PCURVE('',#1500,#2104);
#2104 = DEFINITIONAL_REPRESENTATION('',(#2105),#2109);
#2105 = LINE('',#2106,#2107);
#2106 = CARTESIAN_POINT('',(-6.28318530718,-59.));
#2107 = VECTOR('',#2108,1.);
#2108 = DIRECTION('',(1.,-0.));
#2109 = ( GEOMETRIC_REPRESENTATION_CONTEXT(2) 
PARAMETRIC_REPRESENTATION_CONTEXT() REPRESENTATION_CONTEXT('2D SPACE',''
  ) );
#2110 = PCURVE('',#1862,#2111);
#2111 = DEFINITIONAL_REPRESENTATION('',(#2112),#2120);
#2112 = ( BOUNDED_CURVE() B_SPLINE_CURVE(2,(#2113,#2114,#2115,#2116,
#2117,#2118,#2119),.UNSPECIFIED.,.T.,.F.) B_SPLINE_CURVE_WITH_KNOTS((1,2
    ,2,2,2,1),(-2.094395102393,0.,2.094395102393,4.188790204786,
6.28318530718,8.377580409573),.UNSPECIFIED.) CURVE() 
GEOMETRIC_REPRESENTATION_ITEM() RATIONAL_B_SPLINE_CURVE((1.,0.5,1.,0.5,
1.,0.5,1.)) REPRESENTATION_ITEM('') );
#2113 = CARTESIAN_POINT('',(-9.,-39.5));
#2114 = CARTESIAN_POINT('',(-40.17691453624,-39.5));
#2115 = CARTESIAN_POINT('',(-24.58845726812,-12.5));
#2116 = CARTESIAN_POINT('',(-9.,14.5));
#2117 = CARTESIAN_POINT('',(6.58845726812,-12.5));
#2118 = CARTESIAN_POINT('',(22.17691453624,-39.5));
#2119 = CARTESIAN_POINT('',(-9.,-39.5));
#2120 = ( GEOMETRIC_REPRESENTATION_CONTEXT(2) 
PARAMETRIC_REPRESENTATION_CONTEXT() REPRESENTATION_CONTEXT('2D SPACE',''
  ) );
#2121 = ORIENTED_EDGE('',*,*,#2122,.T.);
#2122 = EDGE_CURVE('',#2095,#2123,#2125,.T.);
#2123 = VERTEX_POINT('',#2124);
#2124 = CARTESIAN_POINT('',(-29.,-5.9160797831,17.));
#2125 = SURFACE_CURVE('',#2126,(#2130,#2136),.PCURVE_S1.);
#2126 = LINE('',#2127,#2128);
#2127 = CARTESIAN_POINT('',(-30.,-5.9160797831,17.));
#2128 = VECTOR('',#2129,1.);
#2129 = DIRECTION('',(-1.,-0.,-0.));
#2130 = PCURVE('',#1500,#2131);
#2131 = DEFINITIONAL_REPRESENTATION('',(#2132),#2135);
#2132 = B_SPLINE_CURVE_WITH_KNOTS('',1,(#2133,#2134),.UNSPECIFIED.,.F.,
  .F.,(2,2),(-60.0000006,5.999999999062E-07),.PIECEWISE_BEZIER_KNOTS.);
#2133 = CARTESIAN_POINT('',(-1.905692485234,-60.0000006));
#2134 = CARTESIAN_POINT('',(-1.905692485234,5.999999999062E-07));
#2135 = ( GEOMETRIC_REPRESENTATION_CONTEXT(2) 
PARAMETRIC_REPRESENTATION_CONTEXT() REPRESENTATION_CONTEXT('2D SPACE',''
  ) );
#2136 = PCURVE('',#2137,#2142);
#2137 = PLANE('',#2138);
#2138 = AXIS2_PLACEMENT_3D('',#2139,#2140,#2141);
#2139 = CARTESIAN_POINT('',(-29.,-21.5,17.));
#2140 = DIRECTION('',(0.,0.,1.));
#2141 = DIRECTION('',(1.,0.,0.));
#2142 = DEFINITIONAL_REPRESENTATION('',(#2143),#2146);
#2143 = B_SPLINE_CURVE_WITH_KNOTS('',1,(#2144,#2145),.UNSPECIFIED.,.F.,
  .F.,(2,2),(-60.0000006,5.999999999062E-07),.PIECEWISE_BEZIER_KNOTS.);
#2144 = CARTESIAN_POINT('',(59.0000006,15.5839202169));
#2145 = CARTESIAN_POINT('',(-1.0000006,15.5839202169));
#2146 = ( GEOMETRIC_REPRESENTATION_CONTEXT(2) 
PARAMETRIC_REPRESENTATION_CONTEXT() REPRESENTATION_CONTEXT('2D SPACE',''
  ) );
#2147 = ORIENTED_EDGE('',*,*,#2148,.F.);
#2148 = EDGE_CURVE('',#1903,#2123,#2149,.T.);
#2149 = SURFACE_CURVE('',#2150,(#2155,#2162),.PCURVE_S1.);
#2150 = CIRCLE('',#2151,18.);
#2151 = AXIS2_PLACEMENT_3D('',#2152,#2153,#2154);
#2152 = CARTESIAN_POINT('',(-29.,0.,0.));
#2153 = DIRECTION('',(-1.,0.,0.));
#2154 = DIRECTION('',(0.,1.,0.));
#2155 = PCURVE('',#1500,#2156);
#2156 = DEFINITIONAL_REPRESENTATION('',(#2157),#2161);
#2157 = LINE('',#2158,#2159);
#2158 = CARTESIAN_POINT('',(-6.28318530718,-1.));
#2159 = VECTOR('',#2160,1.);
#2160 = DIRECTION('',(1.,-0.));
#2161 = ( GEOMETRIC_REPRESENTATION_CONTEXT(2) 
PARAMETRIC_REPRESENTATION_CONTEXT() REPRESENTATION_CONTEXT('2D SPACE',''
  ) );
#2162 = PCURVE('',#1918,#2163);
#2163 = DEFINITIONAL_REPRESENTATION('',(#2164),#2172);
#2164 = ( BOUNDED_CURVE() B_SPLINE_CURVE(2,(#2165,#2166,#2167,#2168,
#2169,#2170,#2171),.UNSPECIFIED.,.T.,.F.) B_SPLINE_CURVE_WITH_KNOTS((1,2
    ,2,2,2,1),(-2.094395102393,0.,2.094395102393,4.188790204786,
6.28318530718,8.377580409573),.UNSPECIFIED.) CURVE() 
GEOMETRIC_REPRESENTATION_ITEM() RATIONAL_B_SPLINE_CURVE((1.,0.5,1.,0.5,
1.,0.5,1.)) REPRESENTATION_ITEM('') );
#2165 = CARTESIAN_POINT('',(-9.,-39.5));
#2166 = CARTESIAN_POINT('',(-40.17691453624,-39.5));
#2167 = CARTESIAN_POINT('',(-24.58845726812,-12.5));
#2168 = CARTESIAN_POINT('',(-9.,14.5));
#2169 = CARTESIAN_POINT('',(6.58845726812,-12.5));
#2170 = CARTESIAN_POINT('',(22.17691453624,-39.5));
#2171 = CARTESIAN_POINT('',(-9.,-39.5));
#2172 = ( GEOMETRIC_REPRESENTATION_CONTEXT(2) 
PARAMETRIC_REPRESENTATION_CONTEXT() REPRESENTATION_CONTEXT('2D SPACE',''
  ) );
#2173 = ORIENTED_EDGE('',*,*,#1930,.T.);
#2174 = FACE_BOUND('',#2175,.F.);
#2175 = EDGE_LOOP('',(#2176));
#2176 = ORIENTED_EDGE('',*,*,#2177,.T.);
#2177 = EDGE_CURVE('',#2178,#2178,#2180,.T.);
#2178 = VERTEX_POINT('',#2179);
#2179 = CARTESIAN_POINT('',(3.18,0.,18.));
#2180 = SURFACE_CURVE('',#2181,(#2244,#2310),.PCURVE_S1.);
#2181 = B_SPLINE_CURVE_WITH_KNOTS('',7,(#2182,#2183,#2184,#2185,#2186,
    #2187,#2188,#2189,#2190,#2191,#2192,#2193,#2194,#2195,#2196,#2197,
    #2198,#2199,#2200,#2201,#2202,#2203,#2204,#2205,#2206,#2207,#2208,
    #2209,#2210,#2211,#2212,#2213,#2214,#2215,#2216,#2217,#2218,#2219,
    #2220,#2221,#2222,#2223,#2224,#2225,#2226,#2227,#2228,#2229,#2230,
    #2231,#2232,#2233,#2234,#2235,#2236,#2237,#2238,#2239,#2240,#2241,
    #2242,#2243),.UNSPECIFIED.,.T.,.F.,(8,6,6,6,6,6,6,6,6,6,8),(0.,
    7.91645048208E-02,0.17763331024,0.348359186952,0.456498327246,
    0.550122178235,0.651410750562,0.749877354686,0.848349449319,
    0.953101092256,1.),.UNSPECIFIED.);
#2182 = CARTESIAN_POINT('',(3.18,0.,18.));
#2183 = CARTESIAN_POINT('',(3.18,0.274261027849,18.));
#2184 = CARTESIAN_POINT('',(3.152403962054,0.54584632437,17.995124644958
    ));
#2185 = CARTESIAN_POINT('',(3.098180632007,0.81044660538,17.985545484279
    ));
#2186 = CARTESIAN_POINT('',(3.019379418036,1.063967002686,
    17.971881342396));
#2187 = CARTESIAN_POINT('',(2.919076310075,1.302771904124,
    17.955145403809));
#2188 = CARTESIAN_POINT('',(2.801352534912,1.523909214486,
    17.936516770399));
#2189 = CARTESIAN_POINT('',(2.509494683304,1.97579355607,17.893003384459
    ));
#2190 = CARTESIAN_POINT('',(2.326530503798,2.198946722444,
    17.867391473119));
#2191 = CARTESIAN_POINT('',(2.127484845695,2.395197643854,
    17.841843834218));
#2192 = CARTESIAN_POINT('',(1.916210165135,2.565459980416,17.81757598726
    ));
#2193 = CARTESIAN_POINT('',(1.695656900507,2.710779182269,
    17.795449736737));
#2194 = CARTESIAN_POINT('',(1.468088704752,2.832133081069,
    17.776077187089));
#2195 = CARTESIAN_POINT('',(0.831477924907,3.100487028127,
    17.731800085596));
#2196 = CARTESIAN_POINT('',(0.411966215174,3.200893233676,
    17.713279321679));
#2197 = CARTESIAN_POINT('',(-1.433931143725E-02,3.235627454985,
    17.706509368855));
#2198 = CARTESIAN_POINT('',(-0.44153112881,3.206091468581,
    17.712130931582));
#2199 = CARTESIAN_POINT('',(-0.863458762687,3.111481104493,
    17.729889185619));
#2200 = CARTESIAN_POINT('',(-1.272965935924,2.948854608048,
    17.758405142286));
#2201 = CARTESIAN_POINT('',(-1.90215145781,2.564367339251,
    17.817035869887));
#2202 = CARTESIAN_POINT('',(-2.137712373955,2.385266507968,
    17.842855564438));
#2203 = CARTESIAN_POINT('',(-2.360782287408,2.174900736571,
    17.87087988099));
#2204 = CARTESIAN_POINT('',(-2.566460406017,1.932352912575,
    17.899784634204));
#2205 = CARTESIAN_POINT('',(-2.748903733324,1.65723329753,
    17.927760411677));
#2206 = CARTESIAN_POINT('',(-2.901105087395,1.350019390811,
    17.952479888368));
#2207 = CARTESIAN_POINT('',(-3.112504293662,0.720821625628,
    17.987938486989));
#2208 = CARTESIAN_POINT('',(-3.181163938507,0.407188560282,
    18.00006126717));
#2209 = CARTESIAN_POINT('',(-3.212762495603,8.030585155647E-02,
    18.005921842079));
#2210 = CARTESIAN_POINT('',(-3.203854342158,-0.249912861639,
    18.004279902829));
#2211 = CARTESIAN_POINT('',(-3.155023735234,-0.573129659892,
    17.995351620245));
#2212 = CARTESIAN_POINT('',(-3.070879791293,-0.879722220084,
    17.980711352473));
#2213 = CARTESIAN_POINT('',(-2.840414448437,-1.466938336887,
    17.942731128516));
#2214 = CARTESIAN_POINT('',(-2.689000110683,-1.744823012178,
    17.918684503623));
#2215 = CARTESIAN_POINT('',(-2.512822936707,-1.994259608157,
    17.892330789312));
#2216 = CARTESIAN_POINT('',(-2.317441829315,-2.215174618796,
    17.865486584698));
#2217 = CARTESIAN_POINT('',(-2.107447797322,-2.408086071555,
    17.839559352112));
#2218 = CARTESIAN_POINT('',(-1.88664798974,-2.573841311375,
    17.815591177373));
#2219 = CARTESIAN_POINT('',(-1.436045623889,-2.849198685207,
    17.773601742382));
#2220 = CARTESIAN_POINT('',(-1.205872318429,-2.960721816148,
    17.755359417977));
#2221 = CARTESIAN_POINT('',(-0.969941997184,-3.048941702068,
    17.740222537651));
#2222 = CARTESIAN_POINT('',(-0.730035227259,-3.114590028307,
    17.728613556502));
#2223 = CARTESIAN_POINT('',(-0.487584209405,-3.158186845933,
    17.720788618342));
#2224 = CARTESIAN_POINT('',(-0.243834582621,-3.18,17.716873313313));
#2225 = CARTESIAN_POINT('',(0.243848178866,-3.18,17.716873313313));
#2226 = CARTESIAN_POINT('',(0.487599977587,-3.158184354555,
    17.720789077568));
#2227 = CARTESIAN_POINT('',(0.730047319869,-3.114586422886,
    17.728614188213));
#2228 = CARTESIAN_POINT('',(0.969949227533,-3.048938719619,
    17.740223039694));
#2229 = CARTESIAN_POINT('',(1.205876100872,-2.960719965782,
    17.755359721669));
#2230 = CARTESIAN_POINT('',(1.436047574221,-2.849197493384,
    17.773601924124));
#2231 = CARTESIAN_POINT('',(1.894444641617,-2.569076876591,
    17.816317709304));
#2232 = CARTESIAN_POINT('',(2.122654987273,-2.396653474911,
    17.841211914218));
#2233 = CARTESIAN_POINT('',(2.339228920372,-2.195056822964,
    17.868186348311));
#2234 = CARTESIAN_POINT('',(2.539838988452,-1.963400989928,
    17.896064105457));
#2235 = CARTESIAN_POINT('',(2.719294750344,-1.701218486801,
    17.923246222041));
#2236 = CARTESIAN_POINT('',(2.871337493108,-1.408763066571,
    17.947671013129));
#2237 = CARTESIAN_POINT('',(3.040553749156,-0.943845224075,
    17.975814426526));
#2238 = CARTESIAN_POINT('',(3.085754030227,-0.794546304603,
    17.983504839443));
#2239 = CARTESIAN_POINT('',(3.122900404583,-0.640638653855,
    17.989943645352));
#2240 = CARTESIAN_POINT('',(3.151283657302,-0.483131847703,
    17.994926714565));
#2241 = CARTESIAN_POINT('',(3.170409274758,-0.323105946027,
    17.998305664765));
#2242 = CARTESIAN_POINT('',(3.18,-0.161683313999,18.));
#2243 = CARTESIAN_POINT('',(3.18,0.,18.));
#2244 = PCURVE('',#1500,#2245);
#2245 = DEFINITIONAL_REPRESENTATION('',(#2246),#2309);
#2246 = B_SPLINE_CURVE_WITH_KNOTS('',7,(#2247,#2248,#2249,#2250,#2251,
    #2252,#2253,#2254,#2255,#2256,#2257,#2258,#2259,#2260,#2261,#2262,
    #2263,#2264,#2265,#2266,#2267,#2268,#2269,#2270,#2271,#2272,#2273,
    #2274,#2275,#2276,#2277,#2278,#2279,#2280,#2281,#2282,#2283,#2284,
    #2285,#2286,#2287,#2288,#2289,#2290,#2291,#2292,#2293,#2294,#2295,
    #2296,#2297,#2298,#2299,#2300,#2301,#2302,#2303,#2304,#2305,#2306,
    #2307,#2308),.UNSPECIFIED.,.T.,.F.,(8,6,6,6,6,6,6,6,6,6,8),(0.,
    7.91645048208E-02,0.17763331024,0.348359186952,0.456498327246,
    0.550122178235,0.651410750562,0.749877354686,0.848349449319,
    0.953101092256,1.),.UNSPECIFIED.);
#2247 = CARTESIAN_POINT('',(-1.570796326795,-33.18));
#2248 = CARTESIAN_POINT('',(-1.555559603026,-33.18));
#2249 = CARTESIAN_POINT('',(-1.540471528766,-33.15240396205));
#2250 = CARTESIAN_POINT('',(-1.525765747593,-33.098180632));
#2251 = CARTESIAN_POINT('',(-1.511664421506,-33.01937941803));
#2252 = CARTESIAN_POINT('',(-1.498367116416,-32.91907631007));
#2253 = CARTESIAN_POINT('',(-1.486039079529,-32.80135253491));
#2254 = CARTESIAN_POINT('',(-1.460818272366,-32.5094946833));
#2255 = CARTESIAN_POINT('',(-1.448341572163,-32.32653050379));
#2256 = CARTESIAN_POINT('',(-1.437348431211,-32.12748484569));
#2257 = CARTESIAN_POINT('',(-1.427794689099,-31.91621016513));
#2258 = CARTESIAN_POINT('',(-1.419628714415,-31.6956569005));
#2259 = CARTESIAN_POINT('',(-1.41280155881,-31.46808870475));
#2260 = CARTESIAN_POINT('',(-1.397691438068,-30.8314779249));
#2261 = CARTESIAN_POINT('',(-1.392020203829,-30.41196621517));
#2262 = CARTESIAN_POINT('',(-1.390053713326,-29.98566068856));
#2263 = CARTESIAN_POINT('',(-1.391724177458,-29.55846887119));
#2264 = CARTESIAN_POINT('',(-1.397072624439,-29.13654123731));
#2265 = CARTESIAN_POINT('',(-1.406243023168,-28.72703406407));
#2266 = CARTESIAN_POINT('',(-1.427850350893,-28.09784854219));
#2267 = CARTESIAN_POINT('',(-1.437902932431,-27.86228762604));
#2268 = CARTESIAN_POINT('',(-1.449691997591,-27.63921771259));
#2269 = CARTESIAN_POINT('',(-1.463259645566,-27.43353959398));
#2270 = CARTESIAN_POINT('',(-1.478618125311,-27.25109626667));
#2271 = CARTESIAN_POINT('',(-1.49573579183,-27.0988949126));
#2272 = CARTESIAN_POINT('',(-1.530746686956,-26.88749570633));
#2273 = CARTESIAN_POINT('',(-1.548181039644,-26.81883606149));
#2274 = CARTESIAN_POINT('',(-1.566337738609,-26.78723750439));
#2275 = CARTESIAN_POINT('',(-1.584674636227,-26.79614565784));
#2276 = CARTESIAN_POINT('',(-1.602632040301,-26.84497626476));
#2277 = CARTESIAN_POINT('',(-1.619681938871,-26.9291202087));
#2278 = CARTESIAN_POINT('',(-1.652373221416,-27.15958555156));
#2279 = CARTESIAN_POINT('',(-1.66786529128,-27.31099988931));
#2280 = CARTESIAN_POINT('',(-1.68179650808,-27.48717706329));
#2281 = CARTESIAN_POINT('',(-1.694157855486,-27.68255817068));
#2282 = CARTESIAN_POINT('',(-1.704970594738,-27.89255220267));
#2283 = CARTESIAN_POINT('',(-1.714274718819,-28.11335201026));
#2284 = CARTESIAN_POINT('',(-1.729749189629,-28.56395437611));
#2285 = CARTESIAN_POINT('',(-1.736026896256,-28.79412768157));
#2286 = CARTESIAN_POINT('',(-1.740999475738,-29.03005800281));
#2287 = CARTESIAN_POINT('',(-1.744703187665,-29.26996477274));
#2288 = CARTESIAN_POINT('',(-1.747163928952,-29.51241579059));
#2289 = CARTESIAN_POINT('',(-1.748395139562,-29.75616541737));
#2290 = CARTESIAN_POINT('',(-1.748395139562,-30.24384817886));
#2291 = CARTESIAN_POINT('',(-1.747163787928,-30.48759997758));
#2292 = CARTESIAN_POINT('',(-1.744702984445,-30.73004731986));
#2293 = CARTESIAN_POINT('',(-1.740999307927,-30.96994922753));
#2294 = CARTESIAN_POINT('',(-1.736026791922,-31.20587610087));
#2295 = CARTESIAN_POINT('',(-1.729749122651,-31.43604757422));
#2296 = CARTESIAN_POINT('',(-1.714006968201,-31.89444464161));
#2297 = CARTESIAN_POINT('',(-1.704328867738,-32.12265498727));
#2298 = CARTESIAN_POINT('',(-1.69303028293,-32.33922892037));
#2299 = CARTESIAN_POINT('',(-1.68006992727,-32.53983898845));
#2300 = CARTESIAN_POINT('',(-1.665430251445,-32.71929475034));
#2301 = CARTESIAN_POINT('',(-1.649130428304,-32.8713374931));
#2302 = CARTESIAN_POINT('',(-1.623254379271,-33.04055374915));
#2303 = CARTESIAN_POINT('',(-1.614949333757,-33.08575403022));
#2304 = CARTESIAN_POINT('',(-1.606392082947,-33.12290040458));
#2305 = CARTESIAN_POINT('',(-1.597638166957,-33.1512836573));
#2306 = CARTESIAN_POINT('',(-1.588746657773,-33.17040927475));
#2307 = CARTESIAN_POINT('',(-1.579778733128,-33.18));
#2308 = CARTESIAN_POINT('',(-1.570796326795,-33.18));
#2309 = ( GEOMETRIC_REPRESENTATION_CONTEXT(2) 
PARAMETRIC_REPRESENTATION_CONTEXT() REPRESENTATION_CONTEXT('2D SPACE',''
  ) );
#2310 = PCURVE('',#2311,#2316);
#2311 = CYLINDRICAL_SURFACE('',#2312,3.18);
#2312 = AXIS2_PLACEMENT_3D('',#2313,#2314,#2315);
#2313 = CARTESIAN_POINT('',(0.,0.,-20.));
#2314 = DIRECTION('',(-0.,-0.,-1.));
#2315 = DIRECTION('',(1.,0.,0.));
#2316 = DEFINITIONAL_REPRESENTATION('',(#2317),#2380);
#2317 = B_SPLINE_CURVE_WITH_KNOTS('',7,(#2318,#2319,#2320,#2321,#2322,
    #2323,#2324,#2325,#2326,#2327,#2328,#2329,#2330,#2331,#2332,#2333,
    #2334,#2335,#2336,#2337,#2338,#2339,#2340,#2341,#2342,#2343,#2344,
    #2345,#2346,#2347,#2348,#2349,#2350,#2351,#2352,#2353,#2354,#2355,
    #2356,#2357,#2358,#2359,#2360,#2361,#2362,#2363,#2364,#2365,#2366,
    #2367,#2368,#2369,#2370,#2371,#2372,#2373,#2374,#2375,#2376,#2377,
    #2378,#2379),.UNSPECIFIED.,.F.,.F.,(8,6,6,6,6,6,6,6,6,6,8),(0.,
    7.91645048208E-02,0.17763331024,0.348359186952,0.456498327246,
    0.550122178235,0.651410750562,0.749877354686,0.848349449319,
    0.953101092256,1.),.UNSPECIFIED.);
#2318 = CARTESIAN_POINT('',(0.,-38.));
#2319 = CARTESIAN_POINT('',(-8.624560624169E-02,-38.));
#2320 = CARTESIAN_POINT('',(-0.171649748163,-37.99512464495));
#2321 = CARTESIAN_POINT('',(-0.255905403102,-37.98554548427));
#2322 = CARTESIAN_POINT('',(-0.338679733069,-37.97188134239));
#2323 = CARTESIAN_POINT('',(-0.41957479462,-37.9551454038));
#2324 = CARTESIAN_POINT('',(-0.498075354935,-37.93651677039));
#2325 = CARTESIAN_POINT('',(-0.667239175113,-37.89300338445));
#2326 = CARTESIAN_POINT('',(-0.757403070535,-37.86739147311));
#2327 = CARTESIAN_POINT('',(-0.8445505661,-37.84184383421));
#2328 = CARTESIAN_POINT('',(-0.929148265378,-37.81757598726));
#2329 = CARTESIAN_POINT('',(-1.011629243607,-37.79544973673));
#2330 = CARTESIAN_POINT('',(-1.092395441441,-37.77607718708));
#2331 = CARTESIAN_POINT('',(-1.309646919617,-37.73180008559));
#2332 = CARTESIAN_POINT('',(-1.443474538348,-37.71327932167));
#2333 = CARTESIAN_POINT('',(-1.575519641336,-37.70650936885));
#2334 = CARTESIAN_POINT('',(-1.707421618645,-37.71213093158));
#2335 = CARTESIAN_POINT('',(-1.840820222641,-37.72988918561));
#2336 = CARTESIAN_POINT('',(-1.97737039738,-37.75840514228));
#2337 = CARTESIAN_POINT('',(-2.209245701117,-37.81703586988));
#2338 = CARTESIAN_POINT('',(-2.30182138959,-37.84285556443));
#2339 = CARTESIAN_POINT('',(-2.397360841536,-37.87087988099));
#2340 = CARTESIAN_POINT('',(-2.496197277335,-37.8997846342));
#2341 = CARTESIAN_POINT('',(-2.598765640261,-37.92776041167));
#2342 = CARTESIAN_POINT('',(-2.705586789825,-37.95247988836));
#2343 = CARTESIAN_POINT('',(-2.914316850465,-37.98793848698));
#2344 = CARTESIAN_POINT('',(-3.014684274558,-38.00006126717));
#2345 = CARTESIAN_POINT('',(-3.116773687335,-38.00592184207));
#2346 = CARTESIAN_POINT('',(-3.21925394984,-38.00427990282));
#2347 = CARTESIAN_POINT('',(-3.320891024371,-37.99535162024));
#2348 = CARTESIAN_POINT('',(-3.420306229369,-37.98071135247));
#2349 = CARTESIAN_POINT('',(-3.618678088599,-37.94273112851));
#2350 = CARTESIAN_POINT('',(-3.717418284974,-37.91868450362));
#2351 = CARTESIAN_POINT('',(-3.812464249272,-37.89233078931));
#2352 = CARTESIAN_POINT('',(-3.904270541167,-37.86548658469));
#2353 = CARTESIAN_POINT('',(-3.993226525375,-37.83955935211));
#2354 = CARTESIAN_POINT('',(-4.079653137673,-37.81559117737));
#2355 = CARTESIAN_POINT('',(-4.245714747185,-37.77360174238));
#2356 = CARTESIAN_POINT('',(-4.325764411113,-37.75535941797));
#2357 = CARTESIAN_POINT('',(-4.404432063393,-37.74022253765));
#2358 = CARTESIAN_POINT('',(-4.482082605586,-37.7286135565));
#2359 = CARTESIAN_POINT('',(-4.559060304761,-37.72078861834));
#2360 = CARTESIAN_POINT('',(-4.63571143868,-37.71687331331));
#2361 = CARTESIAN_POINT('',(-4.789070797638,-37.71687331331));
#2362 = CARTESIAN_POINT('',(-4.865722654868,-37.72078907756));
#2363 = CARTESIAN_POINT('',(-4.942699265602,-37.72861418821));
#2364 = CARTESIAN_POINT('',(-5.020348322548,-37.74022303969));
#2365 = CARTESIAN_POINT('',(-5.099014887506,-37.75535972166));
#2366 = CARTESIAN_POINT('',(-5.179063932345,-37.77360192412));
#2367 = CARTESIAN_POINT('',(-5.347998142586,-37.8163177093));
#2368 = CARTESIAN_POINT('',(-5.437506583061,-37.84121191421));
#2369 = CARTESIAN_POINT('',(-5.52975579065,-37.86818634831));
#2370 = CARTESIAN_POINT('',(-5.62507499342,-37.89606410545));
#2371 = CARTESIAN_POINT('',(-5.723877504442,-37.92324622204));
#2372 = CARTESIAN_POINT('',(-5.826651218679,-37.94767101312));
#2373 = CARTESIAN_POINT('',(-5.982234625601,-37.97581442652));
#2374 = CARTESIAN_POINT('',(-6.031214022227,-37.98350483944));
#2375 = CARTESIAN_POINT('',(-6.080871035955,-37.98994364535));
#2376 = CARTESIAN_POINT('',(-6.131042359274,-37.99492671456));
#2377 = CARTESIAN_POINT('',(-6.181579668455,-37.99830566476));
#2378 = CARTESIAN_POINT('',(-6.232341497746,-38.));
#2379 = CARTESIAN_POINT('',(-6.28318530718,-38.));
#2380 = ( GEOMETRIC_REPRESENTATION_CONTEXT(2) 
PARAMETRIC_REPRESENTATION_CONTEXT() REPRESENTATION_CONTEXT('2D SPACE',''
  ) );
#2381 = ADVANCED_FACE('',(#2382),#1473,.T.);
#2382 = FACE_BOUND('',#2383,.T.);
#2383 = EDGE_LOOP('',(#2384,#2385,#2386,#2409,#2437,#2458,#2459,#2460));
#2384 = ORIENTED_EDGE('',*,*,#1696,.F.);
#2385 = ORIENTED_EDGE('',*,*,#1960,.F.);
#2386 = ORIENTED_EDGE('',*,*,#2387,.T.);
#2387 = EDGE_CURVE('',#1961,#2388,#2390,.T.);
#2388 = VERTEX_POINT('',#2389);
#2389 = CARTESIAN_POINT('',(-29.,21.5,9.));
#2390 = SURFACE_CURVE('',#2391,(#2395,#2402),.PCURVE_S1.);
#2391 = LINE('',#2392,#2393);
#2392 = CARTESIAN_POINT('',(-29.,-21.5,9.));
#2393 = VECTOR('',#2394,1.);
#2394 = DIRECTION('',(0.,1.,0.));
#2395 = PCURVE('',#1473,#2396);
#2396 = DEFINITIONAL_REPRESENTATION('',(#2397),#2401);
#2397 = LINE('',#2398,#2399);
#2398 = CARTESIAN_POINT('',(1.,3.5));
#2399 = VECTOR('',#2400,1.);
#2400 = DIRECTION('',(0.,1.));
#2401 = ( GEOMETRIC_REPRESENTATION_CONTEXT(2) 
PARAMETRIC_REPRESENTATION_CONTEXT() REPRESENTATION_CONTEXT('2D SPACE',''
  ) );
#2402 = PCURVE('',#1998,#2403);
#2403 = DEFINITIONAL_REPRESENTATION('',(#2404),#2408);
#2404 = LINE('',#2405,#2406);
#2405 = CARTESIAN_POINT('',(0.,0.));
#2406 = VECTOR('',#2407,1.);
#2407 = DIRECTION('',(0.,-1.));
#2408 = ( GEOMETRIC_REPRESENTATION_CONTEXT(2) 
PARAMETRIC_REPRESENTATION_CONTEXT() REPRESENTATION_CONTEXT('2D SPACE',''
  ) );
#2409 = ORIENTED_EDGE('',*,*,#2410,.T.);
#2410 = EDGE_CURVE('',#2388,#2411,#2413,.T.);
#2411 = VERTEX_POINT('',#2412);
#2412 = CARTESIAN_POINT('',(29.,21.5,9.));
#2413 = SURFACE_CURVE('',#2414,(#2418,#2425),.PCURVE_S1.);
#2414 = LINE('',#2415,#2416);
#2415 = CARTESIAN_POINT('',(-29.,21.5,9.));
#2416 = VECTOR('',#2417,1.);
#2417 = DIRECTION('',(1.,0.,0.));
#2418 = PCURVE('',#1473,#2419);
#2419 = DEFINITIONAL_REPRESENTATION('',(#2420),#2424);
#2420 = LINE('',#2421,#2422);
#2421 = CARTESIAN_POINT('',(1.,46.5));
#2422 = VECTOR('',#2423,1.);
#2423 = DIRECTION('',(1.,0.));
#2424 = ( GEOMETRIC_REPRESENTATION_CONTEXT(2) 
PARAMETRIC_REPRESENTATION_CONTEXT() REPRESENTATION_CONTEXT('2D SPACE',''
  ) );
#2425 = PCURVE('',#2426,#2431);
#2426 = PLANE('',#2427);
#2427 = AXIS2_PLACEMENT_3D('',#2428,#2429,#2430);
#2428 = CARTESIAN_POINT('',(-29.,21.5,9.));
#2429 = DIRECTION('',(0.,1.,0.));
#2430 = DIRECTION('',(0.,0.,1.));
#2431 = DEFINITIONAL_REPRESENTATION('',(#2432),#2436);
#2432 = LINE('',#2433,#2434);
#2433 = CARTESIAN_POINT('',(0.,0.));
#2434 = VECTOR('',#2435,1.);
#2435 = DIRECTION('',(0.,1.));
#2436 = ( GEOMETRIC_REPRESENTATION_CONTEXT(2) 
PARAMETRIC_REPRESENTATION_CONTEXT() REPRESENTATION_CONTEXT('2D SPACE',''
  ) );
#2437 = ORIENTED_EDGE('',*,*,#2438,.F.);
#2438 = EDGE_CURVE('',#2041,#2411,#2439,.T.);
#2439 = SURFACE_CURVE('',#2440,(#2444,#2451),.PCURVE_S1.);
#2440 = LINE('',#2441,#2442);
#2441 = CARTESIAN_POINT('',(29.,-21.5,9.));
#2442 = VECTOR('',#2443,1.);
#2443 = DIRECTION('',(0.,1.,0.));
#2444 = PCURVE('',#1473,#2445);
#2445 = DEFINITIONAL_REPRESENTATION('',(#2446),#2450);
#2446 = LINE('',#2447,#2448);
#2447 = CARTESIAN_POINT('',(59.,3.5));
#2448 = VECTOR('',#2449,1.);
#2449 = DIRECTION('',(0.,1.));
#2450 = ( GEOMETRIC_REPRESENTATION_CONTEXT(2) 
PARAMETRIC_REPRESENTATION_CONTEXT() REPRESENTATION_CONTEXT('2D SPACE',''
  ) );
#2451 = PCURVE('',#2057,#2452);
#2452 = DEFINITIONAL_REPRESENTATION('',(#2453),#2457);
#2453 = LINE('',#2454,#2455);
#2454 = CARTESIAN_POINT('',(0.,0.));
#2455 = VECTOR('',#2456,1.);
#2456 = DIRECTION('',(0.,-1.));
#2457 = ( GEOMETRIC_REPRESENTATION_CONTEXT(2) 
PARAMETRIC_REPRESENTATION_CONTEXT() REPRESENTATION_CONTEXT('2D SPACE',''
  ) );
#2458 = ORIENTED_EDGE('',*,*,#2073,.F.);
#2459 = ORIENTED_EDGE('',*,*,#1457,.T.);
#2460 = ORIENTED_EDGE('',*,*,#2461,.F.);
#2461 = EDGE_CURVE('',#1674,#1430,#2462,.T.);
#2462 = SURFACE_CURVE('',#2463,(#2467,#2474),.PCURVE_S1.);
#2463 = LINE('',#2464,#2465);
#2464 = CARTESIAN_POINT('',(-30.,25.,9.));
#2465 = VECTOR('',#2466,1.);
#2466 = DIRECTION('',(1.,0.,0.));
#2467 = PCURVE('',#1473,#2468);
#2468 = DEFINITIONAL_REPRESENTATION('',(#2469),#2473);
#2469 = LINE('',#2470,#2471);
#2470 = CARTESIAN_POINT('',(0.,50.));
#2471 = VECTOR('',#2472,1.);
#2472 = DIRECTION('',(1.,0.));
#2473 = ( GEOMETRIC_REPRESENTATION_CONTEXT(2) 
PARAMETRIC_REPRESENTATION_CONTEXT() REPRESENTATION_CONTEXT('2D SPACE',''
  ) );
#2474 = PCURVE('',#1445,#2475);
#2475 = DEFINITIONAL_REPRESENTATION('',(#2476),#2480);
#2476 = LINE('',#2477,#2478);
#2477 = CARTESIAN_POINT('',(18.,0.));
#2478 = VECTOR('',#2479,1.);
#2479 = DIRECTION('',(0.,1.));
#2480 = ( GEOMETRIC_REPRESENTATION_CONTEXT(2) 
PARAMETRIC_REPRESENTATION_CONTEXT() REPRESENTATION_CONTEXT('2D SPACE',''
  ) );
#2481 = ADVANCED_FACE('',(#2482),#1445,.T.);
#2482 = FACE_BOUND('',#2483,.T.);
#2483 = EDGE_LOOP('',(#2484,#2485,#2486,#2487));
#2484 = ORIENTED_EDGE('',*,*,#1578,.F.);
#2485 = ORIENTED_EDGE('',*,*,#1673,.T.);
#2486 = ORIENTED_EDGE('',*,*,#2461,.T.);
#2487 = ORIENTED_EDGE('',*,*,#1429,.F.);
#2488 = ADVANCED_FACE('',(#2489),#1535,.T.);
#2489 = FACE_BOUND('',#2490,.F.);
#2490 = EDGE_LOOP('',(#2491,#2514,#2541,#2542));
#2491 = ORIENTED_EDGE('',*,*,#2492,.T.);
#2492 = EDGE_CURVE('',#1519,#2493,#2495,.T.);
#2493 = VERTEX_POINT('',#2494);
#2494 = CARTESIAN_POINT('',(-41.,5.15,0.));
#2495 = SEAM_CURVE('',#2496,(#2500,#2507),.PCURVE_S1.);
#2496 = LINE('',#2497,#2498);
#2497 = CARTESIAN_POINT('',(-44.,5.15,0.));
#2498 = VECTOR('',#2499,1.);
#2499 = DIRECTION('',(1.,0.,0.));
#2500 = PCURVE('',#1535,#2501);
#2501 = DEFINITIONAL_REPRESENTATION('',(#2502),#2506);
#2502 = LINE('',#2503,#2504);
#2503 = CARTESIAN_POINT('',(-0.,0.));
#2504 = VECTOR('',#2505,1.);
#2505 = DIRECTION('',(-0.,-1.));
#2506 = ( GEOMETRIC_REPRESENTATION_CONTEXT(2) 
PARAMETRIC_REPRESENTATION_CONTEXT() REPRESENTATION_CONTEXT('2D SPACE',''
  ) );
#2507 = PCURVE('',#1535,#2508);
#2508 = DEFINITIONAL_REPRESENTATION('',(#2509),#2513);
#2509 = LINE('',#2510,#2511);
#2510 = CARTESIAN_POINT('',(-6.28318530718,0.));
#2511 = VECTOR('',#2512,1.);
#2512 = DIRECTION('',(-0.,-1.));
#2513 = ( GEOMETRIC_REPRESENTATION_CONTEXT(2) 
PARAMETRIC_REPRESENTATION_CONTEXT() REPRESENTATION_CONTEXT('2D SPACE',''
  ) );
#2514 = ORIENTED_EDGE('',*,*,#2515,.T.);
#2515 = EDGE_CURVE('',#2493,#2493,#2516,.T.);
#2516 = SURFACE_CURVE('',#2517,(#2522,#2529),.PCURVE_S1.);
#2517 = CIRCLE('',#2518,5.15);
#2518 = AXIS2_PLACEMENT_3D('',#2519,#2520,#2521);
#2519 = CARTESIAN_POINT('',(-41.,0.,0.));
#2520 = DIRECTION('',(1.,0.,0.));
#2521 = DIRECTION('',(0.,1.,0.));
#2522 = PCURVE('',#1535,#2523);
#2523 = DEFINITIONAL_REPRESENTATION('',(#2524),#2528);
#2524 = LINE('',#2525,#2526);
#2525 = CARTESIAN_POINT('',(-0.,-3.));
#2526 = VECTOR('',#2527,1.);
#2527 = DIRECTION('',(-1.,0.));
#2528 = ( GEOMETRIC_REPRESENTATION_CONTEXT(2) 
PARAMETRIC_REPRESENTATION_CONTEXT() REPRESENTATION_CONTEXT('2D SPACE',''
  ) );
#2529 = PCURVE('',#2530,#2535);
#2530 = PLANE('',#2531);
#2531 = AXIS2_PLACEMENT_3D('',#2532,#2533,#2534);
#2532 = CARTESIAN_POINT('',(-41.,-3.982835337493E-16,5.529132197927E-17)
  );
#2533 = DIRECTION('',(1.,0.,0.));
#2534 = DIRECTION('',(-0.,0.,1.));
#2535 = DEFINITIONAL_REPRESENTATION('',(#2536),#2540);
#2536 = CIRCLE('',#2537,5.15);
#2537 = AXIS2_PLACEMENT_2D('',#2538,#2539);
#2538 = CARTESIAN_POINT('',(-5.529132197927E-17,-3.982835337493E-16));
#2539 = DIRECTION('',(0.,-1.));
#2540 = ( GEOMETRIC_REPRESENTATION_CONTEXT(2) 
PARAMETRIC_REPRESENTATION_CONTEXT() REPRESENTATION_CONTEXT('2D SPACE',''
  ) );
#2541 = ORIENTED_EDGE('',*,*,#2492,.F.);
#2542 = ORIENTED_EDGE('',*,*,#1518,.F.);
#2543 = ADVANCED_FACE('',(#2544),#1760,.T.);
#2544 = FACE_BOUND('',#2545,.F.);
#2545 = EDGE_LOOP('',(#2546,#2569,#2570,#2571));
#2546 = ORIENTED_EDGE('',*,*,#2547,.T.);
#2547 = EDGE_CURVE('',#2548,#1744,#2550,.T.);
#2548 = VERTEX_POINT('',#2549);
#2549 = CARTESIAN_POINT('',(-35.,5.,0.));
#2550 = SEAM_CURVE('',#2551,(#2555,#2562),.PCURVE_S1.);
#2551 = LINE('',#2552,#2553);
#2552 = CARTESIAN_POINT('',(-35.,5.,0.));
#2553 = VECTOR('',#2554,1.);
#2554 = DIRECTION('',(1.,0.,0.));
#2555 = PCURVE('',#1760,#2556);
#2556 = DEFINITIONAL_REPRESENTATION('',(#2557),#2561);
#2557 = LINE('',#2558,#2559);
#2558 = CARTESIAN_POINT('',(-0.,0.));
#2559 = VECTOR('',#2560,1.);
#2560 = DIRECTION('',(-0.,-1.));
#2561 = ( GEOMETRIC_REPRESENTATION_CONTEXT(2) 
PARAMETRIC_REPRESENTATION_CONTEXT() REPRESENTATION_CONTEXT('2D SPACE',''
  ) );
#2562 = PCURVE('',#1760,#2563);
#2563 = DEFINITIONAL_REPRESENTATION('',(#2564),#2568);
#2564 = LINE('',#2565,#2566);
#2565 = CARTESIAN_POINT('',(-6.28318530718,0.));
#2566 = VECTOR('',#2567,1.);
#2567 = DIRECTION('',(-0.,-1.));
#2568 = ( GEOMETRIC_REPRESENTATION_CONTEXT(2) 
PARAMETRIC_REPRESENTATION_CONTEXT() REPRESENTATION_CONTEXT('2D SPACE',''
  ) );
#2569 = ORIENTED_EDGE('',*,*,#1743,.T.);
#2570 = ORIENTED_EDGE('',*,*,#2547,.F.);
#2571 = ORIENTED_EDGE('',*,*,#2572,.F.);
#2572 = EDGE_CURVE('',#2548,#2548,#2573,.T.);
#2573 = SURFACE_CURVE('',#2574,(#2579,#2586),.PCURVE_S1.);
#2574 = CIRCLE('',#2575,5.);
#2575 = AXIS2_PLACEMENT_3D('',#2576,#2577,#2578);
#2576 = CARTESIAN_POINT('',(-35.,0.,0.));
#2577 = DIRECTION('',(1.,0.,0.));
#2578 = DIRECTION('',(0.,1.,0.));
#2579 = PCURVE('',#1760,#2580);
#2580 = DEFINITIONAL_REPRESENTATION('',(#2581),#2585);
#2581 = LINE('',#2582,#2583);
#2582 = CARTESIAN_POINT('',(-0.,0.));
#2583 = VECTOR('',#2584,1.);
#2584 = DIRECTION('',(-1.,0.));
#2585 = ( GEOMETRIC_REPRESENTATION_CONTEXT(2) 
PARAMETRIC_REPRESENTATION_CONTEXT() REPRESENTATION_CONTEXT('2D SPACE',''
  ) );
#2586 = PCURVE('',#2587,#2592);
#2587 = PLANE('',#2588);
#2588 = AXIS2_PLACEMENT_3D('',#2589,#2590,#2591);
#2589 = CARTESIAN_POINT('',(-35.,-3.982835337493E-16,5.529132197927E-17)
  );
#2590 = DIRECTION('',(1.,0.,0.));
#2591 = DIRECTION('',(-0.,0.,1.));
#2592 = DEFINITIONAL_REPRESENTATION('',(#2593),#2597);
#2593 = CIRCLE('',#2594,5.);
#2594 = AXIS2_PLACEMENT_2D('',#2595,#2596);
#2595 = CARTESIAN_POINT('',(-5.529132197927E-17,-3.982835337493E-16));
#2596 = DIRECTION('',(0.,-1.));
#2597 = ( GEOMETRIC_REPRESENTATION_CONTEXT(2) 
PARAMETRIC_REPRESENTATION_CONTEXT() REPRESENTATION_CONTEXT('2D SPACE',''
  ) );
#2598 = ADVANCED_FACE('',(#2599),#1918,.F.);
#2599 = FACE_BOUND('',#2600,.F.);
#2600 = EDGE_LOOP('',(#2601,#2624,#2645,#2646));
#2601 = ORIENTED_EDGE('',*,*,#2602,.F.);
#2602 = EDGE_CURVE('',#2603,#2123,#2605,.T.);
#2603 = VERTEX_POINT('',#2604);
#2604 = CARTESIAN_POINT('',(-29.,-21.5,17.));
#2605 = SURFACE_CURVE('',#2606,(#2610,#2617),.PCURVE_S1.);
#2606 = LINE('',#2607,#2608);
#2607 = CARTESIAN_POINT('',(-29.,-21.5,17.));
#2608 = VECTOR('',#2609,1.);
#2609 = DIRECTION('',(0.,1.,0.));
#2610 = PCURVE('',#1918,#2611);
#2611 = DEFINITIONAL_REPRESENTATION('',(#2612),#2616);
#2612 = LINE('',#2613,#2614);
#2613 = CARTESIAN_POINT('',(8.,0.));
#2614 = VECTOR('',#2615,1.);
#2615 = DIRECTION('',(0.,-1.));
#2616 = ( GEOMETRIC_REPRESENTATION_CONTEXT(2) 
PARAMETRIC_REPRESENTATION_CONTEXT() REPRESENTATION_CONTEXT('2D SPACE',''
  ) );
#2617 = PCURVE('',#2137,#2618);
#2618 = DEFINITIONAL_REPRESENTATION('',(#2619),#2623);
#2619 = LINE('',#2620,#2621);
#2620 = CARTESIAN_POINT('',(0.,0.));
#2621 = VECTOR('',#2622,1.);
#2622 = DIRECTION('',(0.,1.));
#2623 = ( GEOMETRIC_REPRESENTATION_CONTEXT(2) 
PARAMETRIC_REPRESENTATION_CONTEXT() REPRESENTATION_CONTEXT('2D SPACE',''
  ) );
#2624 = ORIENTED_EDGE('',*,*,#2625,.F.);
#2625 = EDGE_CURVE('',#1875,#2603,#2626,.T.);
#2626 = SURFACE_CURVE('',#2627,(#2631,#2638),.PCURVE_S1.);
#2627 = LINE('',#2628,#2629);
#2628 = CARTESIAN_POINT('',(-29.,-21.5,9.));
#2629 = VECTOR('',#2630,1.);
#2630 = DIRECTION('',(0.,0.,1.));
#2631 = PCURVE('',#1918,#2632);
#2632 = DEFINITIONAL_REPRESENTATION('',(#2633),#2637);
#2633 = LINE('',#2634,#2635);
#2634 = CARTESIAN_POINT('',(0.,0.));
#2635 = VECTOR('',#2636,1.);
#2636 = DIRECTION('',(1.,0.));
#2637 = ( GEOMETRIC_REPRESENTATION_CONTEXT(2) 
PARAMETRIC_REPRESENTATION_CONTEXT() REPRESENTATION_CONTEXT('2D SPACE',''
  ) );
#2638 = PCURVE('',#1890,#2639);
#2639 = DEFINITIONAL_REPRESENTATION('',(#2640),#2644);
#2640 = LINE('',#2641,#2642);
#2641 = CARTESIAN_POINT('',(0.,0.));
#2642 = VECTOR('',#2643,1.);
#2643 = DIRECTION('',(1.,0.));
#2644 = ( GEOMETRIC_REPRESENTATION_CONTEXT(2) 
PARAMETRIC_REPRESENTATION_CONTEXT() REPRESENTATION_CONTEXT('2D SPACE',''
  ) );
#2645 = ORIENTED_EDGE('',*,*,#1902,.T.);
#2646 = ORIENTED_EDGE('',*,*,#2148,.T.);
#2647 = ADVANCED_FACE('',(#2648),#1890,.F.);
#2648 = FACE_BOUND('',#2649,.F.);
#2649 = EDGE_LOOP('',(#2650,#2651,#2652,#2675));
#2650 = ORIENTED_EDGE('',*,*,#1874,.F.);
#2651 = ORIENTED_EDGE('',*,*,#2625,.T.);
#2652 = ORIENTED_EDGE('',*,*,#2653,.T.);
#2653 = EDGE_CURVE('',#2603,#2654,#2656,.T.);
#2654 = VERTEX_POINT('',#2655);
#2655 = CARTESIAN_POINT('',(29.,-21.5,17.));
#2656 = SURFACE_CURVE('',#2657,(#2661,#2668),.PCURVE_S1.);
#2657 = LINE('',#2658,#2659);
#2658 = CARTESIAN_POINT('',(-29.,-21.5,17.));
#2659 = VECTOR('',#2660,1.);
#2660 = DIRECTION('',(1.,0.,0.));
#2661 = PCURVE('',#1890,#2662);
#2662 = DEFINITIONAL_REPRESENTATION('',(#2663),#2667);
#2663 = LINE('',#2664,#2665);
#2664 = CARTESIAN_POINT('',(8.,0.));
#2665 = VECTOR('',#2666,1.);
#2666 = DIRECTION('',(0.,1.));
#2667 = ( GEOMETRIC_REPRESENTATION_CONTEXT(2) 
PARAMETRIC_REPRESENTATION_CONTEXT() REPRESENTATION_CONTEXT('2D SPACE',''
  ) );
#2668 = PCURVE('',#2137,#2669);
#2669 = DEFINITIONAL_REPRESENTATION('',(#2670),#2674);
#2670 = LINE('',#2671,#2672);
#2671 = CARTESIAN_POINT('',(0.,0.));
#2672 = VECTOR('',#2673,1.);
#2673 = DIRECTION('',(1.,0.));
#2674 = ( GEOMETRIC_REPRESENTATION_CONTEXT(2) 
PARAMETRIC_REPRESENTATION_CONTEXT() REPRESENTATION_CONTEXT('2D SPACE',''
  ) );
#2675 = ORIENTED_EDGE('',*,*,#2676,.F.);
#2676 = EDGE_CURVE('',#1847,#2654,#2677,.T.);
#2677 = SURFACE_CURVE('',#2678,(#2682,#2689),.PCURVE_S1.);
#2678 = LINE('',#2679,#2680);
#2679 = CARTESIAN_POINT('',(29.,-21.5,9.));
#2680 = VECTOR('',#2681,1.);
#2681 = DIRECTION('',(0.,0.,1.));
#2682 = PCURVE('',#1890,#2683);
#2683 = DEFINITIONAL_REPRESENTATION('',(#2684),#2688);
#2684 = LINE('',#2685,#2686);
#2685 = CARTESIAN_POINT('',(0.,58.));
#2686 = VECTOR('',#2687,1.);
#2687 = DIRECTION('',(1.,0.));
#2688 = ( GEOMETRIC_REPRESENTATION_CONTEXT(2) 
PARAMETRIC_REPRESENTATION_CONTEXT() REPRESENTATION_CONTEXT('2D SPACE',''
  ) );
#2689 = PCURVE('',#1862,#2690);
#2690 = DEFINITIONAL_REPRESENTATION('',(#2691),#2695);
#2691 = LINE('',#2692,#2693);
#2692 = CARTESIAN_POINT('',(0.,0.));
#2693 = VECTOR('',#2694,1.);
#2694 = DIRECTION('',(1.,0.));
#2695 = ( GEOMETRIC_REPRESENTATION_CONTEXT(2) 
PARAMETRIC_REPRESENTATION_CONTEXT() REPRESENTATION_CONTEXT('2D SPACE',''
  ) );
#2696 = ADVANCED_FACE('',(#2697),#1862,.T.);
#2697 = FACE_BOUND('',#2698,.T.);
#2698 = EDGE_LOOP('',(#2699,#2720,#2721,#2722));
#2699 = ORIENTED_EDGE('',*,*,#2700,.F.);
#2700 = EDGE_CURVE('',#2654,#2095,#2701,.T.);
#2701 = SURFACE_CURVE('',#2702,(#2706,#2713),.PCURVE_S1.);
#2702 = LINE('',#2703,#2704);
#2703 = CARTESIAN_POINT('',(29.,-21.5,17.));
#2704 = VECTOR('',#2705,1.);
#2705 = DIRECTION('',(0.,1.,0.));
#2706 = PCURVE('',#1862,#2707);
#2707 = DEFINITIONAL_REPRESENTATION('',(#2708),#2712);
#2708 = LINE('',#2709,#2710);
#2709 = CARTESIAN_POINT('',(8.,0.));
#2710 = VECTOR('',#2711,1.);
#2711 = DIRECTION('',(0.,-1.));
#2712 = ( GEOMETRIC_REPRESENTATION_CONTEXT(2) 
PARAMETRIC_REPRESENTATION_CONTEXT() REPRESENTATION_CONTEXT('2D SPACE',''
  ) );
#2713 = PCURVE('',#2137,#2714);
#2714 = DEFINITIONAL_REPRESENTATION('',(#2715),#2719);
#2715 = LINE('',#2716,#2717);
#2716 = CARTESIAN_POINT('',(58.,0.));
#2717 = VECTOR('',#2718,1.);
#2718 = DIRECTION('',(0.,1.));
#2719 = ( GEOMETRIC_REPRESENTATION_CONTEXT(2) 
PARAMETRIC_REPRESENTATION_CONTEXT() REPRESENTATION_CONTEXT('2D SPACE',''
  ) );
#2720 = ORIENTED_EDGE('',*,*,#2676,.F.);
#2721 = ORIENTED_EDGE('',*,*,#1846,.T.);
#2722 = ORIENTED_EDGE('',*,*,#2094,.T.);
#2723 = ADVANCED_FACE('',(#2724,#2730,#2765),#2137,.T.);
#2724 = FACE_BOUND('',#2725,.T.);
#2725 = EDGE_LOOP('',(#2726,#2727,#2728,#2729));
#2726 = ORIENTED_EDGE('',*,*,#2602,.F.);
#2727 = ORIENTED_EDGE('',*,*,#2653,.T.);
#2728 = ORIENTED_EDGE('',*,*,#2700,.T.);
#2729 = ORIENTED_EDGE('',*,*,#2122,.T.);
#2730 = FACE_BOUND('',#2731,.T.);
#2731 = EDGE_LOOP('',(#2732));
#2732 = ORIENTED_EDGE('',*,*,#2733,.T.);
#2733 = EDGE_CURVE('',#2734,#2734,#2736,.T.);
#2734 = VERTEX_POINT('',#2735);
#2735 = CARTESIAN_POINT('',(-21.8,-17.,17.));
#2736 = SURFACE_CURVE('',#2737,(#2742,#2753),.PCURVE_S1.);
#2737 = CIRCLE('',#2738,2.2);
#2738 = AXIS2_PLACEMENT_3D('',#2739,#2740,#2741);
#2739 = CARTESIAN_POINT('',(-24.,-17.,17.));
#2740 = DIRECTION('',(0.,0.,-1.));
#2741 = DIRECTION('',(1.,0.,0.));
#2742 = PCURVE('',#2137,#2743);
#2743 = DEFINITIONAL_REPRESENTATION('',(#2744),#2752);
#2744 = ( BOUNDED_CURVE() B_SPLINE_CURVE(2,(#2745,#2746,#2747,#2748,
#2749,#2750,#2751),.UNSPECIFIED.,.T.,.F.) B_SPLINE_CURVE_WITH_KNOTS((1,2
    ,2,2,2,1),(-2.094395102393,0.,2.094395102393,4.188790204786,
6.28318530718,8.377580409573),.UNSPECIFIED.) CURVE() 
GEOMETRIC_REPRESENTATION_ITEM() RATIONAL_B_SPLINE_CURVE((1.,0.5,1.,0.5,
1.,0.5,1.)) REPRESENTATION_ITEM('') );
#2745 = CARTESIAN_POINT('',(7.2,4.5));
#2746 = CARTESIAN_POINT('',(7.2,0.689488223348));
#2747 = CARTESIAN_POINT('',(3.9,2.594744111674));
#2748 = CARTESIAN_POINT('',(0.6,4.5));
#2749 = CARTESIAN_POINT('',(3.9,6.405255888326));
#2750 = CARTESIAN_POINT('',(7.2,8.310511776652));
#2751 = CARTESIAN_POINT('',(7.2,4.5));
#2752 = ( GEOMETRIC_REPRESENTATION_CONTEXT(2) 
PARAMETRIC_REPRESENTATION_CONTEXT() REPRESENTATION_CONTEXT('2D SPACE',''
  ) );
#2753 = PCURVE('',#2754,#2759);
#2754 = CYLINDRICAL_SURFACE('',#2755,2.2);
#2755 = AXIS2_PLACEMENT_3D('',#2756,#2757,#2758);
#2756 = CARTESIAN_POINT('',(-24.,-17.,7.));
#2757 = DIRECTION('',(-0.,-0.,-1.));
#2758 = DIRECTION('',(1.,0.,0.));
#2759 = DEFINITIONAL_REPRESENTATION('',(#2760),#2764);
#2760 = LINE('',#2761,#2762);
#2761 = CARTESIAN_POINT('',(-6.28318530718,-10.));
#2762 = VECTOR('',#2763,1.);
#2763 = DIRECTION('',(1.,-0.));
#2764 = ( GEOMETRIC_REPRESENTATION_CONTEXT(2) 
PARAMETRIC_REPRESENTATION_CONTEXT() REPRESENTATION_CONTEXT('2D SPACE',''
  ) );
#2765 = FACE_BOUND('',#2766,.T.);
#2766 = EDGE_LOOP('',(#2767));
#2767 = ORIENTED_EDGE('',*,*,#2768,.T.);
#2768 = EDGE_CURVE('',#2769,#2769,#2771,.T.);
#2769 = VERTEX_POINT('',#2770);
#2770 = CARTESIAN_POINT('',(26.2,-17.,17.));
#2771 = SURFACE_CURVE('',#2772,(#2777,#2788),.PCURVE_S1.);
#2772 = CIRCLE('',#2773,2.2);
#2773 = AXIS2_PLACEMENT_3D('',#2774,#2775,#2776);
#2774 = CARTESIAN_POINT('',(24.,-17.,17.));
#2775 = DIRECTION('',(0.,0.,-1.));
#2776 = DIRECTION('',(1.,0.,0.));
#2777 = PCURVE('',#2137,#2778);
#2778 = DEFINITIONAL_REPRESENTATION('',(#2779),#2787);
#2779 = ( BOUNDED_CURVE() B_SPLINE_CURVE(2,(#2780,#2781,#2782,#2783,
#2784,#2785,#2786),.UNSPECIFIED.,.T.,.F.) B_SPLINE_CURVE_WITH_KNOTS((1,2
    ,2,2,2,1),(-2.094395102393,0.,2.094395102393,4.188790204786,
6.28318530718,8.377580409573),.UNSPECIFIED.) CURVE() 
GEOMETRIC_REPRESENTATION_ITEM() RATIONAL_B_SPLINE_CURVE((1.,0.5,1.,0.5,
1.,0.5,1.)) REPRESENTATION_ITEM('') );
#2780 = CARTESIAN_POINT('',(55.2,4.5));
#2781 = CARTESIAN_POINT('',(55.2,0.689488223348));
#2782 = CARTESIAN_POINT('',(51.9,2.594744111674));
#2783 = CARTESIAN_POINT('',(48.6,4.5));
#2784 = CARTESIAN_POINT('',(51.9,6.405255888326));
#2785 = CARTESIAN_POINT('',(55.2,8.310511776652));
#2786 = CARTESIAN_POINT('',(55.2,4.5));
#2787 = ( GEOMETRIC_REPRESENTATION_CONTEXT(2) 
PARAMETRIC_REPRESENTATION_CONTEXT() REPRESENTATION_CONTEXT('2D SPACE',''
  ) );
#2788 = PCURVE('',#2789,#2794);
#2789 = CYLINDRICAL_SURFACE('',#2790,2.2);
#2790 = AXIS2_PLACEMENT_3D('',#2791,#2792,#2793);
#2791 = CARTESIAN_POINT('',(24.,-17.,7.));
#2792 = DIRECTION('',(-0.,-0.,-1.));
#2793 = DIRECTION('',(1.,0.,0.));
#2794 = DEFINITIONAL_REPRESENTATION('',(#2795),#2799);
#2795 = LINE('',#2796,#2797);
#2796 = CARTESIAN_POINT('',(-6.28318530718,-10.));
#2797 = VECTOR('',#2798,1.);
#2798 = DIRECTION('',(1.,-0.));
#2799 = ( GEOMETRIC_REPRESENTATION_CONTEXT(2) 
PARAMETRIC_REPRESENTATION_CONTEXT() REPRESENTATION_CONTEXT('2D SPACE',''
  ) );
#2800 = ADVANCED_FACE('',(#2801),#2057,.T.);
#2801 = FACE_BOUND('',#2802,.T.);
#2802 = EDGE_LOOP('',(#2803,#2826,#2827,#2828));
#2803 = ORIENTED_EDGE('',*,*,#2804,.F.);
#2804 = EDGE_CURVE('',#2015,#2805,#2807,.T.);
#2805 = VERTEX_POINT('',#2806);
#2806 = CARTESIAN_POINT('',(29.,21.5,17.));
#2807 = SURFACE_CURVE('',#2808,(#2812,#2819),.PCURVE_S1.);
#2808 = LINE('',#2809,#2810);
#2809 = CARTESIAN_POINT('',(29.,-21.5,17.));
#2810 = VECTOR('',#2811,1.);
#2811 = DIRECTION('',(0.,1.,0.));
#2812 = PCURVE('',#2057,#2813);
#2813 = DEFINITIONAL_REPRESENTATION('',(#2814),#2818);
#2814 = LINE('',#2815,#2816);
#2815 = CARTESIAN_POINT('',(8.,0.));
#2816 = VECTOR('',#2817,1.);
#2817 = DIRECTION('',(0.,-1.));
#2818 = ( GEOMETRIC_REPRESENTATION_CONTEXT(2) 
PARAMETRIC_REPRESENTATION_CONTEXT() REPRESENTATION_CONTEXT('2D SPACE',''
  ) );
#2819 = PCURVE('',#2029,#2820);
#2820 = DEFINITIONAL_REPRESENTATION('',(#2821),#2825);
#2821 = LINE('',#2822,#2823);
#2822 = CARTESIAN_POINT('',(58.,0.));
#2823 = VECTOR('',#2824,1.);
#2824 = DIRECTION('',(0.,1.));
#2825 = ( GEOMETRIC_REPRESENTATION_CONTEXT(2) 
PARAMETRIC_REPRESENTATION_CONTEXT() REPRESENTATION_CONTEXT('2D SPACE',''
  ) );
#2826 = ORIENTED_EDGE('',*,*,#2040,.T.);
#2827 = ORIENTED_EDGE('',*,*,#2438,.T.);
#2828 = ORIENTED_EDGE('',*,*,#2829,.T.);
#2829 = EDGE_CURVE('',#2411,#2805,#2830,.T.);
#2830 = SURFACE_CURVE('',#2831,(#2835,#2842),.PCURVE_S1.);
#2831 = LINE('',#2832,#2833);
#2832 = CARTESIAN_POINT('',(29.,21.5,9.));
#2833 = VECTOR('',#2834,1.);
#2834 = DIRECTION('',(0.,0.,1.));
#2835 = PCURVE('',#2057,#2836);
#2836 = DEFINITIONAL_REPRESENTATION('',(#2837),#2841);
#2837 = LINE('',#2838,#2839);
#2838 = CARTESIAN_POINT('',(0.,-43.));
#2839 = VECTOR('',#2840,1.);
#2840 = DIRECTION('',(1.,0.));
#2841 = ( GEOMETRIC_REPRESENTATION_CONTEXT(2) 
PARAMETRIC_REPRESENTATION_CONTEXT() REPRESENTATION_CONTEXT('2D SPACE',''
  ) );
#2842 = PCURVE('',#2426,#2843);
#2843 = DEFINITIONAL_REPRESENTATION('',(#2844),#2848);
#2844 = LINE('',#2845,#2846);
#2845 = CARTESIAN_POINT('',(0.,58.));
#2846 = VECTOR('',#2847,1.);
#2847 = DIRECTION('',(1.,0.));
#2848 = ( GEOMETRIC_REPRESENTATION_CONTEXT(2) 
PARAMETRIC_REPRESENTATION_CONTEXT() REPRESENTATION_CONTEXT('2D SPACE',''
  ) );
#2849 = ADVANCED_FACE('',(#2850,#2898,#2933),#2029,.T.);
#2850 = FACE_BOUND('',#2851,.T.);
#2851 = EDGE_LOOP('',(#2852,#2875,#2876,#2877));
#2852 = ORIENTED_EDGE('',*,*,#2853,.F.);
#2853 = EDGE_CURVE('',#1982,#2854,#2856,.T.);
#2854 = VERTEX_POINT('',#2855);
#2855 = CARTESIAN_POINT('',(-29.,21.5,17.));
#2856 = SURFACE_CURVE('',#2857,(#2861,#2868),.PCURVE_S1.);
#2857 = LINE('',#2858,#2859);
#2858 = CARTESIAN_POINT('',(-29.,-21.5,17.));
#2859 = VECTOR('',#2860,1.);
#2860 = DIRECTION('',(0.,1.,0.));
#2861 = PCURVE('',#2029,#2862);
#2862 = DEFINITIONAL_REPRESENTATION('',(#2863),#2867);
#2863 = LINE('',#2864,#2865);
#2864 = CARTESIAN_POINT('',(0.,0.));
#2865 = VECTOR('',#2866,1.);
#2866 = DIRECTION('',(0.,1.));
#2867 = ( GEOMETRIC_REPRESENTATION_CONTEXT(2) 
PARAMETRIC_REPRESENTATION_CONTEXT() REPRESENTATION_CONTEXT('2D SPACE',''
  ) );
#2868 = PCURVE('',#1998,#2869);
#2869 = DEFINITIONAL_REPRESENTATION('',(#2870),#2874);
#2870 = LINE('',#2871,#2872);
#2871 = CARTESIAN_POINT('',(8.,0.));
#2872 = VECTOR('',#2873,1.);
#2873 = DIRECTION('',(0.,-1.));
#2874 = ( GEOMETRIC_REPRESENTATION_CONTEXT(2) 
PARAMETRIC_REPRESENTATION_CONTEXT() REPRESENTATION_CONTEXT('2D SPACE',''
  ) );
#2875 = ORIENTED_EDGE('',*,*,#2014,.F.);
#2876 = ORIENTED_EDGE('',*,*,#2804,.T.);
#2877 = ORIENTED_EDGE('',*,*,#2878,.F.);
#2878 = EDGE_CURVE('',#2854,#2805,#2879,.T.);
#2879 = SURFACE_CURVE('',#2880,(#2884,#2891),.PCURVE_S1.);
#2880 = LINE('',#2881,#2882);
#2881 = CARTESIAN_POINT('',(-29.,21.5,17.));
#2882 = VECTOR('',#2883,1.);
#2883 = DIRECTION('',(1.,0.,0.));
#2884 = PCURVE('',#2029,#2885);
#2885 = DEFINITIONAL_REPRESENTATION('',(#2886),#2890);
#2886 = LINE('',#2887,#2888);
#2887 = CARTESIAN_POINT('',(0.,43.));
#2888 = VECTOR('',#2889,1.);
#2889 = DIRECTION('',(1.,0.));
#2890 = ( GEOMETRIC_REPRESENTATION_CONTEXT(2) 
PARAMETRIC_REPRESENTATION_CONTEXT() REPRESENTATION_CONTEXT('2D SPACE',''
  ) );
#2891 = PCURVE('',#2426,#2892);
#2892 = DEFINITIONAL_REPRESENTATION('',(#2893),#2897);
#2893 = LINE('',#2894,#2895);
#2894 = CARTESIAN_POINT('',(8.,0.));
#2895 = VECTOR('',#2896,1.);
#2896 = DIRECTION('',(0.,1.));
#2897 = ( GEOMETRIC_REPRESENTATION_CONTEXT(2) 
PARAMETRIC_REPRESENTATION_CONTEXT() REPRESENTATION_CONTEXT('2D SPACE',''
  ) );
#2898 = FACE_BOUND('',#2899,.T.);
#2899 = EDGE_LOOP('',(#2900));
#2900 = ORIENTED_EDGE('',*,*,#2901,.T.);
#2901 = EDGE_CURVE('',#2902,#2902,#2904,.T.);
#2902 = VERTEX_POINT('',#2903);
#2903 = CARTESIAN_POINT('',(-21.8,17.,17.));
#2904 = SURFACE_CURVE('',#2905,(#2910,#2921),.PCURVE_S1.);
#2905 = CIRCLE('',#2906,2.2);
#2906 = AXIS2_PLACEMENT_3D('',#2907,#2908,#2909);
#2907 = CARTESIAN_POINT('',(-24.,17.,17.));
#2908 = DIRECTION('',(0.,0.,-1.));
#2909 = DIRECTION('',(1.,0.,0.));
#2910 = PCURVE('',#2029,#2911);
#2911 = DEFINITIONAL_REPRESENTATION('',(#2912),#2920);
#2912 = ( BOUNDED_CURVE() B_SPLINE_CURVE(2,(#2913,#2914,#2915,#2916,
#2917,#2918,#2919),.UNSPECIFIED.,.T.,.F.) B_SPLINE_CURVE_WITH_KNOTS((1,2
    ,2,2,2,1),(-2.094395102393,0.,2.094395102393,4.188790204786,
6.28318530718,8.377580409573),.UNSPECIFIED.) CURVE() 
GEOMETRIC_REPRESENTATION_ITEM() RATIONAL_B_SPLINE_CURVE((1.,0.5,1.,0.5,
1.,0.5,1.)) REPRESENTATION_ITEM('') );
#2913 = CARTESIAN_POINT('',(7.2,38.5));
#2914 = CARTESIAN_POINT('',(7.2,34.689488223348));
#2915 = CARTESIAN_POINT('',(3.9,36.594744111674));
#2916 = CARTESIAN_POINT('',(0.6,38.5));
#2917 = CARTESIAN_POINT('',(3.9,40.405255888326));
#2918 = CARTESIAN_POINT('',(7.2,42.310511776652));
#2919 = CARTESIAN_POINT('',(7.2,38.5));
#2920 = ( GEOMETRIC_REPRESENTATION_CONTEXT(2) 
PARAMETRIC_REPRESENTATION_CONTEXT() REPRESENTATION_CONTEXT('2D SPACE',''
  ) );
#2921 = PCURVE('',#2922,#2927);
#2922 = CYLINDRICAL_SURFACE('',#2923,2.2);
#2923 = AXIS2_PLACEMENT_3D('',#2924,#2925,#2926);
#2924 = CARTESIAN_POINT('',(-24.,17.,7.));
#2925 = DIRECTION('',(-0.,-0.,-1.));
#2926 = DIRECTION('',(1.,0.,0.));
#2927 = DEFINITIONAL_REPRESENTATION('',(#2928),#2932);
#2928 = LINE('',#2929,#2930);
#2929 = CARTESIAN_POINT('',(-6.28318530718,-10.));
#2930 = VECTOR('',#2931,1.);
#2931 = DIRECTION('',(1.,-0.));
#2932 = ( GEOMETRIC_REPRESENTATION_CONTEXT(2) 
PARAMETRIC_REPRESENTATION_CONTEXT() REPRESENTATION_CONTEXT('2D SPACE',''
  ) );
#2933 = FACE_BOUND('',#2934,.T.);
#2934 = EDGE_LOOP('',(#2935));
#2935 = ORIENTED_EDGE('',*,*,#2936,.T.);
#2936 = EDGE_CURVE('',#2937,#2937,#2939,.T.);
#2937 = VERTEX_POINT('',#2938);
#2938 = CARTESIAN_POINT('',(26.2,17.,17.));
#2939 = SURFACE_CURVE('',#2940,(#2945,#2956),.PCURVE_S1.);
#2940 = CIRCLE('',#2941,2.2);
#2941 = AXIS2_PLACEMENT_3D('',#2942,#2943,#2944);
#2942 = CARTESIAN_POINT('',(24.,17.,17.));
#2943 = DIRECTION('',(0.,0.,-1.));
#2944 = DIRECTION('',(1.,0.,0.));
#2945 = PCURVE('',#2029,#2946);
#2946 = DEFINITIONAL_REPRESENTATION('',(#2947),#2955);
#2947 = ( BOUNDED_CURVE() B_SPLINE_CURVE(2,(#2948,#2949,#2950,#2951,
#2952,#2953,#2954),.UNSPECIFIED.,.T.,.F.) B_SPLINE_CURVE_WITH_KNOTS((1,2
    ,2,2,2,1),(-2.094395102393,0.,2.094395102393,4.188790204786,
6.28318530718,8.377580409573),.UNSPECIFIED.) CURVE() 
GEOMETRIC_REPRESENTATION_ITEM() RATIONAL_B_SPLINE_CURVE((1.,0.5,1.,0.5,
1.,0.5,1.)) REPRESENTATION_ITEM('') );
#2948 = CARTESIAN_POINT('',(55.2,38.5));
#2949 = CARTESIAN_POINT('',(55.2,34.689488223348));
#2950 = CARTESIAN_POINT('',(51.9,36.594744111674));
#2951 = CARTESIAN_POINT('',(48.6,38.5));
#2952 = CARTESIAN_POINT('',(51.9,40.405255888326));
#2953 = CARTESIAN_POINT('',(55.2,42.310511776652));
#2954 = CARTESIAN_POINT('',(55.2,38.5));
#2955 = ( GEOMETRIC_REPRESENTATION_CONTEXT(2) 
PARAMETRIC_REPRESENTATION_CONTEXT() REPRESENTATION_CONTEXT('2D SPACE',''
  ) );
#2956 = PCURVE('',#2957,#2962);
#2957 = CYLINDRICAL_SURFACE('',#2958,2.2);
#2958 = AXIS2_PLACEMENT_3D('',#2959,#2960,#2961);
#2959 = CARTESIAN_POINT('',(24.,17.,7.));
#2960 = DIRECTION('',(-0.,-0.,-1.));
#2961 = DIRECTION('',(1.,0.,0.));
#2962 = DEFINITIONAL_REPRESENTATION('',(#2963),#2967);
#2963 = LINE('',#2964,#2965);
#2964 = CARTESIAN_POINT('',(-6.28318530718,-10.));
#2965 = VECTOR('',#2966,1.);
#2966 = DIRECTION('',(1.,-0.));
#2967 = ( GEOMETRIC_REPRESENTATION_CONTEXT(2) 
PARAMETRIC_REPRESENTATION_CONTEXT() REPRESENTATION_CONTEXT('2D SPACE',''
  ) );
#2968 = ADVANCED_FACE('',(#2969),#1998,.F.);
#2969 = FACE_BOUND('',#2970,.F.);
#2970 = EDGE_LOOP('',(#2971,#2972,#2973,#2974));
#2971 = ORIENTED_EDGE('',*,*,#2853,.F.);
#2972 = ORIENTED_EDGE('',*,*,#1981,.T.);
#2973 = ORIENTED_EDGE('',*,*,#2387,.T.);
#2974 = ORIENTED_EDGE('',*,*,#2975,.T.);
#2975 = EDGE_CURVE('',#2388,#2854,#2976,.T.);
#2976 = SURFACE_CURVE('',#2977,(#2981,#2988),.PCURVE_S1.);
#2977 = LINE('',#2978,#2979);
#2978 = CARTESIAN_POINT('',(-29.,21.5,9.));
#2979 = VECTOR('',#2980,1.);
#2980 = DIRECTION('',(0.,0.,1.));
#2981 = PCURVE('',#1998,#2982);
#2982 = DEFINITIONAL_REPRESENTATION('',(#2983),#2987);
#2983 = LINE('',#2984,#2985);
#2984 = CARTESIAN_POINT('',(0.,-43.));
#2985 = VECTOR('',#2986,1.);
#2986 = DIRECTION('',(1.,0.));
#2987 = ( GEOMETRIC_REPRESENTATION_CONTEXT(2) 
PARAMETRIC_REPRESENTATION_CONTEXT() REPRESENTATION_CONTEXT('2D SPACE',''
  ) );
#2988 = PCURVE('',#2426,#2989);
#2989 = DEFINITIONAL_REPRESENTATION('',(#2990),#2994);
#2990 = LINE('',#2991,#2992);
#2991 = CARTESIAN_POINT('',(0.,0.));
#2992 = VECTOR('',#2993,1.);
#2993 = DIRECTION('',(1.,0.));
#2994 = ( GEOMETRIC_REPRESENTATION_CONTEXT(2) 
PARAMETRIC_REPRESENTATION_CONTEXT() REPRESENTATION_CONTEXT('2D SPACE',''
  ) );
#2995 = ADVANCED_FACE('',(#2996),#2311,.F.);
#2996 = FACE_BOUND('',#2997,.T.);
#2997 = EDGE_LOOP('',(#2998,#3031,#3052,#3053));
#2998 = ORIENTED_EDGE('',*,*,#2999,.T.);
#2999 = EDGE_CURVE('',#3000,#3000,#3002,.T.);
#3000 = VERTEX_POINT('',#3001);
#3001 = CARTESIAN_POINT('',(3.18,0.,17.));
#3002 = SURFACE_CURVE('',#3003,(#3008,#3015),.PCURVE_S1.);
#3003 = CIRCLE('',#3004,3.18);
#3004 = AXIS2_PLACEMENT_3D('',#3005,#3006,#3007);
#3005 = CARTESIAN_POINT('',(0.,0.,17.));
#3006 = DIRECTION('',(0.,0.,-1.));
#3007 = DIRECTION('',(1.,0.,0.));
#3008 = PCURVE('',#2311,#3009);
#3009 = DEFINITIONAL_REPRESENTATION('',(#3010),#3014);
#3010 = LINE('',#3011,#3012);
#3011 = CARTESIAN_POINT('',(-6.28318530718,-37.));
#3012 = VECTOR('',#3013,1.);
#3013 = DIRECTION('',(1.,-0.));
#3014 = ( GEOMETRIC_REPRESENTATION_CONTEXT(2) 
PARAMETRIC_REPRESENTATION_CONTEXT() REPRESENTATION_CONTEXT('2D SPACE',''
  ) );
#3015 = PCURVE('',#3016,#3021);
#3016 = PLANE('',#3017);
#3017 = AXIS2_PLACEMENT_3D('',#3018,#3019,#3020);
#3018 = CARTESIAN_POINT('',(-29.,-21.5,17.));
#3019 = DIRECTION('',(0.,0.,1.));
#3020 = DIRECTION('',(1.,0.,0.));
#3021 = DEFINITIONAL_REPRESENTATION('',(#3022),#3030);
#3022 = ( BOUNDED_CURVE() B_SPLINE_CURVE(2,(#3023,#3024,#3025,#3026,
#3027,#3028,#3029),.UNSPECIFIED.,.T.,.F.) B_SPLINE_CURVE_WITH_KNOTS((1,2
    ,2,2,2,1),(-2.094395102393,0.,2.094395102393,4.188790204786,
6.28318530718,8.377580409573),.UNSPECIFIED.) CURVE() 
GEOMETRIC_REPRESENTATION_ITEM() RATIONAL_B_SPLINE_CURVE((1.,0.5,1.,0.5,
1.,0.5,1.)) REPRESENTATION_ITEM('') );
#3023 = CARTESIAN_POINT('',(32.18,21.5));
#3024 = CARTESIAN_POINT('',(32.18,15.992078431931));
#3025 = CARTESIAN_POINT('',(27.41,18.746039215965));
#3026 = CARTESIAN_POINT('',(22.64,21.5));
#3027 = CARTESIAN_POINT('',(27.41,24.253960784035));
#3028 = CARTESIAN_POINT('',(32.18,27.007921568069));
#3029 = CARTESIAN_POINT('',(32.18,21.5));
#3030 = ( GEOMETRIC_REPRESENTATION_CONTEXT(2) 
PARAMETRIC_REPRESENTATION_CONTEXT() REPRESENTATION_CONTEXT('2D SPACE',''
  ) );
#3031 = ORIENTED_EDGE('',*,*,#3032,.T.);
#3032 = EDGE_CURVE('',#3000,#2178,#3033,.T.);
#3033 = SEAM_CURVE('',#3034,(#3038,#3045),.PCURVE_S1.);
#3034 = LINE('',#3035,#3036);
#3035 = CARTESIAN_POINT('',(3.18,0.,-20.));
#3036 = VECTOR('',#3037,1.);
#3037 = DIRECTION('',(0.,0.,1.));
#3038 = PCURVE('',#2311,#3039);
#3039 = DEFINITIONAL_REPRESENTATION('',(#3040),#3044);
#3040 = LINE('',#3041,#3042);
#3041 = CARTESIAN_POINT('',(-6.28318530718,0.));
#3042 = VECTOR('',#3043,1.);
#3043 = DIRECTION('',(-0.,-1.));
#3044 = ( GEOMETRIC_REPRESENTATION_CONTEXT(2) 
PARAMETRIC_REPRESENTATION_CONTEXT() REPRESENTATION_CONTEXT('2D SPACE',''
  ) );
#3045 = PCURVE('',#2311,#3046);
#3046 = DEFINITIONAL_REPRESENTATION('',(#3047),#3051);
#3047 = LINE('',#3048,#3049);
#3048 = CARTESIAN_POINT('',(-0.,0.));
#3049 = VECTOR('',#3050,1.);
#3050 = DIRECTION('',(-0.,-1.));
#3051 = ( GEOMETRIC_REPRESENTATION_CONTEXT(2) 
PARAMETRIC_REPRESENTATION_CONTEXT() REPRESENTATION_CONTEXT('2D SPACE',''
  ) );
#3052 = ORIENTED_EDGE('',*,*,#2177,.T.);
#3053 = ORIENTED_EDGE('',*,*,#3032,.F.);
#3054 = ADVANCED_FACE('',(#3055),#2426,.T.);
#3055 = FACE_BOUND('',#3056,.T.);
#3056 = EDGE_LOOP('',(#3057,#3058,#3059,#3060));
#3057 = ORIENTED_EDGE('',*,*,#2410,.F.);
#3058 = ORIENTED_EDGE('',*,*,#2975,.T.);
#3059 = ORIENTED_EDGE('',*,*,#2878,.T.);
#3060 = ORIENTED_EDGE('',*,*,#2829,.F.);
#3061 = ADVANCED_FACE('',(#3062,#3065),#2530,.T.);
#3062 = FACE_BOUND('',#3063,.T.);
#3063 = EDGE_LOOP('',(#3064));
#3064 = ORIENTED_EDGE('',*,*,#2515,.T.);
#3065 = FACE_BOUND('',#3066,.T.);
#3066 = EDGE_LOOP('',(#3067));
#3067 = ORIENTED_EDGE('',*,*,#3068,.F.);
#3068 = EDGE_CURVE('',#3069,#3069,#3071,.T.);
#3069 = VERTEX_POINT('',#3070);
#3070 = CARTESIAN_POINT('',(-41.,5.,0.));
#3071 = SURFACE_CURVE('',#3072,(#3077,#3084),.PCURVE_S1.);
#3072 = CIRCLE('',#3073,5.);
#3073 = AXIS2_PLACEMENT_3D('',#3074,#3075,#3076);
#3074 = CARTESIAN_POINT('',(-41.,0.,0.));
#3075 = DIRECTION('',(1.,0.,0.));
#3076 = DIRECTION('',(0.,1.,0.));
#3077 = PCURVE('',#2530,#3078);
#3078 = DEFINITIONAL_REPRESENTATION('',(#3079),#3083);
#3079 = CIRCLE('',#3080,5.);
#3080 = AXIS2_PLACEMENT_2D('',#3081,#3082);
#3081 = CARTESIAN_POINT('',(-5.529132197927E-17,-3.982835337493E-16));
#3082 = DIRECTION('',(0.,-1.));
#3083 = ( GEOMETRIC_REPRESENTATION_CONTEXT(2) 
PARAMETRIC_REPRESENTATION_CONTEXT() REPRESENTATION_CONTEXT('2D SPACE',''
  ) );
#3084 = PCURVE('',#3085,#3090);
#3085 = CYLINDRICAL_SURFACE('',#3086,5.);
#3086 = AXIS2_PLACEMENT_3D('',#3087,#3088,#3089);
#3087 = CARTESIAN_POINT('',(-41.,0.,0.));
#3088 = DIRECTION('',(-1.,-0.,-0.));
#3089 = DIRECTION('',(0.,1.,0.));
#3090 = DEFINITIONAL_REPRESENTATION('',(#3091),#3095);
#3091 = LINE('',#3092,#3093);
#3092 = CARTESIAN_POINT('',(-0.,0.));
#3093 = VECTOR('',#3094,1.);
#3094 = DIRECTION('',(-1.,0.));
#3095 = ( GEOMETRIC_REPRESENTATION_CONTEXT(2) 
PARAMETRIC_REPRESENTATION_CONTEXT() REPRESENTATION_CONTEXT('2D SPACE',''
  ) );
#3096 = ADVANCED_FACE('',(#3097,#3128),#2587,.T.);
#3097 = FACE_BOUND('',#3098,.T.);
#3098 = EDGE_LOOP('',(#3099));
#3099 = ORIENTED_EDGE('',*,*,#3100,.T.);
#3100 = EDGE_CURVE('',#3101,#3101,#3103,.T.);
#3101 = VERTEX_POINT('',#3102);
#3102 = CARTESIAN_POINT('',(-35.,5.15,0.));
#3103 = SURFACE_CURVE('',#3104,(#3109,#3116),.PCURVE_S1.);
#3104 = CIRCLE('',#3105,5.15);
#3105 = AXIS2_PLACEMENT_3D('',#3106,#3107,#3108);
#3106 = CARTESIAN_POINT('',(-35.,0.,0.));
#3107 = DIRECTION('',(1.,0.,0.));
#3108 = DIRECTION('',(0.,1.,0.));
#3109 = PCURVE('',#2587,#3110);
#3110 = DEFINITIONAL_REPRESENTATION('',(#3111),#3115);
#3111 = CIRCLE('',#3112,5.15);
#3112 = AXIS2_PLACEMENT_2D('',#3113,#3114);
#3113 = CARTESIAN_POINT('',(-5.529132197927E-17,-3.982835337493E-16));
#3114 = DIRECTION('',(0.,-1.));
#3115 = ( GEOMETRIC_REPRESENTATION_CONTEXT(2) 
PARAMETRIC_REPRESENTATION_CONTEXT() REPRESENTATION_CONTEXT('2D SPACE',''
  ) );
#3116 = PCURVE('',#3117,#3122);
#3117 = CYLINDRICAL_SURFACE('',#3118,5.15);
#3118 = AXIS2_PLACEMENT_3D('',#3119,#3120,#3121);
#3119 = CARTESIAN_POINT('',(-38.,0.,0.));
#3120 = DIRECTION('',(-1.,-0.,-0.));
#3121 = DIRECTION('',(0.,1.,0.));
#3122 = DEFINITIONAL_REPRESENTATION('',(#3123),#3127);
#3123 = LINE('',#3124,#3125);
#3124 = CARTESIAN_POINT('',(-0.,-3.));
#3125 = VECTOR('',#3126,1.);
#3126 = DIRECTION('',(-1.,0.));
#3127 = ( GEOMETRIC_REPRESENTATION_CONTEXT(2) 
PARAMETRIC_REPRESENTATION_CONTEXT() REPRESENTATION_CONTEXT('2D SPACE',''
  ) );
#3128 = FACE_BOUND('',#3129,.T.);
#3129 = EDGE_LOOP('',(#3130));
#3130 = ORIENTED_EDGE('',*,*,#2572,.F.);
#3131 = ADVANCED_FACE('',(#3132),#2754,.F.);
#3132 = FACE_BOUND('',#3133,.T.);
#3133 = EDGE_LOOP('',(#3134,#3163,#3184,#3185));
#3134 = ORIENTED_EDGE('',*,*,#3135,.F.);
#3135 = EDGE_CURVE('',#3136,#3136,#3138,.T.);
#3136 = VERTEX_POINT('',#3137);
#3137 = CARTESIAN_POINT('',(-21.8,-17.,7.));
#3138 = SURFACE_CURVE('',#3139,(#3144,#3151),.PCURVE_S1.);
#3139 = CIRCLE('',#3140,2.2);
#3140 = AXIS2_PLACEMENT_3D('',#3141,#3142,#3143);
#3141 = CARTESIAN_POINT('',(-24.,-17.,7.));
#3142 = DIRECTION('',(0.,0.,1.));
#3143 = DIRECTION('',(1.,0.,0.));
#3144 = PCURVE('',#2754,#3145);
#3145 = DEFINITIONAL_REPRESENTATION('',(#3146),#3150);
#3146 = LINE('',#3147,#3148);
#3147 = CARTESIAN_POINT('',(-0.,0.));
#3148 = VECTOR('',#3149,1.);
#3149 = DIRECTION('',(-1.,0.));
#3150 = ( GEOMETRIC_REPRESENTATION_CONTEXT(2) 
PARAMETRIC_REPRESENTATION_CONTEXT() REPRESENTATION_CONTEXT('2D SPACE',''
  ) );
#3151 = PCURVE('',#3152,#3157);
#3152 = PLANE('',#3153);
#3153 = AXIS2_PLACEMENT_3D('',#3154,#3155,#3156);
#3154 = CARTESIAN_POINT('',(-24.,-17.,7.));
#3155 = DIRECTION('',(0.,0.,1.));
#3156 = DIRECTION('',(1.,0.,-0.));
#3157 = DEFINITIONAL_REPRESENTATION('',(#3158),#3162);
#3158 = CIRCLE('',#3159,2.2);
#3159 = AXIS2_PLACEMENT_2D('',#3160,#3161);
#3160 = CARTESIAN_POINT('',(0.,0.));
#3161 = DIRECTION('',(1.,0.));
#3162 = ( GEOMETRIC_REPRESENTATION_CONTEXT(2) 
PARAMETRIC_REPRESENTATION_CONTEXT() REPRESENTATION_CONTEXT('2D SPACE',''
  ) );
#3163 = ORIENTED_EDGE('',*,*,#3164,.T.);
#3164 = EDGE_CURVE('',#3136,#2734,#3165,.T.);
#3165 = SEAM_CURVE('',#3166,(#3170,#3177),.PCURVE_S1.);
#3166 = LINE('',#3167,#3168);
#3167 = CARTESIAN_POINT('',(-21.8,-17.,7.));
#3168 = VECTOR('',#3169,1.);
#3169 = DIRECTION('',(0.,0.,1.));
#3170 = PCURVE('',#2754,#3171);
#3171 = DEFINITIONAL_REPRESENTATION('',(#3172),#3176);
#3172 = LINE('',#3173,#3174);
#3173 = CARTESIAN_POINT('',(-6.28318530718,0.));
#3174 = VECTOR('',#3175,1.);
#3175 = DIRECTION('',(-0.,-1.));
#3176 = ( GEOMETRIC_REPRESENTATION_CONTEXT(2) 
PARAMETRIC_REPRESENTATION_CONTEXT() REPRESENTATION_CONTEXT('2D SPACE',''
  ) );
#3177 = PCURVE('',#2754,#3178);
#3178 = DEFINITIONAL_REPRESENTATION('',(#3179),#3183);
#3179 = LINE('',#3180,#3181);
#3180 = CARTESIAN_POINT('',(-0.,0.));
#3181 = VECTOR('',#3182,1.);
#3182 = DIRECTION('',(-0.,-1.));
#3183 = ( GEOMETRIC_REPRESENTATION_CONTEXT(2) 
PARAMETRIC_REPRESENTATION_CONTEXT() REPRESENTATION_CONTEXT('2D SPACE',''
  ) );
#3184 = ORIENTED_EDGE('',*,*,#2733,.F.);
#3185 = ORIENTED_EDGE('',*,*,#3164,.F.);
#3186 = ADVANCED_FACE('',(#3187),#2789,.F.);
#3187 = FACE_BOUND('',#3188,.T.);
#3188 = EDGE_LOOP('',(#3189,#3218,#3239,#3240));
#3189 = ORIENTED_EDGE('',*,*,#3190,.F.);
#3190 = EDGE_CURVE('',#3191,#3191,#3193,.T.);
#3191 = VERTEX_POINT('',#3192);
#3192 = CARTESIAN_POINT('',(26.2,-17.,7.));
#3193 = SURFACE_CURVE('',#3194,(#3199,#3206),.PCURVE_S1.);
#3194 = CIRCLE('',#3195,2.2);
#3195 = AXIS2_PLACEMENT_3D('',#3196,#3197,#3198);
#3196 = CARTESIAN_POINT('',(24.,-17.,7.));
#3197 = DIRECTION('',(0.,0.,1.));
#3198 = DIRECTION('',(1.,0.,0.));
#3199 = PCURVE('',#2789,#3200);
#3200 = DEFINITIONAL_REPRESENTATION('',(#3201),#3205);
#3201 = LINE('',#3202,#3203);
#3202 = CARTESIAN_POINT('',(-0.,0.));
#3203 = VECTOR('',#3204,1.);
#3204 = DIRECTION('',(-1.,0.));
#3205 = ( GEOMETRIC_REPRESENTATION_CONTEXT(2) 
PARAMETRIC_REPRESENTATION_CONTEXT() REPRESENTATION_CONTEXT('2D SPACE',''
  ) );
#3206 = PCURVE('',#3207,#3212);
#3207 = PLANE('',#3208);
#3208 = AXIS2_PLACEMENT_3D('',#3209,#3210,#3211);
#3209 = CARTESIAN_POINT('',(24.,-17.,7.));
#3210 = DIRECTION('',(0.,0.,1.));
#3211 = DIRECTION('',(1.,0.,-0.));
#3212 = DEFINITIONAL_REPRESENTATION('',(#3213),#3217);
#3213 = CIRCLE('',#3214,2.2);
#3214 = AXIS2_PLACEMENT_2D('',#3215,#3216);
#3215 = CARTESIAN_POINT('',(0.,0.));
#3216 = DIRECTION('',(1.,0.));
#3217 = ( GEOMETRIC_REPRESENTATION_CONTEXT(2) 
PARAMETRIC_REPRESENTATION_CONTEXT() REPRESENTATION_CONTEXT('2D SPACE',''
  ) );
#3218 = ORIENTED_EDGE('',*,*,#3219,.T.);
#3219 = EDGE_CURVE('',#3191,#2769,#3220,.T.);
#3220 = SEAM_CURVE('',#3221,(#3225,#3232),.PCURVE_S1.);
#3221 = LINE('',#3222,#3223);
#3222 = CARTESIAN_POINT('',(26.2,-17.,7.));
#3223 = VECTOR('',#3224,1.);
#3224 = DIRECTION('',(0.,0.,1.));
#3225 = PCURVE('',#2789,#3226);
#3226 = DEFINITIONAL_REPRESENTATION('',(#3227),#3231);
#3227 = LINE('',#3228,#3229);
#3228 = CARTESIAN_POINT('',(-6.28318530718,0.));
#3229 = VECTOR('',#3230,1.);
#3230 = DIRECTION('',(-0.,-1.));
#3231 = ( GEOMETRIC_REPRESENTATION_CONTEXT(2) 
PARAMETRIC_REPRESENTATION_CONTEXT() REPRESENTATION_CONTEXT('2D SPACE',''
  ) );
#3232 = PCURVE('',#2789,#3233);
#3233 = DEFINITIONAL_REPRESENTATION('',(#3234),#3238);
#3234 = LINE('',#3235,#3236);
#3235 = CARTESIAN_POINT('',(-0.,0.));
#3236 = VECTOR('',#3237,1.);
#3237 = DIRECTION('',(-0.,-1.));
#3238 = ( GEOMETRIC_REPRESENTATION_CONTEXT(2) 
PARAMETRIC_REPRESENTATION_CONTEXT() REPRESENTATION_CONTEXT('2D SPACE',''
  ) );
#3239 = ORIENTED_EDGE('',*,*,#2768,.F.);
#3240 = ORIENTED_EDGE('',*,*,#3219,.F.);
#3241 = ADVANCED_FACE('',(#3242),#2922,.F.);
#3242 = FACE_BOUND('',#3243,.T.);
#3243 = EDGE_LOOP('',(#3244,#3273,#3294,#3295));
#3244 = ORIENTED_EDGE('',*,*,#3245,.F.);
#3245 = EDGE_CURVE('',#3246,#3246,#3248,.T.);
#3246 = VERTEX_POINT('',#3247);
#3247 = CARTESIAN_POINT('',(-21.8,17.,7.));
#3248 = SURFACE_CURVE('',#3249,(#3254,#3261),.PCURVE_S1.);
#3249 = CIRCLE('',#3250,2.2);
#3250 = AXIS2_PLACEMENT_3D('',#3251,#3252,#3253);
#3251 = CARTESIAN_POINT('',(-24.,17.,7.));
#3252 = DIRECTION('',(0.,0.,1.));
#3253 = DIRECTION('',(1.,0.,0.));
#3254 = PCURVE('',#2922,#3255);
#3255 = DEFINITIONAL_REPRESENTATION('',(#3256),#3260);
#3256 = LINE('',#3257,#3258);
#3257 = CARTESIAN_POINT('',(-0.,0.));
#3258 = VECTOR('',#3259,1.);
#3259 = DIRECTION('',(-1.,0.));
#3260 = ( GEOMETRIC_REPRESENTATION_CONTEXT(2) 
PARAMETRIC_REPRESENTATION_CONTEXT() REPRESENTATION_CONTEXT('2D SPACE',''
  ) );
#3261 = PCURVE('',#3262,#3267);
#3262 = PLANE('',#3263);
#3263 = AXIS2_PLACEMENT_3D('',#3264,#3265,#3266);
#3264 = CARTESIAN_POINT('',(-24.,17.,7.));
#3265 = DIRECTION('',(0.,0.,1.));
#3266 = DIRECTION('',(1.,0.,-0.));
#3267 = DEFINITIONAL_REPRESENTATION('',(#3268),#3272);
#3268 = CIRCLE('',#3269,2.2);
#3269 = AXIS2_PLACEMENT_2D('',#3270,#3271);
#3270 = CARTESIAN_POINT('',(0.,0.));
#3271 = DIRECTION('',(1.,0.));
#3272 = ( GEOMETRIC_REPRESENTATION_CONTEXT(2) 
PARAMETRIC_REPRESENTATION_CONTEXT() REPRESENTATION_CONTEXT('2D SPACE',''
  ) );
#3273 = ORIENTED_EDGE('',*,*,#3274,.T.);
#3274 = EDGE_CURVE('',#3246,#2902,#3275,.T.);
#3275 = SEAM_CURVE('',#3276,(#3280,#3287),.PCURVE_S1.);
#3276 = LINE('',#3277,#3278);
#3277 = CARTESIAN_POINT('',(-21.8,17.,7.));
#3278 = VECTOR('',#3279,1.);
#3279 = DIRECTION('',(0.,0.,1.));
#3280 = PCURVE('',#2922,#3281);
#3281 = DEFINITIONAL_REPRESENTATION('',(#3282),#3286);
#3282 = LINE('',#3283,#3284);
#3283 = CARTESIAN_POINT('',(-6.28318530718,0.));
#3284 = VECTOR('',#3285,1.);
#3285 = DIRECTION('',(-0.,-1.));
#3286 = ( GEOMETRIC_REPRESENTATION_CONTEXT(2) 
PARAMETRIC_REPRESENTATION_CONTEXT() REPRESENTATION_CONTEXT('2D SPACE',''
  ) );
#3287 = PCURVE('',#2922,#3288);
#3288 = DEFINITIONAL_REPRESENTATION('',(#3289),#3293);
#3289 = LINE('',#3290,#3291);
#3290 = CARTESIAN_POINT('',(-0.,0.));
#3291 = VECTOR('',#3292,1.);
#3292 = DIRECTION('',(-0.,-1.));
#3293 = ( GEOMETRIC_REPRESENTATION_CONTEXT(2) 
PARAMETRIC_REPRESENTATION_CONTEXT() REPRESENTATION_CONTEXT('2D SPACE',''
  ) );
#3294 = ORIENTED_EDGE('',*,*,#2901,.F.);
#3295 = ORIENTED_EDGE('',*,*,#3274,.F.);
#3296 = ADVANCED_FACE('',(#3297),#2957,.F.);
#3297 = FACE_BOUND('',#3298,.T.);
#3298 = EDGE_LOOP('',(#3299,#3328,#3349,#3350));
#3299 = ORIENTED_EDGE('',*,*,#3300,.F.);
#3300 = EDGE_CURVE('',#3301,#3301,#3303,.T.);
#3301 = VERTEX_POINT('',#3302);
#3302 = CARTESIAN_POINT('',(26.2,17.,7.));
#3303 = SURFACE_CURVE('',#3304,(#3309,#3316),.PCURVE_S1.);
#3304 = CIRCLE('',#3305,2.2);
#3305 = AXIS2_PLACEMENT_3D('',#3306,#3307,#3308);
#3306 = CARTESIAN_POINT('',(24.,17.,7.));
#3307 = DIRECTION('',(0.,0.,1.));
#3308 = DIRECTION('',(1.,0.,0.));
#3309 = PCURVE('',#2957,#3310);
#3310 = DEFINITIONAL_REPRESENTATION('',(#3311),#3315);
#3311 = LINE('',#3312,#3313);
#3312 = CARTESIAN_POINT('',(-0.,0.));
#3313 = VECTOR('',#3314,1.);
#3314 = DIRECTION('',(-1.,0.));
#3315 = ( GEOMETRIC_REPRESENTATION_CONTEXT(2) 
PARAMETRIC_REPRESENTATION_CONTEXT() REPRESENTATION_CONTEXT('2D SPACE',''
  ) );
#3316 = PCURVE('',#3317,#3322);
#3317 = PLANE('',#3318);
#3318 = AXIS2_PLACEMENT_3D('',#3319,#3320,#3321);
#3319 = CARTESIAN_POINT('',(24.,17.,7.));
#3320 = DIRECTION('',(0.,0.,1.));
#3321 = DIRECTION('',(1.,0.,-0.));
#3322 = DEFINITIONAL_REPRESENTATION('',(#3323),#3327);
#3323 = CIRCLE('',#3324,2.2);
#3324 = AXIS2_PLACEMENT_2D('',#3325,#3326);
#3325 = CARTESIAN_POINT('',(0.,0.));
#3326 = DIRECTION('',(1.,0.));
#3327 = ( GEOMETRIC_REPRESENTATION_CONTEXT(2) 
PARAMETRIC_REPRESENTATION_CONTEXT() REPRESENTATION_CONTEXT('2D SPACE',''
  ) );
#3328 = ORIENTED_EDGE('',*,*,#3329,.T.);
#3329 = EDGE_CURVE('',#3301,#2937,#3330,.T.);
#3330 = SEAM_CURVE('',#3331,(#3335,#3342),.PCURVE_S1.);
#3331 = LINE('',#3332,#3333);
#3332 = CARTESIAN_POINT('',(26.2,17.,7.));
#3333 = VECTOR('',#3334,1.);
#3334 = DIRECTION('',(0.,0.,1.));
#3335 = PCURVE('',#2957,#3336);
#3336 = DEFINITIONAL_REPRESENTATION('',(#3337),#3341);
#3337 = LINE('',#3338,#3339);
#3338 = CARTESIAN_POINT('',(-6.28318530718,0.));
#3339 = VECTOR('',#3340,1.);
#3340 = DIRECTION('',(-0.,-1.));
#3341 = ( GEOMETRIC_REPRESENTATION_CONTEXT(2) 
PARAMETRIC_REPRESENTATION_CONTEXT() REPRESENTATION_CONTEXT('2D SPACE',''
  ) );
#3342 = PCURVE('',#2957,#3343);
#3343 = DEFINITIONAL_REPRESENTATION('',(#3344),#3348);
#3344 = LINE('',#3345,#3346);
#3345 = CARTESIAN_POINT('',(-0.,0.));
#3346 = VECTOR('',#3347,1.);
#3347 = DIRECTION('',(-0.,-1.));
#3348 = ( GEOMETRIC_REPRESENTATION_CONTEXT(2) 
PARAMETRIC_REPRESENTATION_CONTEXT() REPRESENTATION_CONTEXT('2D SPACE',''
  ) );
#3349 = ORIENTED_EDGE('',*,*,#2936,.F.);
#3350 = ORIENTED_EDGE('',*,*,#3329,.F.);
#3351 = ADVANCED_FACE('',(#3352),#3016,.T.);
#3352 = FACE_BOUND('',#3353,.T.);
#3353 = EDGE_LOOP('',(#3354));
#3354 = ORIENTED_EDGE('',*,*,#2999,.F.);
#3355 = ADVANCED_FACE('',(#3356),#3085,.T.);
#3356 = FACE_BOUND('',#3357,.F.);
#3357 = EDGE_LOOP('',(#3358,#3381,#3408,#3409));
#3358 = ORIENTED_EDGE('',*,*,#3359,.T.);
#3359 = EDGE_CURVE('',#3069,#3360,#3362,.T.);
#3360 = VERTEX_POINT('',#3361);
#3361 = CARTESIAN_POINT('',(-38.,5.,0.));
#3362 = SEAM_CURVE('',#3363,(#3367,#3374),.PCURVE_S1.);
#3363 = LINE('',#3364,#3365);
#3364 = CARTESIAN_POINT('',(-41.,5.,0.));
#3365 = VECTOR('',#3366,1.);
#3366 = DIRECTION('',(1.,0.,0.));
#3367 = PCURVE('',#3085,#3368);
#3368 = DEFINITIONAL_REPRESENTATION('',(#3369),#3373);
#3369 = LINE('',#3370,#3371);
#3370 = CARTESIAN_POINT('',(-0.,0.));
#3371 = VECTOR('',#3372,1.);
#3372 = DIRECTION('',(-0.,-1.));
#3373 = ( GEOMETRIC_REPRESENTATION_CONTEXT(2) 
PARAMETRIC_REPRESENTATION_CONTEXT() REPRESENTATION_CONTEXT('2D SPACE',''
  ) );
#3374 = PCURVE('',#3085,#3375);
#3375 = DEFINITIONAL_REPRESENTATION('',(#3376),#3380);
#3376 = LINE('',#3377,#3378);
#3377 = CARTESIAN_POINT('',(-6.28318530718,0.));
#3378 = VECTOR('',#3379,1.);
#3379 = DIRECTION('',(-0.,-1.));
#3380 = ( GEOMETRIC_REPRESENTATION_CONTEXT(2) 
PARAMETRIC_REPRESENTATION_CONTEXT() REPRESENTATION_CONTEXT('2D SPACE',''
  ) );
#3381 = ORIENTED_EDGE('',*,*,#3382,.T.);
#3382 = EDGE_CURVE('',#3360,#3360,#3383,.T.);
#3383 = SURFACE_CURVE('',#3384,(#3389,#3396),.PCURVE_S1.);
#3384 = CIRCLE('',#3385,5.);
#3385 = AXIS2_PLACEMENT_3D('',#3386,#3387,#3388);
#3386 = CARTESIAN_POINT('',(-38.,0.,0.));
#3387 = DIRECTION('',(1.,0.,0.));
#3388 = DIRECTION('',(0.,1.,0.));
#3389 = PCURVE('',#3085,#3390);
#3390 = DEFINITIONAL_REPRESENTATION('',(#3391),#3395);
#3391 = LINE('',#3392,#3393);
#3392 = CARTESIAN_POINT('',(-0.,-3.));
#3393 = VECTOR('',#3394,1.);
#3394 = DIRECTION('',(-1.,0.));
#3395 = ( GEOMETRIC_REPRESENTATION_CONTEXT(2) 
PARAMETRIC_REPRESENTATION_CONTEXT() REPRESENTATION_CONTEXT('2D SPACE',''
  ) );
#3396 = PCURVE('',#3397,#3402);
#3397 = PLANE('',#3398);
#3398 = AXIS2_PLACEMENT_3D('',#3399,#3400,#3401);
#3399 = CARTESIAN_POINT('',(-38.,-3.982835337493E-16,5.529132197927E-17)
  );
#3400 = DIRECTION('',(1.,0.,0.));
#3401 = DIRECTION('',(-0.,0.,1.));
#3402 = DEFINITIONAL_REPRESENTATION('',(#3403),#3407);
#3403 = CIRCLE('',#3404,5.);
#3404 = AXIS2_PLACEMENT_2D('',#3405,#3406);
#3405 = CARTESIAN_POINT('',(-5.529132197927E-17,-3.982835337493E-16));
#3406 = DIRECTION('',(0.,-1.));
#3407 = ( GEOMETRIC_REPRESENTATION_CONTEXT(2) 
PARAMETRIC_REPRESENTATION_CONTEXT() REPRESENTATION_CONTEXT('2D SPACE',''
  ) );
#3408 = ORIENTED_EDGE('',*,*,#3359,.F.);
#3409 = ORIENTED_EDGE('',*,*,#3068,.F.);
#3410 = ADVANCED_FACE('',(#3411),#3117,.T.);
#3411 = FACE_BOUND('',#3412,.F.);
#3412 = EDGE_LOOP('',(#3413,#3436,#3437,#3438));
#3413 = ORIENTED_EDGE('',*,*,#3414,.T.);
#3414 = EDGE_CURVE('',#3415,#3101,#3417,.T.);
#3415 = VERTEX_POINT('',#3416);
#3416 = CARTESIAN_POINT('',(-38.,5.15,0.));
#3417 = SEAM_CURVE('',#3418,(#3422,#3429),.PCURVE_S1.);
#3418 = LINE('',#3419,#3420);
#3419 = CARTESIAN_POINT('',(-38.,5.15,0.));
#3420 = VECTOR('',#3421,1.);
#3421 = DIRECTION('',(1.,0.,0.));
#3422 = PCURVE('',#3117,#3423);
#3423 = DEFINITIONAL_REPRESENTATION('',(#3424),#3428);
#3424 = LINE('',#3425,#3426);
#3425 = CARTESIAN_POINT('',(-0.,0.));
#3426 = VECTOR('',#3427,1.);
#3427 = DIRECTION('',(-0.,-1.));
#3428 = ( GEOMETRIC_REPRESENTATION_CONTEXT(2) 
PARAMETRIC_REPRESENTATION_CONTEXT() REPRESENTATION_CONTEXT('2D SPACE',''
  ) );
#3429 = PCURVE('',#3117,#3430);
#3430 = DEFINITIONAL_REPRESENTATION('',(#3431),#3435);
#3431 = LINE('',#3432,#3433);
#3432 = CARTESIAN_POINT('',(-6.28318530718,0.));
#3433 = VECTOR('',#3434,1.);
#3434 = DIRECTION('',(-0.,-1.));
#3435 = ( GEOMETRIC_REPRESENTATION_CONTEXT(2) 
PARAMETRIC_REPRESENTATION_CONTEXT() REPRESENTATION_CONTEXT('2D SPACE',''
  ) );
#3436 = ORIENTED_EDGE('',*,*,#3100,.T.);
#3437 = ORIENTED_EDGE('',*,*,#3414,.F.);
#3438 = ORIENTED_EDGE('',*,*,#3439,.F.);
#3439 = EDGE_CURVE('',#3415,#3415,#3440,.T.);
#3440 = SURFACE_CURVE('',#3441,(#3446,#3453),.PCURVE_S1.);
#3441 = CIRCLE('',#3442,5.15);
#3442 = AXIS2_PLACEMENT_3D('',#3443,#3444,#3445);
#3443 = CARTESIAN_POINT('',(-38.,0.,0.));
#3444 = DIRECTION('',(1.,0.,0.));
#3445 = DIRECTION('',(0.,1.,0.));
#3446 = PCURVE('',#3117,#3447);
#3447 = DEFINITIONAL_REPRESENTATION('',(#3448),#3452);
#3448 = LINE('',#3449,#3450);
#3449 = CARTESIAN_POINT('',(-0.,0.));
#3450 = VECTOR('',#3451,1.);
#3451 = DIRECTION('',(-1.,0.));
#3452 = ( GEOMETRIC_REPRESENTATION_CONTEXT(2) 
PARAMETRIC_REPRESENTATION_CONTEXT() REPRESENTATION_CONTEXT('2D SPACE',''
  ) );
#3453 = PCURVE('',#3397,#3454);
#3454 = DEFINITIONAL_REPRESENTATION('',(#3455),#3459);
#3455 = CIRCLE('',#3456,5.15);
#3456 = AXIS2_PLACEMENT_2D('',#3457,#3458);
#3457 = CARTESIAN_POINT('',(-5.529132197927E-17,-3.982835337493E-16));
#3458 = DIRECTION('',(0.,-1.));
#3459 = ( GEOMETRIC_REPRESENTATION_CONTEXT(2) 
PARAMETRIC_REPRESENTATION_CONTEXT() REPRESENTATION_CONTEXT('2D SPACE',''
  ) );
#3460 = ADVANCED_FACE('',(#3461),#3152,.T.);
#3461 = FACE_BOUND('',#3462,.T.);
#3462 = EDGE_LOOP('',(#3463));
#3463 = ORIENTED_EDGE('',*,*,#3135,.T.);
#3464 = ADVANCED_FACE('',(#3465),#3207,.T.);
#3465 = FACE_BOUND('',#3466,.T.);
#3466 = EDGE_LOOP('',(#3467));
#3467 = ORIENTED_EDGE('',*,*,#3190,.T.);
#3468 = ADVANCED_FACE('',(#3469),#3262,.T.);
#3469 = FACE_BOUND('',#3470,.T.);
#3470 = EDGE_LOOP('',(#3471));
#3471 = ORIENTED_EDGE('',*,*,#3245,.T.);
#3472 = ADVANCED_FACE('',(#3473),#3317,.T.);
#3473 = FACE_BOUND('',#3474,.T.);
#3474 = EDGE_LOOP('',(#3475));
#3475 = ORIENTED_EDGE('',*,*,#3300,.T.);
#3476 = ADVANCED_FACE('',(#3477,#3480),#3397,.F.);
#3477 = FACE_BOUND('',#3478,.F.);
#3478 = EDGE_LOOP('',(#3479));
#3479 = ORIENTED_EDGE('',*,*,#3439,.T.);
#3480 = FACE_BOUND('',#3481,.F.);
#3481 = EDGE_LOOP('',(#3482));
#3482 = ORIENTED_EDGE('',*,*,#3382,.F.);
#3483 = ( GEOMETRIC_REPRESENTATION_CONTEXT(3) 
GLOBAL_UNCERTAINTY_ASSIGNED_CONTEXT((#3487)) 
GLOBAL_UNIT_ASSIGNED_CONTEXT((#3484,#3485,#3486)) REPRESENTATION_CONTEXT
('Context #1','3D Context with UNIT and UNCERTAINTY') );
#3484 = ( LENGTH_UNIT() NAMED_UNIT(*) SI_UNIT(.MILLI.,.METRE.) );
#3485 = ( NAMED_UNIT(*) PLANE_ANGLE_UNIT() SI_UNIT($,.RADIAN.) );
#3486 = ( NAMED_UNIT(*) SI_UNIT($,.STERADIAN.) SOLID_ANGLE_UNIT() );
#3487 = UNCERTAINTY_MEASURE_WITH_UNIT(LENGTH_MEASURE(1.E-07),#3484,
  'distance_accuracy_value','confusion accuracy');
#3488 = CONTEXT_DEPENDENT_SHAPE_REPRESENTATION(#3489,#3491);
#3489 = ( REPRESENTATION_RELATIONSHIP('','',#56,#10) 
REPRESENTATION_RELATIONSHIP_WITH_TRANSFORMATION(#3490) 
SHAPE_REPRESENTATION_RELATIONSHIP() );
#3490 = ITEM_DEFINED_TRANSFORMATION('','',#11,#15);
#3491 = PRODUCT_DEFINITION_SHAPE('Placement','Placement of an item',
  #3492);
#3492 = NEXT_ASSEMBLY_USAGE_OCCURRENCE('3','Corpo','',#5,#51,$);
#3493 = PRODUCT_RELATED_PRODUCT_CATEGORY('part',$,(#53));
#3494 = SHAPE_DEFINITION_REPRESENTATION(#3495,#3501);
#3495 = PRODUCT_DEFINITION_SHAPE('','',#3496);
#3496 = PRODUCT_DEFINITION('design','',#3497,#3500);
#3497 = PRODUCT_DEFINITION_FORMATION('','',#3498);
#3498 = PRODUCT('Obturador','Obturador','',(#3499));
#3499 = PRODUCT_CONTEXT('',#2,'mechanical');
#3500 = PRODUCT_DEFINITION_CONTEXT('part definition',#2,'design');
#3501 = SHAPE_REPRESENTATION('',(#11,#3502,#3904),#4234);
#3502 = MANIFOLD_SOLID_BREP('',#3503);
#3503 = CLOSED_SHELL('',(#3504,#3592,#3702,#3792,#3841,#3869,#3897));
#3504 = ADVANCED_FACE('',(#3505),#3519,.T.);
#3505 = FACE_BOUND('',#3506,.F.);
#3506 = EDGE_LOOP('',(#3507,#3537,#3564,#3565));
#3507 = ORIENTED_EDGE('',*,*,#3508,.T.);
#3508 = EDGE_CURVE('',#3509,#3511,#3513,.T.);
#3509 = VERTEX_POINT('',#3510);
#3510 = CARTESIAN_POINT('',(-1.5,16.,0.));
#3511 = VERTEX_POINT('',#3512);
#3512 = CARTESIAN_POINT('',(1.5,16.,0.));
#3513 = SEAM_CURVE('',#3514,(#3518,#3530),.PCURVE_S1.);
#3514 = LINE('',#3515,#3516);
#3515 = CARTESIAN_POINT('',(-1.5,16.,0.));
#3516 = VECTOR('',#3517,1.);
#3517 = DIRECTION('',(1.,0.,0.));
#3518 = PCURVE('',#3519,#3524);
#3519 = CYLINDRICAL_SURFACE('',#3520,16.);
#3520 = AXIS2_PLACEMENT_3D('',#3521,#3522,#3523);
#3521 = CARTESIAN_POINT('',(-1.5,0.,0.));
#3522 = DIRECTION('',(-1.,-0.,-0.));
#3523 = DIRECTION('',(0.,1.,0.));
#3524 = DEFINITIONAL_REPRESENTATION('',(#3525),#3529);
#3525 = LINE('',#3526,#3527);
#3526 = CARTESIAN_POINT('',(-0.,0.));
#3527 = VECTOR('',#3528,1.);
#3528 = DIRECTION('',(-0.,-1.));
#3529 = ( GEOMETRIC_REPRESENTATION_CONTEXT(2) 
PARAMETRIC_REPRESENTATION_CONTEXT() REPRESENTATION_CONTEXT('2D SPACE',''
  ) );
#3530 = PCURVE('',#3519,#3531);
#3531 = DEFINITIONAL_REPRESENTATION('',(#3532),#3536);
#3532 = LINE('',#3533,#3534);
#3533 = CARTESIAN_POINT('',(-6.28318530718,0.));
#3534 = VECTOR('',#3535,1.);
#3535 = DIRECTION('',(-0.,-1.));
#3536 = ( GEOMETRIC_REPRESENTATION_CONTEXT(2) 
PARAMETRIC_REPRESENTATION_CONTEXT() REPRESENTATION_CONTEXT('2D SPACE',''
  ) );
#3537 = ORIENTED_EDGE('',*,*,#3538,.T.);
#3538 = EDGE_CURVE('',#3511,#3511,#3539,.T.);
#3539 = SURFACE_CURVE('',#3540,(#3545,#3552),.PCURVE_S1.);
#3540 = CIRCLE('',#3541,16.);
#3541 = AXIS2_PLACEMENT_3D('',#3542,#3543,#3544);
#3542 = CARTESIAN_POINT('',(1.5,0.,0.));
#3543 = DIRECTION('',(1.,0.,0.));
#3544 = DIRECTION('',(0.,1.,0.));
#3545 = PCURVE('',#3519,#3546);
#3546 = DEFINITIONAL_REPRESENTATION('',(#3547),#3551);
#3547 = LINE('',#3548,#3549);
#3548 = CARTESIAN_POINT('',(-0.,-3.));
#3549 = VECTOR('',#3550,1.);
#3550 = DIRECTION('',(-1.,0.));
#3551 = ( GEOMETRIC_REPRESENTATION_CONTEXT(2) 
PARAMETRIC_REPRESENTATION_CONTEXT() REPRESENTATION_CONTEXT('2D SPACE',''
  ) );
#3552 = PCURVE('',#3553,#3558);
#3553 = PLANE('',#3554);
#3554 = AXIS2_PLACEMENT_3D('',#3555,#3556,#3557);
#3555 = CARTESIAN_POINT('',(1.5,-1.025580099405E-15,1.398015239264E-15)
  );
#3556 = DIRECTION('',(1.,0.,0.));
#3557 = DIRECTION('',(-0.,0.,1.));
#3558 = DEFINITIONAL_REPRESENTATION('',(#3559),#3563);
#3559 = CIRCLE('',#3560,16.);
#3560 = AXIS2_PLACEMENT_2D('',#3561,#3562);
#3561 = CARTESIAN_POINT('',(-1.398015239264E-15,-1.025580099405E-15));
#3562 = DIRECTION('',(0.,-1.));
#3563 = ( GEOMETRIC_REPRESENTATION_CONTEXT(2) 
PARAMETRIC_REPRESENTATION_CONTEXT() REPRESENTATION_CONTEXT('2D SPACE',''
  ) );
#3564 = ORIENTED_EDGE('',*,*,#3508,.F.);
#3565 = ORIENTED_EDGE('',*,*,#3566,.F.);
#3566 = EDGE_CURVE('',#3509,#3509,#3567,.T.);
#3567 = SURFACE_CURVE('',#3568,(#3573,#3580),.PCURVE_S1.);
#3568 = CIRCLE('',#3569,16.);
#3569 = AXIS2_PLACEMENT_3D('',#3570,#3571,#3572);
#3570 = CARTESIAN_POINT('',(-1.5,0.,0.));
#3571 = DIRECTION('',(1.,0.,0.));
#3572 = DIRECTION('',(0.,1.,0.));
#3573 = PCURVE('',#3519,#3574);
#3574 = DEFINITIONAL_REPRESENTATION('',(#3575),#3579);
#3575 = LINE('',#3576,#3577);
#3576 = CARTESIAN_POINT('',(-0.,0.));
#3577 = VECTOR('',#3578,1.);
#3578 = DIRECTION('',(-1.,0.));
#3579 = ( GEOMETRIC_REPRESENTATION_CONTEXT(2) 
PARAMETRIC_REPRESENTATION_CONTEXT() REPRESENTATION_CONTEXT('2D SPACE',''
  ) );
#3580 = PCURVE('',#3581,#3586);
#3581 = PLANE('',#3582);
#3582 = AXIS2_PLACEMENT_3D('',#3583,#3584,#3585);
#3583 = CARTESIAN_POINT('',(-1.5,-1.025580099405E-15,1.398015239264E-15)
  );
#3584 = DIRECTION('',(1.,0.,0.));
#3585 = DIRECTION('',(-0.,0.,1.));
#3586 = DEFINITIONAL_REPRESENTATION('',(#3587),#3591);
#3587 = CIRCLE('',#3588,16.);
#3588 = AXIS2_PLACEMENT_2D('',#3589,#3590);
#3589 = CARTESIAN_POINT('',(-1.398015239264E-15,-1.025580099405E-15));
#3590 = DIRECTION('',(0.,-1.));
#3591 = ( GEOMETRIC_REPRESENTATION_CONTEXT(2) 
PARAMETRIC_REPRESENTATION_CONTEXT() REPRESENTATION_CONTEXT('2D SPACE',''
  ) );
#3592 = ADVANCED_FACE('',(#3593,#3596),#3581,.F.);
#3593 = FACE_BOUND('',#3594,.F.);
#3594 = EDGE_LOOP('',(#3595));
#3595 = ORIENTED_EDGE('',*,*,#3566,.T.);
#3596 = FACE_BOUND('',#3597,.F.);
#3597 = EDGE_LOOP('',(#3598,#3626,#3652,#3678));
#3598 = ORIENTED_EDGE('',*,*,#3599,.F.);
#3599 = EDGE_CURVE('',#3600,#3602,#3604,.T.);
#3600 = VERTEX_POINT('',#3601);
#3601 = CARTESIAN_POINT('',(-1.5,2.598076211353,10.));
#3602 = VERTEX_POINT('',#3603);
#3603 = CARTESIAN_POINT('',(-1.5,-2.598076211353,10.));
#3604 = SURFACE_CURVE('',#3605,(#3609,#3615),.PCURVE_S1.);
#3605 = LINE('',#3606,#3607);
#3606 = CARTESIAN_POINT('',(-1.5,-5.170457174705E-16,10.));
#3607 = VECTOR('',#3608,1.);
#3608 = DIRECTION('',(0.,-1.,0.));
#3609 = PCURVE('',#3581,#3610);
#3610 = DEFINITIONAL_REPRESENTATION('',(#3611),#3614);
#3611 = B_SPLINE_CURVE_WITH_KNOTS('',1,(#3612,#3613),.UNSPECIFIED.,.F.,
  .F.,(2,2),(-3.,3.),.PIECEWISE_BEZIER_KNOTS.);
#3612 = CARTESIAN_POINT('',(10.,-3.));
#3613 = CARTESIAN_POINT('',(10.,3.));
#3614 = ( GEOMETRIC_REPRESENTATION_CONTEXT(2) 
PARAMETRIC_REPRESENTATION_CONTEXT() REPRESENTATION_CONTEXT('2D SPACE',''
  ) );
#3615 = PCURVE('',#3616,#3621);
#3616 = PLANE('',#3617);
#3617 = AXIS2_PLACEMENT_3D('',#3618,#3619,#3620);
#3618 = CARTESIAN_POINT('',(-1.709300165674E-16,-8.51133553645E-18,10.)
  );
#3619 = DIRECTION('',(0.,0.,1.));
#3620 = DIRECTION('',(1.,0.,-0.));
#3621 = DEFINITIONAL_REPRESENTATION('',(#3622),#3625);
#3622 = B_SPLINE_CURVE_WITH_KNOTS('',1,(#3623,#3624),.UNSPECIFIED.,.F.,
  .F.,(2,2),(-3.,3.),.PIECEWISE_BEZIER_KNOTS.);
#3623 = CARTESIAN_POINT('',(-1.5,3.));
#3624 = CARTESIAN_POINT('',(-1.5,-3.));
#3625 = ( GEOMETRIC_REPRESENTATION_CONTEXT(2) 
PARAMETRIC_REPRESENTATION_CONTEXT() REPRESENTATION_CONTEXT('2D SPACE',''
  ) );
#3626 = ORIENTED_EDGE('',*,*,#3627,.T.);
#3627 = EDGE_CURVE('',#3600,#3628,#3630,.T.);
#3628 = VERTEX_POINT('',#3629);
#3629 = CARTESIAN_POINT('',(-1.5,2.598076211353,-10.));
#3630 = SURFACE_CURVE('',#3631,(#3635,#3641),.PCURVE_S1.);
#3631 = LINE('',#3632,#3633);
#3632 = CARTESIAN_POINT('',(-1.5,2.598076211353,-10.));
#3633 = VECTOR('',#3634,1.);
#3634 = DIRECTION('',(-0.,-0.,-1.));
#3635 = PCURVE('',#3581,#3636);
#3636 = DEFINITIONAL_REPRESENTATION('',(#3637),#3640);
#3637 = B_SPLINE_CURVE_WITH_KNOTS('',1,(#3638,#3639),.UNSPECIFIED.,.F.,
  .F.,(2,2),(-20.0000006,5.999999999062E-07),.PIECEWISE_BEZIER_KNOTS.);
#3638 = CARTESIAN_POINT('',(10.0000006,-2.598076211353));
#3639 = CARTESIAN_POINT('',(-10.0000006,-2.598076211353));
#3640 = ( GEOMETRIC_REPRESENTATION_CONTEXT(2) 
PARAMETRIC_REPRESENTATION_CONTEXT() REPRESENTATION_CONTEXT('2D SPACE',''
  ) );
#3641 = PCURVE('',#3642,#3647);
#3642 = CYLINDRICAL_SURFACE('',#3643,3.);
#3643 = AXIS2_PLACEMENT_3D('',#3644,#3645,#3646);
#3644 = CARTESIAN_POINT('',(0.,0.,-10.));
#3645 = DIRECTION('',(-0.,-0.,-1.));
#3646 = DIRECTION('',(1.,0.,0.));
#3647 = DEFINITIONAL_REPRESENTATION('',(#3648),#3651);
#3648 = B_SPLINE_CURVE_WITH_KNOTS('',1,(#3649,#3650),.UNSPECIFIED.,.F.,
  .F.,(2,2),(-20.0000006,5.999999999062E-07),.PIECEWISE_BEZIER_KNOTS.);
#3649 = CARTESIAN_POINT('',(-2.094395102393,-20.0000006));
#3650 = CARTESIAN_POINT('',(-2.094395102393,5.999999999062E-07));
#3651 = ( GEOMETRIC_REPRESENTATION_CONTEXT(2) 
PARAMETRIC_REPRESENTATION_CONTEXT() REPRESENTATION_CONTEXT('2D SPACE',''
  ) );
#3652 = ORIENTED_EDGE('',*,*,#3653,.T.);
#3653 = EDGE_CURVE('',#3628,#3654,#3656,.T.);
#3654 = VERTEX_POINT('',#3655);
#3655 = CARTESIAN_POINT('',(-1.5,-2.598076211353,-10.));
#3656 = SURFACE_CURVE('',#3657,(#3661,#3667),.PCURVE_S1.);
#3657 = LINE('',#3658,#3659);
#3658 = CARTESIAN_POINT('',(-1.5,-5.170457174705E-16,-10.));
#3659 = VECTOR('',#3660,1.);
#3660 = DIRECTION('',(0.,-1.,0.));
#3661 = PCURVE('',#3581,#3662);
#3662 = DEFINITIONAL_REPRESENTATION('',(#3663),#3666);
#3663 = B_SPLINE_CURVE_WITH_KNOTS('',1,(#3664,#3665),.UNSPECIFIED.,.F.,
  .F.,(2,2),(-3.,3.),.PIECEWISE_BEZIER_KNOTS.);
#3664 = CARTESIAN_POINT('',(-10.,-3.));
#3665 = CARTESIAN_POINT('',(-10.,3.));
#3666 = ( GEOMETRIC_REPRESENTATION_CONTEXT(2) 
PARAMETRIC_REPRESENTATION_CONTEXT() REPRESENTATION_CONTEXT('2D SPACE',''
  ) );
#3667 = PCURVE('',#3668,#3673);
#3668 = PLANE('',#3669);
#3669 = AXIS2_PLACEMENT_3D('',#3670,#3671,#3672);
#3670 = CARTESIAN_POINT('',(-1.709300165674E-16,-8.51133553645E-18,-10.)
  );
#3671 = DIRECTION('',(0.,0.,1.));
#3672 = DIRECTION('',(1.,0.,-0.));
#3673 = DEFINITIONAL_REPRESENTATION('',(#3674),#3677);
#3674 = B_SPLINE_CURVE_WITH_KNOTS('',1,(#3675,#3676),.UNSPECIFIED.,.F.,
  .F.,(2,2),(-3.,3.),.PIECEWISE_BEZIER_KNOTS.);
#3675 = CARTESIAN_POINT('',(-1.5,3.));
#3676 = CARTESIAN_POINT('',(-1.5,-3.));
#3677 = ( GEOMETRIC_REPRESENTATION_CONTEXT(2) 
PARAMETRIC_REPRESENTATION_CONTEXT() REPRESENTATION_CONTEXT('2D SPACE',''
  ) );
#3678 = ORIENTED_EDGE('',*,*,#3679,.F.);
#3679 = EDGE_CURVE('',#3602,#3654,#3680,.T.);
#3680 = SURFACE_CURVE('',#3681,(#3685,#3691),.PCURVE_S1.);
#3681 = LINE('',#3682,#3683);
#3682 = CARTESIAN_POINT('',(-1.5,-2.598076211353,-10.));
#3683 = VECTOR('',#3684,1.);
#3684 = DIRECTION('',(-0.,-0.,-1.));
#3685 = PCURVE('',#3581,#3686);
#3686 = DEFINITIONAL_REPRESENTATION('',(#3687),#3690);
#3687 = B_SPLINE_CURVE_WITH_KNOTS('',1,(#3688,#3689),.UNSPECIFIED.,.F.,
  .F.,(2,2),(-20.0000006,5.999999999062E-07),.PIECEWISE_BEZIER_KNOTS.);
#3688 = CARTESIAN_POINT('',(10.0000006,2.598076211353));
#3689 = CARTESIAN_POINT('',(-10.0000006,2.598076211353));
#3690 = ( GEOMETRIC_REPRESENTATION_CONTEXT(2) 
PARAMETRIC_REPRESENTATION_CONTEXT() REPRESENTATION_CONTEXT('2D SPACE',''
  ) );
#3691 = PCURVE('',#3692,#3697);
#3692 = CYLINDRICAL_SURFACE('',#3693,3.);
#3693 = AXIS2_PLACEMENT_3D('',#3694,#3695,#3696);
#3694 = CARTESIAN_POINT('',(0.,0.,-10.));
#3695 = DIRECTION('',(-0.,-0.,-1.));
#3696 = DIRECTION('',(1.,0.,0.));
#3697 = DEFINITIONAL_REPRESENTATION('',(#3698),#3701);
#3698 = B_SPLINE_CURVE_WITH_KNOTS('',1,(#3699,#3700),.UNSPECIFIED.,.F.,
  .F.,(2,2),(-20.0000006,5.999999999062E-07),.PIECEWISE_BEZIER_KNOTS.);
#3699 = CARTESIAN_POINT('',(-4.188790204786,-20.0000006));
#3700 = CARTESIAN_POINT('',(-4.188790204786,5.999999999062E-07));
#3701 = ( GEOMETRIC_REPRESENTATION_CONTEXT(2) 
PARAMETRIC_REPRESENTATION_CONTEXT() REPRESENTATION_CONTEXT('2D SPACE',''
  ) );
#3702 = ADVANCED_FACE('',(#3703,#3706),#3553,.T.);
#3703 = FACE_BOUND('',#3704,.T.);
#3704 = EDGE_LOOP('',(#3705));
#3705 = ORIENTED_EDGE('',*,*,#3538,.T.);
#3706 = FACE_BOUND('',#3707,.T.);
#3707 = EDGE_LOOP('',(#3708,#3731,#3752,#3773));
#3708 = ORIENTED_EDGE('',*,*,#3709,.F.);
#3709 = EDGE_CURVE('',#3710,#3712,#3714,.T.);
#3710 = VERTEX_POINT('',#3711);
#3711 = CARTESIAN_POINT('',(1.5,2.598076211353,10.));
#3712 = VERTEX_POINT('',#3713);
#3713 = CARTESIAN_POINT('',(1.5,-2.598076211353,10.));
#3714 = SURFACE_CURVE('',#3715,(#3719,#3725),.PCURVE_S1.);
#3715 = LINE('',#3716,#3717);
#3716 = CARTESIAN_POINT('',(1.5,-5.170457174705E-16,10.));
#3717 = VECTOR('',#3718,1.);
#3718 = DIRECTION('',(0.,-1.,0.));
#3719 = PCURVE('',#3553,#3720);
#3720 = DEFINITIONAL_REPRESENTATION('',(#3721),#3724);
#3721 = B_SPLINE_CURVE_WITH_KNOTS('',1,(#3722,#3723),.UNSPECIFIED.,.F.,
  .F.,(2,2),(-3.,3.),.PIECEWISE_BEZIER_KNOTS.);
#3722 = CARTESIAN_POINT('',(10.,-3.));
#3723 = CARTESIAN_POINT('',(10.,3.));
#3724 = ( GEOMETRIC_REPRESENTATION_CONTEXT(2) 
PARAMETRIC_REPRESENTATION_CONTEXT() REPRESENTATION_CONTEXT('2D SPACE',''
  ) );
#3725 = PCURVE('',#3616,#3726);
#3726 = DEFINITIONAL_REPRESENTATION('',(#3727),#3730);
#3727 = B_SPLINE_CURVE_WITH_KNOTS('',1,(#3728,#3729),.UNSPECIFIED.,.F.,
  .F.,(2,2),(-3.,3.),.PIECEWISE_BEZIER_KNOTS.);
#3728 = CARTESIAN_POINT('',(1.5,3.));
#3729 = CARTESIAN_POINT('',(1.5,-3.));
#3730 = ( GEOMETRIC_REPRESENTATION_CONTEXT(2) 
PARAMETRIC_REPRESENTATION_CONTEXT() REPRESENTATION_CONTEXT('2D SPACE',''
  ) );
#3731 = ORIENTED_EDGE('',*,*,#3732,.T.);
#3732 = EDGE_CURVE('',#3710,#3733,#3735,.T.);
#3733 = VERTEX_POINT('',#3734);
#3734 = CARTESIAN_POINT('',(1.5,2.598076211353,-10.));
#3735 = SURFACE_CURVE('',#3736,(#3740,#3746),.PCURVE_S1.);
#3736 = LINE('',#3737,#3738);
#3737 = CARTESIAN_POINT('',(1.5,2.598076211353,-10.));
#3738 = VECTOR('',#3739,1.);
#3739 = DIRECTION('',(-0.,-0.,-1.));
#3740 = PCURVE('',#3553,#3741);
#3741 = DEFINITIONAL_REPRESENTATION('',(#3742),#3745);
#3742 = B_SPLINE_CURVE_WITH_KNOTS('',1,(#3743,#3744),.UNSPECIFIED.,.F.,
  .F.,(2,2),(-20.0000006,5.999999999062E-07),.PIECEWISE_BEZIER_KNOTS.);
#3743 = CARTESIAN_POINT('',(10.0000006,-2.598076211353));
#3744 = CARTESIAN_POINT('',(-10.0000006,-2.598076211353));
#3745 = ( GEOMETRIC_REPRESENTATION_CONTEXT(2) 
PARAMETRIC_REPRESENTATION_CONTEXT() REPRESENTATION_CONTEXT('2D SPACE',''
  ) );
#3746 = PCURVE('',#3642,#3747);
#3747 = DEFINITIONAL_REPRESENTATION('',(#3748),#3751);
#3748 = B_SPLINE_CURVE_WITH_KNOTS('',1,(#3749,#3750),.UNSPECIFIED.,.F.,
  .F.,(2,2),(-20.0000006,5.999999999062E-07),.PIECEWISE_BEZIER_KNOTS.);
#3749 = CARTESIAN_POINT('',(-1.047197551197,-20.0000006));
#3750 = CARTESIAN_POINT('',(-1.047197551197,5.999999999062E-07));
#3751 = ( GEOMETRIC_REPRESENTATION_CONTEXT(2) 
PARAMETRIC_REPRESENTATION_CONTEXT() REPRESENTATION_CONTEXT('2D SPACE',''
  ) );
#3752 = ORIENTED_EDGE('',*,*,#3753,.T.);
#3753 = EDGE_CURVE('',#3733,#3754,#3756,.T.);
#3754 = VERTEX_POINT('',#3755);
#3755 = CARTESIAN_POINT('',(1.5,-2.598076211353,-10.));
#3756 = SURFACE_CURVE('',#3757,(#3761,#3767),.PCURVE_S1.);
#3757 = LINE('',#3758,#3759);
#3758 = CARTESIAN_POINT('',(1.5,-5.170457174705E-16,-10.));
#3759 = VECTOR('',#3760,1.);
#3760 = DIRECTION('',(0.,-1.,0.));
#3761 = PCURVE('',#3553,#3762);
#3762 = DEFINITIONAL_REPRESENTATION('',(#3763),#3766);
#3763 = B_SPLINE_CURVE_WITH_KNOTS('',1,(#3764,#3765),.UNSPECIFIED.,.F.,
  .F.,(2,2),(-3.,3.),.PIECEWISE_BEZIER_KNOTS.);
#3764 = CARTESIAN_POINT('',(-10.,-3.));
#3765 = CARTESIAN_POINT('',(-10.,3.));
#3766 = ( GEOMETRIC_REPRESENTATION_CONTEXT(2) 
PARAMETRIC_REPRESENTATION_CONTEXT() REPRESENTATION_CONTEXT('2D SPACE',''
  ) );
#3767 = PCURVE('',#3668,#3768);
#3768 = DEFINITIONAL_REPRESENTATION('',(#3769),#3772);
#3769 = B_SPLINE_CURVE_WITH_KNOTS('',1,(#3770,#3771),.UNSPECIFIED.,.F.,
  .F.,(2,2),(-3.,3.),.PIECEWISE_BEZIER_KNOTS.);
#3770 = CARTESIAN_POINT('',(1.5,3.));
#3771 = CARTESIAN_POINT('',(1.5,-3.));
#3772 = ( GEOMETRIC_REPRESENTATION_CONTEXT(2) 
PARAMETRIC_REPRESENTATION_CONTEXT() REPRESENTATION_CONTEXT('2D SPACE',''
  ) );
#3773 = ORIENTED_EDGE('',*,*,#3774,.F.);
#3774 = EDGE_CURVE('',#3712,#3754,#3775,.T.);
#3775 = SURFACE_CURVE('',#3776,(#3780,#3786),.PCURVE_S1.);
#3776 = LINE('',#3777,#3778);
#3777 = CARTESIAN_POINT('',(1.5,-2.598076211353,-10.));
#3778 = VECTOR('',#3779,1.);
#3779 = DIRECTION('',(-0.,-0.,-1.));
#3780 = PCURVE('',#3553,#3781);
#3781 = DEFINITIONAL_REPRESENTATION('',(#3782),#3785);
#3782 = B_SPLINE_CURVE_WITH_KNOTS('',1,(#3783,#3784),.UNSPECIFIED.,.F.,
  .F.,(2,2),(-20.0000006,5.999999999062E-07),.PIECEWISE_BEZIER_KNOTS.);
#3783 = CARTESIAN_POINT('',(10.0000006,2.598076211353));
#3784 = CARTESIAN_POINT('',(-10.0000006,2.598076211353));
#3785 = ( GEOMETRIC_REPRESENTATION_CONTEXT(2) 
PARAMETRIC_REPRESENTATION_CONTEXT() REPRESENTATION_CONTEXT('2D SPACE',''
  ) );
#3786 = PCURVE('',#3692,#3787);
#3787 = DEFINITIONAL_REPRESENTATION('',(#3788),#3791);
#3788 = B_SPLINE_CURVE_WITH_KNOTS('',1,(#3789,#3790),.UNSPECIFIED.,.F.,
  .F.,(2,2),(-20.0000006,5.999999999062E-07),.PIECEWISE_BEZIER_KNOTS.);
#3789 = CARTESIAN_POINT('',(-5.235987755983,-20.0000006));
#3790 = CARTESIAN_POINT('',(-5.235987755983,5.999999999062E-07));
#3791 = ( GEOMETRIC_REPRESENTATION_CONTEXT(2) 
PARAMETRIC_REPRESENTATION_CONTEXT() REPRESENTATION_CONTEXT('2D SPACE',''
  ) );
#3792 = ADVANCED_FACE('',(#3793),#3616,.F.);
#3793 = FACE_BOUND('',#3794,.F.);
#3794 = EDGE_LOOP('',(#3795,#3796,#3818,#3819));
#3795 = ORIENTED_EDGE('',*,*,#3709,.F.);
#3796 = ORIENTED_EDGE('',*,*,#3797,.T.);
#3797 = EDGE_CURVE('',#3710,#3600,#3798,.T.);
#3798 = SURFACE_CURVE('',#3799,(#3804,#3811),.PCURVE_S1.);
#3799 = CIRCLE('',#3800,3.);
#3800 = AXIS2_PLACEMENT_3D('',#3801,#3802,#3803);
#3801 = CARTESIAN_POINT('',(0.,0.,10.));
#3802 = DIRECTION('',(0.,0.,1.));
#3803 = DIRECTION('',(1.,0.,0.));
#3804 = PCURVE('',#3616,#3805);
#3805 = DEFINITIONAL_REPRESENTATION('',(#3806),#3810);
#3806 = CIRCLE('',#3807,3.);
#3807 = AXIS2_PLACEMENT_2D('',#3808,#3809);
#3808 = CARTESIAN_POINT('',(1.709300165674E-16,8.51133553645E-18));
#3809 = DIRECTION('',(1.,0.));
#3810 = ( GEOMETRIC_REPRESENTATION_CONTEXT(2) 
PARAMETRIC_REPRESENTATION_CONTEXT() REPRESENTATION_CONTEXT('2D SPACE',''
  ) );
#3811 = PCURVE('',#3642,#3812);
#3812 = DEFINITIONAL_REPRESENTATION('',(#3813),#3817);
#3813 = LINE('',#3814,#3815);
#3814 = CARTESIAN_POINT('',(-0.,-20.));
#3815 = VECTOR('',#3816,1.);
#3816 = DIRECTION('',(-1.,0.));
#3817 = ( GEOMETRIC_REPRESENTATION_CONTEXT(2) 
PARAMETRIC_REPRESENTATION_CONTEXT() REPRESENTATION_CONTEXT('2D SPACE',''
  ) );
#3818 = ORIENTED_EDGE('',*,*,#3599,.T.);
#3819 = ORIENTED_EDGE('',*,*,#3820,.T.);
#3820 = EDGE_CURVE('',#3602,#3712,#3821,.T.);
#3821 = SURFACE_CURVE('',#3822,(#3827,#3834),.PCURVE_S1.);
#3822 = CIRCLE('',#3823,3.);
#3823 = AXIS2_PLACEMENT_3D('',#3824,#3825,#3826);
#3824 = CARTESIAN_POINT('',(0.,0.,10.));
#3825 = DIRECTION('',(0.,0.,1.));
#3826 = DIRECTION('',(1.,0.,0.));
#3827 = PCURVE('',#3616,#3828);
#3828 = DEFINITIONAL_REPRESENTATION('',(#3829),#3833);
#3829 = CIRCLE('',#3830,3.);
#3830 = AXIS2_PLACEMENT_2D('',#3831,#3832);
#3831 = CARTESIAN_POINT('',(1.709300165674E-16,8.51133553645E-18));
#3832 = DIRECTION('',(1.,0.));
#3833 = ( GEOMETRIC_REPRESENTATION_CONTEXT(2) 
PARAMETRIC_REPRESENTATION_CONTEXT() REPRESENTATION_CONTEXT('2D SPACE',''
  ) );
#3834 = PCURVE('',#3692,#3835);
#3835 = DEFINITIONAL_REPRESENTATION('',(#3836),#3840);
#3836 = LINE('',#3837,#3838);
#3837 = CARTESIAN_POINT('',(-0.,-20.));
#3838 = VECTOR('',#3839,1.);
#3839 = DIRECTION('',(-1.,0.));
#3840 = ( GEOMETRIC_REPRESENTATION_CONTEXT(2) 
PARAMETRIC_REPRESENTATION_CONTEXT() REPRESENTATION_CONTEXT('2D SPACE',''
  ) );
#3841 = ADVANCED_FACE('',(#3842),#3692,.F.);
#3842 = FACE_BOUND('',#3843,.T.);
#3843 = EDGE_LOOP('',(#3844,#3845,#3867,#3868));
#3844 = ORIENTED_EDGE('',*,*,#3774,.T.);
#3845 = ORIENTED_EDGE('',*,*,#3846,.F.);
#3846 = EDGE_CURVE('',#3654,#3754,#3847,.T.);
#3847 = SURFACE_CURVE('',#3848,(#3853,#3860),.PCURVE_S1.);
#3848 = CIRCLE('',#3849,3.);
#3849 = AXIS2_PLACEMENT_3D('',#3850,#3851,#3852);
#3850 = CARTESIAN_POINT('',(0.,0.,-10.));
#3851 = DIRECTION('',(0.,0.,1.));
#3852 = DIRECTION('',(1.,0.,0.));
#3853 = PCURVE('',#3692,#3854);
#3854 = DEFINITIONAL_REPRESENTATION('',(#3855),#3859);
#3855 = LINE('',#3856,#3857);
#3856 = CARTESIAN_POINT('',(-0.,0.));
#3857 = VECTOR('',#3858,1.);
#3858 = DIRECTION('',(-1.,0.));
#3859 = ( GEOMETRIC_REPRESENTATION_CONTEXT(2) 
PARAMETRIC_REPRESENTATION_CONTEXT() REPRESENTATION_CONTEXT('2D SPACE',''
  ) );
#3860 = PCURVE('',#3668,#3861);
#3861 = DEFINITIONAL_REPRESENTATION('',(#3862),#3866);
#3862 = CIRCLE('',#3863,3.);
#3863 = AXIS2_PLACEMENT_2D('',#3864,#3865);
#3864 = CARTESIAN_POINT('',(1.709300165674E-16,8.51133553645E-18));
#3865 = DIRECTION('',(1.,0.));
#3866 = ( GEOMETRIC_REPRESENTATION_CONTEXT(2) 
PARAMETRIC_REPRESENTATION_CONTEXT() REPRESENTATION_CONTEXT('2D SPACE',''
  ) );
#3867 = ORIENTED_EDGE('',*,*,#3679,.F.);
#3868 = ORIENTED_EDGE('',*,*,#3820,.T.);
#3869 = ADVANCED_FACE('',(#3870),#3668,.T.);
#3870 = FACE_BOUND('',#3871,.T.);
#3871 = EDGE_LOOP('',(#3872,#3873,#3895,#3896));
#3872 = ORIENTED_EDGE('',*,*,#3753,.F.);
#3873 = ORIENTED_EDGE('',*,*,#3874,.T.);
#3874 = EDGE_CURVE('',#3733,#3628,#3875,.T.);
#3875 = SURFACE_CURVE('',#3876,(#3881,#3888),.PCURVE_S1.);
#3876 = CIRCLE('',#3877,3.);
#3877 = AXIS2_PLACEMENT_3D('',#3878,#3879,#3880);
#3878 = CARTESIAN_POINT('',(0.,0.,-10.));
#3879 = DIRECTION('',(0.,0.,1.));
#3880 = DIRECTION('',(1.,0.,0.));
#3881 = PCURVE('',#3668,#3882);
#3882 = DEFINITIONAL_REPRESENTATION('',(#3883),#3887);
#3883 = CIRCLE('',#3884,3.);
#3884 = AXIS2_PLACEMENT_2D('',#3885,#3886);
#3885 = CARTESIAN_POINT('',(1.709300165674E-16,8.51133553645E-18));
#3886 = DIRECTION('',(1.,0.));
#3887 = ( GEOMETRIC_REPRESENTATION_CONTEXT(2) 
PARAMETRIC_REPRESENTATION_CONTEXT() REPRESENTATION_CONTEXT('2D SPACE',''
  ) );
#3888 = PCURVE('',#3642,#3889);
#3889 = DEFINITIONAL_REPRESENTATION('',(#3890),#3894);
#3890 = LINE('',#3891,#3892);
#3891 = CARTESIAN_POINT('',(-0.,0.));
#3892 = VECTOR('',#3893,1.);
#3893 = DIRECTION('',(-1.,0.));
#3894 = ( GEOMETRIC_REPRESENTATION_CONTEXT(2) 
PARAMETRIC_REPRESENTATION_CONTEXT() REPRESENTATION_CONTEXT('2D SPACE',''
  ) );
#3895 = ORIENTED_EDGE('',*,*,#3653,.T.);
#3896 = ORIENTED_EDGE('',*,*,#3846,.T.);
#3897 = ADVANCED_FACE('',(#3898),#3642,.F.);
#3898 = FACE_BOUND('',#3899,.T.);
#3899 = EDGE_LOOP('',(#3900,#3901,#3902,#3903));
#3900 = ORIENTED_EDGE('',*,*,#3874,.F.);
#3901 = ORIENTED_EDGE('',*,*,#3732,.F.);
#3902 = ORIENTED_EDGE('',*,*,#3797,.T.);
#3903 = ORIENTED_EDGE('',*,*,#3627,.T.);
#3904 = MANIFOLD_SOLID_BREP('',#3905);
#3905 = CLOSED_SHELL('',(#3906,#4026,#4126,#4173,#4220,#4227));
#3906 = ADVANCED_FACE('',(#3907),#3921,.F.);
#3907 = FACE_BOUND('',#3908,.F.);
#3908 = EDGE_LOOP('',(#3909,#3944,#3972,#4000));
#3909 = ORIENTED_EDGE('',*,*,#3910,.F.);
#3910 = EDGE_CURVE('',#3911,#3913,#3915,.T.);
#3911 = VERTEX_POINT('',#3912);
#3912 = CARTESIAN_POINT('',(-13.5,-1.5,-1.6));
#3913 = VERTEX_POINT('',#3914);
#3914 = CARTESIAN_POINT('',(13.5,-1.5,-1.6));
#3915 = SURFACE_CURVE('',#3916,(#3920,#3932),.PCURVE_S1.);
#3916 = LINE('',#3917,#3918);
#3917 = CARTESIAN_POINT('',(-13.5,-1.5,-1.6));
#3918 = VECTOR('',#3919,1.);
#3919 = DIRECTION('',(1.,0.,0.));
#3920 = PCURVE('',#3921,#3926);
#3921 = PLANE('',#3922);
#3922 = AXIS2_PLACEMENT_3D('',#3923,#3924,#3925);
#3923 = CARTESIAN_POINT('',(-13.5,-1.5,-1.6));
#3924 = DIRECTION('',(0.,1.,0.));
#3925 = DIRECTION('',(1.,0.,0.));
#3926 = DEFINITIONAL_REPRESENTATION('',(#3927),#3931);
#3927 = LINE('',#3928,#3929);
#3928 = CARTESIAN_POINT('',(0.,0.));
#3929 = VECTOR('',#3930,1.);
#3930 = DIRECTION('',(1.,0.));
#3931 = ( GEOMETRIC_REPRESENTATION_CONTEXT(2) 
PARAMETRIC_REPRESENTATION_CONTEXT() REPRESENTATION_CONTEXT('2D SPACE',''
  ) );
#3932 = PCURVE('',#3933,#3938);
#3933 = PLANE('',#3934);
#3934 = AXIS2_PLACEMENT_3D('',#3935,#3936,#3937);
#3935 = CARTESIAN_POINT('',(-13.5,-1.5,-1.6));
#3936 = DIRECTION('',(0.,0.,1.));
#3937 = DIRECTION('',(1.,0.,0.));
#3938 = DEFINITIONAL_REPRESENTATION('',(#3939),#3943);
#3939 = LINE('',#3940,#3941);
#3940 = CARTESIAN_POINT('',(0.,0.));
#3941 = VECTOR('',#3942,1.);
#3942 = DIRECTION('',(1.,0.));
#3943 = ( GEOMETRIC_REPRESENTATION_CONTEXT(2) 
PARAMETRIC_REPRESENTATION_CONTEXT() REPRESENTATION_CONTEXT('2D SPACE',''
  ) );
#3944 = ORIENTED_EDGE('',*,*,#3945,.T.);
#3945 = EDGE_CURVE('',#3911,#3946,#3948,.T.);
#3946 = VERTEX_POINT('',#3947);
#3947 = CARTESIAN_POINT('',(-13.5,-1.5,1.6));
#3948 = SURFACE_CURVE('',#3949,(#3953,#3960),.PCURVE_S1.);
#3949 = LINE('',#3950,#3951);
#3950 = CARTESIAN_POINT('',(-13.5,-1.5,-1.6));
#3951 = VECTOR('',#3952,1.);
#3952 = DIRECTION('',(0.,0.,1.));
#3953 = PCURVE('',#3921,#3954);
#3954 = DEFINITIONAL_REPRESENTATION('',(#3955),#3959);
#3955 = LINE('',#3956,#3957);
#3956 = CARTESIAN_POINT('',(0.,0.));
#3957 = VECTOR('',#3958,1.);
#3958 = DIRECTION('',(0.,-1.));
#3959 = ( GEOMETRIC_REPRESENTATION_CONTEXT(2) 
PARAMETRIC_REPRESENTATION_CONTEXT() REPRESENTATION_CONTEXT('2D SPACE',''
  ) );
#3960 = PCURVE('',#3961,#3966);
#3961 = PLANE('',#3962);
#3962 = AXIS2_PLACEMENT_3D('',#3963,#3964,#3965);
#3963 = CARTESIAN_POINT('',(-13.5,-1.5,-1.6));
#3964 = DIRECTION('',(1.,0.,0.));
#3965 = DIRECTION('',(0.,1.,0.));
#3966 = DEFINITIONAL_REPRESENTATION('',(#3967),#3971);
#3967 = LINE('',#3968,#3969);
#3968 = CARTESIAN_POINT('',(0.,0.));
#3969 = VECTOR('',#3970,1.);
#3970 = DIRECTION('',(0.,1.));
#3971 = ( GEOMETRIC_REPRESENTATION_CONTEXT(2) 
PARAMETRIC_REPRESENTATION_CONTEXT() REPRESENTATION_CONTEXT('2D SPACE',''
  ) );
#3972 = ORIENTED_EDGE('',*,*,#3973,.T.);
#3973 = EDGE_CURVE('',#3946,#3974,#3976,.T.);
#3974 = VERTEX_POINT('',#3975);
#3975 = CARTESIAN_POINT('',(13.5,-1.5,1.6));
#3976 = SURFACE_CURVE('',#3977,(#3981,#3988),.PCURVE_S1.);
#3977 = LINE('',#3978,#3979);
#3978 = CARTESIAN_POINT('',(-13.5,-1.5,1.6));
#3979 = VECTOR('',#3980,1.);
#3980 = DIRECTION('',(1.,0.,0.));
#3981 = PCURVE('',#3921,#3982);
#3982 = DEFINITIONAL_REPRESENTATION('',(#3983),#3987);
#3983 = LINE('',#3984,#3985);
#3984 = CARTESIAN_POINT('',(0.,-3.2));
#3985 = VECTOR('',#3986,1.);
#3986 = DIRECTION('',(1.,0.));
#3987 = ( GEOMETRIC_REPRESENTATION_CONTEXT(2) 
PARAMETRIC_REPRESENTATION_CONTEXT() REPRESENTATION_CONTEXT('2D SPACE',''
  ) );
#3988 = PCURVE('',#3989,#3994);
#3989 = PLANE('',#3990);
#3990 = AXIS2_PLACEMENT_3D('',#3991,#3992,#3993);
#3991 = CARTESIAN_POINT('',(-13.5,-1.5,1.6));
#3992 = DIRECTION('',(0.,0.,1.));
#3993 = DIRECTION('',(1.,0.,0.));
#3994 = DEFINITIONAL_REPRESENTATION('',(#3995),#3999);
#3995 = LINE('',#3996,#3997);
#3996 = CARTESIAN_POINT('',(0.,0.));
#3997 = VECTOR('',#3998,1.);
#3998 = DIRECTION('',(1.,0.));
#3999 = ( GEOMETRIC_REPRESENTATION_CONTEXT(2) 
PARAMETRIC_REPRESENTATION_CONTEXT() REPRESENTATION_CONTEXT('2D SPACE',''
  ) );
#4000 = ORIENTED_EDGE('',*,*,#4001,.F.);
#4001 = EDGE_CURVE('',#3913,#3974,#4002,.T.);
#4002 = SURFACE_CURVE('',#4003,(#4007,#4014),.PCURVE_S1.);
#4003 = LINE('',#4004,#4005);
#4004 = CARTESIAN_POINT('',(13.5,-1.5,-1.6));
#4005 = VECTOR('',#4006,1.);
#4006 = DIRECTION('',(0.,0.,1.));
#4007 = PCURVE('',#3921,#4008);
#4008 = DEFINITIONAL_REPRESENTATION('',(#4009),#4013);
#4009 = LINE('',#4010,#4011);
#4010 = CARTESIAN_POINT('',(27.,0.));
#4011 = VECTOR('',#4012,1.);
#4012 = DIRECTION('',(0.,-1.));
#4013 = ( GEOMETRIC_REPRESENTATION_CONTEXT(2) 
PARAMETRIC_REPRESENTATION_CONTEXT() REPRESENTATION_CONTEXT('2D SPACE',''
  ) );
#4014 = PCURVE('',#4015,#4020);
#4015 = PLANE('',#4016);
#4016 = AXIS2_PLACEMENT_3D('',#4017,#4018,#4019);
#4017 = CARTESIAN_POINT('',(13.5,-1.5,-1.6));
#4018 = DIRECTION('',(1.,0.,0.));
#4019 = DIRECTION('',(0.,1.,0.));
#4020 = DEFINITIONAL_REPRESENTATION('',(#4021),#4025);
#4021 = LINE('',#4022,#4023);
#4022 = CARTESIAN_POINT('',(0.,0.));
#4023 = VECTOR('',#4024,1.);
#4024 = DIRECTION('',(0.,1.));
#4025 = ( GEOMETRIC_REPRESENTATION_CONTEXT(2) 
PARAMETRIC_REPRESENTATION_CONTEXT() REPRESENTATION_CONTEXT('2D SPACE',''
  ) );
#4026 = ADVANCED_FACE('',(#4027),#4041,.T.);
#4027 = FACE_BOUND('',#4028,.T.);
#4028 = EDGE_LOOP('',(#4029,#4059,#4082,#4105));
#4029 = ORIENTED_EDGE('',*,*,#4030,.F.);
#4030 = EDGE_CURVE('',#4031,#4033,#4035,.T.);
#4031 = VERTEX_POINT('',#4032);
#4032 = CARTESIAN_POINT('',(-13.5,1.5,-1.6));
#4033 = VERTEX_POINT('',#4034);
#4034 = CARTESIAN_POINT('',(13.5,1.5,-1.6));
#4035 = SURFACE_CURVE('',#4036,(#4040,#4052),.PCURVE_S1.);
#4036 = LINE('',#4037,#4038);
#4037 = CARTESIAN_POINT('',(-13.5,1.5,-1.6));
#4038 = VECTOR('',#4039,1.);
#4039 = DIRECTION('',(1.,0.,0.));
#4040 = PCURVE('',#4041,#4046);
#4041 = PLANE('',#4042);
#4042 = AXIS2_PLACEMENT_3D('',#4043,#4044,#4045);
#4043 = CARTESIAN_POINT('',(-13.5,1.5,-1.6));
#4044 = DIRECTION('',(0.,1.,0.));
#4045 = DIRECTION('',(1.,0.,0.));
#4046 = DEFINITIONAL_REPRESENTATION('',(#4047),#4051);
#4047 = LINE('',#4048,#4049);
#4048 = CARTESIAN_POINT('',(0.,0.));
#4049 = VECTOR('',#4050,1.);
#4050 = DIRECTION('',(1.,0.));
#4051 = ( GEOMETRIC_REPRESENTATION_CONTEXT(2) 
PARAMETRIC_REPRESENTATION_CONTEXT() REPRESENTATION_CONTEXT('2D SPACE',''
  ) );
#4052 = PCURVE('',#3933,#4053);
#4053 = DEFINITIONAL_REPRESENTATION('',(#4054),#4058);
#4054 = LINE('',#4055,#4056);
#4055 = CARTESIAN_POINT('',(0.,3.));
#4056 = VECTOR('',#4057,1.);
#4057 = DIRECTION('',(1.,0.));
#4058 = ( GEOMETRIC_REPRESENTATION_CONTEXT(2) 
PARAMETRIC_REPRESENTATION_CONTEXT() REPRESENTATION_CONTEXT('2D SPACE',''
  ) );
#4059 = ORIENTED_EDGE('',*,*,#4060,.T.);
#4060 = EDGE_CURVE('',#4031,#4061,#4063,.T.);
#4061 = VERTEX_POINT('',#4062);
#4062 = CARTESIAN_POINT('',(-13.5,1.5,1.6));
#4063 = SURFACE_CURVE('',#4064,(#4068,#4075),.PCURVE_S1.);
#4064 = LINE('',#4065,#4066);
#4065 = CARTESIAN_POINT('',(-13.5,1.5,-1.6));
#4066 = VECTOR('',#4067,1.);
#4067 = DIRECTION('',(0.,0.,1.));
#4068 = PCURVE('',#4041,#4069);
#4069 = DEFINITIONAL_REPRESENTATION('',(#4070),#4074);
#4070 = LINE('',#4071,#4072);
#4071 = CARTESIAN_POINT('',(0.,0.));
#4072 = VECTOR('',#4073,1.);
#4073 = DIRECTION('',(0.,-1.));
#4074 = ( GEOMETRIC_REPRESENTATION_CONTEXT(2) 
PARAMETRIC_REPRESENTATION_CONTEXT() REPRESENTATION_CONTEXT('2D SPACE',''
  ) );
#4075 = PCURVE('',#3961,#4076);
#4076 = DEFINITIONAL_REPRESENTATION('',(#4077),#4081);
#4077 = LINE('',#4078,#4079);
#4078 = CARTESIAN_POINT('',(3.,0.));
#4079 = VECTOR('',#4080,1.);
#4080 = DIRECTION('',(0.,1.));
#4081 = ( GEOMETRIC_REPRESENTATION_CONTEXT(2) 
PARAMETRIC_REPRESENTATION_CONTEXT() REPRESENTATION_CONTEXT('2D SPACE',''
  ) );
#4082 = ORIENTED_EDGE('',*,*,#4083,.T.);
#4083 = EDGE_CURVE('',#4061,#4084,#4086,.T.);
#4084 = VERTEX_POINT('',#4085);
#4085 = CARTESIAN_POINT('',(13.5,1.5,1.6));
#4086 = SURFACE_CURVE('',#4087,(#4091,#4098),.PCURVE_S1.);
#4087 = LINE('',#4088,#4089);
#4088 = CARTESIAN_POINT('',(-13.5,1.5,1.6));
#4089 = VECTOR('',#4090,1.);
#4090 = DIRECTION('',(1.,0.,0.));
#4091 = PCURVE('',#4041,#4092);
#4092 = DEFINITIONAL_REPRESENTATION('',(#4093),#4097);
#4093 = LINE('',#4094,#4095);
#4094 = CARTESIAN_POINT('',(0.,-3.2));
#4095 = VECTOR('',#4096,1.);
#4096 = DIRECTION('',(1.,0.));
#4097 = ( GEOMETRIC_REPRESENTATION_CONTEXT(2) 
PARAMETRIC_REPRESENTATION_CONTEXT() REPRESENTATION_CONTEXT('2D SPACE',''
  ) );
#4098 = PCURVE('',#3989,#4099);
#4099 = DEFINITIONAL_REPRESENTATION('',(#4100),#4104);
#4100 = LINE('',#4101,#4102);
#4101 = CARTESIAN_POINT('',(0.,3.));
#4102 = VECTOR('',#4103,1.);
#4103 = DIRECTION('',(1.,0.));
#4104 = ( GEOMETRIC_REPRESENTATION_CONTEXT(2) 
PARAMETRIC_REPRESENTATION_CONTEXT() REPRESENTATION_CONTEXT('2D SPACE',''
  ) );
#4105 = ORIENTED_EDGE('',*,*,#4106,.F.);
#4106 = EDGE_CURVE('',#4033,#4084,#4107,.T.);
#4107 = SURFACE_CURVE('',#4108,(#4112,#4119),.PCURVE_S1.);
#4108 = LINE('',#4109,#4110);
#4109 = CARTESIAN_POINT('',(13.5,1.5,-1.6));
#4110 = VECTOR('',#4111,1.);
#4111 = DIRECTION('',(0.,0.,1.));
#4112 = PCURVE('',#4041,#4113);
#4113 = DEFINITIONAL_REPRESENTATION('',(#4114),#4118);
#4114 = LINE('',#4115,#4116);
#4115 = CARTESIAN_POINT('',(27.,0.));
#4116 = VECTOR('',#4117,1.);
#4117 = DIRECTION('',(0.,-1.));
#4118 = ( GEOMETRIC_REPRESENTATION_CONTEXT(2) 
PARAMETRIC_REPRESENTATION_CONTEXT() REPRESENTATION_CONTEXT('2D SPACE',''
  ) );
#4119 = PCURVE('',#4015,#4120);
#4120 = DEFINITIONAL_REPRESENTATION('',(#4121),#4125);
#4121 = LINE('',#4122,#4123);
#4122 = CARTESIAN_POINT('',(3.,0.));
#4123 = VECTOR('',#4124,1.);
#4124 = DIRECTION('',(0.,1.));
#4125 = ( GEOMETRIC_REPRESENTATION_CONTEXT(2) 
PARAMETRIC_REPRESENTATION_CONTEXT() REPRESENTATION_CONTEXT('2D SPACE',''
  ) );
#4126 = ADVANCED_FACE('',(#4127),#3933,.F.);
#4127 = FACE_BOUND('',#4128,.F.);
#4128 = EDGE_LOOP('',(#4129,#4150,#4151,#4172));
#4129 = ORIENTED_EDGE('',*,*,#4130,.F.);
#4130 = EDGE_CURVE('',#3911,#4031,#4131,.T.);
#4131 = SURFACE_CURVE('',#4132,(#4136,#4143),.PCURVE_S1.);
#4132 = LINE('',#4133,#4134);
#4133 = CARTESIAN_POINT('',(-13.5,-1.5,-1.6));
#4134 = VECTOR('',#4135,1.);
#4135 = DIRECTION('',(0.,1.,0.));
#4136 = PCURVE('',#3933,#4137);
#4137 = DEFINITIONAL_REPRESENTATION('',(#4138),#4142);
#4138 = LINE('',#4139,#4140);
#4139 = CARTESIAN_POINT('',(0.,0.));
#4140 = VECTOR('',#4141,1.);
#4141 = DIRECTION('',(0.,1.));
#4142 = ( GEOMETRIC_REPRESENTATION_CONTEXT(2) 
PARAMETRIC_REPRESENTATION_CONTEXT() REPRESENTATION_CONTEXT('2D SPACE',''
  ) );
#4143 = PCURVE('',#3961,#4144);
#4144 = DEFINITIONAL_REPRESENTATION('',(#4145),#4149);
#4145 = LINE('',#4146,#4147);
#4146 = CARTESIAN_POINT('',(0.,0.));
#4147 = VECTOR('',#4148,1.);
#4148 = DIRECTION('',(1.,0.));
#4149 = ( GEOMETRIC_REPRESENTATION_CONTEXT(2) 
PARAMETRIC_REPRESENTATION_CONTEXT() REPRESENTATION_CONTEXT('2D SPACE',''
  ) );
#4150 = ORIENTED_EDGE('',*,*,#3910,.T.);
#4151 = ORIENTED_EDGE('',*,*,#4152,.T.);
#4152 = EDGE_CURVE('',#3913,#4033,#4153,.T.);
#4153 = SURFACE_CURVE('',#4154,(#4158,#4165),.PCURVE_S1.);
#4154 = LINE('',#4155,#4156);
#4155 = CARTESIAN_POINT('',(13.5,-1.5,-1.6));
#4156 = VECTOR('',#4157,1.);
#4157 = DIRECTION('',(0.,1.,0.));
#4158 = PCURVE('',#3933,#4159);
#4159 = DEFINITIONAL_REPRESENTATION('',(#4160),#4164);
#4160 = LINE('',#4161,#4162);
#4161 = CARTESIAN_POINT('',(27.,0.));
#4162 = VECTOR('',#4163,1.);
#4163 = DIRECTION('',(0.,1.));
#4164 = ( GEOMETRIC_REPRESENTATION_CONTEXT(2) 
PARAMETRIC_REPRESENTATION_CONTEXT() REPRESENTATION_CONTEXT('2D SPACE',''
  ) );
#4165 = PCURVE('',#4015,#4166);
#4166 = DEFINITIONAL_REPRESENTATION('',(#4167),#4171);
#4167 = LINE('',#4168,#4169);
#4168 = CARTESIAN_POINT('',(0.,0.));
#4169 = VECTOR('',#4170,1.);
#4170 = DIRECTION('',(1.,0.));
#4171 = ( GEOMETRIC_REPRESENTATION_CONTEXT(2) 
PARAMETRIC_REPRESENTATION_CONTEXT() REPRESENTATION_CONTEXT('2D SPACE',''
  ) );
#4172 = ORIENTED_EDGE('',*,*,#4030,.F.);
#4173 = ADVANCED_FACE('',(#4174),#3989,.T.);
#4174 = FACE_BOUND('',#4175,.T.);
#4175 = EDGE_LOOP('',(#4176,#4197,#4198,#4219));
#4176 = ORIENTED_EDGE('',*,*,#4177,.F.);
#4177 = EDGE_CURVE('',#3946,#4061,#4178,.T.);
#4178 = SURFACE_CURVE('',#4179,(#4183,#4190),.PCURVE_S1.);
#4179 = LINE('',#4180,#4181);
#4180 = CARTESIAN_POINT('',(-13.5,-1.5,1.6));
#4181 = VECTOR('',#4182,1.);
#4182 = DIRECTION('',(0.,1.,0.));
#4183 = PCURVE('',#3989,#4184);
#4184 = DEFINITIONAL_REPRESENTATION('',(#4185),#4189);
#4185 = LINE('',#4186,#4187);
#4186 = CARTESIAN_POINT('',(0.,0.));
#4187 = VECTOR('',#4188,1.);
#4188 = DIRECTION('',(0.,1.));
#4189 = ( GEOMETRIC_REPRESENTATION_CONTEXT(2) 
PARAMETRIC_REPRESENTATION_CONTEXT() REPRESENTATION_CONTEXT('2D SPACE',''
  ) );
#4190 = PCURVE('',#3961,#4191);
#4191 = DEFINITIONAL_REPRESENTATION('',(#4192),#4196);
#4192 = LINE('',#4193,#4194);
#4193 = CARTESIAN_POINT('',(0.,3.2));
#4194 = VECTOR('',#4195,1.);
#4195 = DIRECTION('',(1.,0.));
#4196 = ( GEOMETRIC_REPRESENTATION_CONTEXT(2) 
PARAMETRIC_REPRESENTATION_CONTEXT() REPRESENTATION_CONTEXT('2D SPACE',''
  ) );
#4197 = ORIENTED_EDGE('',*,*,#3973,.T.);
#4198 = ORIENTED_EDGE('',*,*,#4199,.T.);
#4199 = EDGE_CURVE('',#3974,#4084,#4200,.T.);
#4200 = SURFACE_CURVE('',#4201,(#4205,#4212),.PCURVE_S1.);
#4201 = LINE('',#4202,#4203);
#4202 = CARTESIAN_POINT('',(13.5,-1.5,1.6));
#4203 = VECTOR('',#4204,1.);
#4204 = DIRECTION('',(0.,1.,0.));
#4205 = PCURVE('',#3989,#4206);
#4206 = DEFINITIONAL_REPRESENTATION('',(#4207),#4211);
#4207 = LINE('',#4208,#4209);
#4208 = CARTESIAN_POINT('',(27.,0.));
#4209 = VECTOR('',#4210,1.);
#4210 = DIRECTION('',(0.,1.));
#4211 = ( GEOMETRIC_REPRESENTATION_CONTEXT(2) 
PARAMETRIC_REPRESENTATION_CONTEXT() REPRESENTATION_CONTEXT('2D SPACE',''
  ) );
#4212 = PCURVE('',#4015,#4213);
#4213 = DEFINITIONAL_REPRESENTATION('',(#4214),#4218);
#4214 = LINE('',#4215,#4216);
#4215 = CARTESIAN_POINT('',(0.,3.2));
#4216 = VECTOR('',#4217,1.);
#4217 = DIRECTION('',(1.,0.));
#4218 = ( GEOMETRIC_REPRESENTATION_CONTEXT(2) 
PARAMETRIC_REPRESENTATION_CONTEXT() REPRESENTATION_CONTEXT('2D SPACE',''
  ) );
#4219 = ORIENTED_EDGE('',*,*,#4083,.F.);
#4220 = ADVANCED_FACE('',(#4221),#3961,.F.);
#4221 = FACE_BOUND('',#4222,.F.);
#4222 = EDGE_LOOP('',(#4223,#4224,#4225,#4226));
#4223 = ORIENTED_EDGE('',*,*,#3945,.F.);
#4224 = ORIENTED_EDGE('',*,*,#4130,.T.);
#4225 = ORIENTED_EDGE('',*,*,#4060,.T.);
#4226 = ORIENTED_EDGE('',*,*,#4177,.F.);
#4227 = ADVANCED_FACE('',(#4228),#4015,.T.);
#4228 = FACE_BOUND('',#4229,.T.);
#4229 = EDGE_LOOP('',(#4230,#4231,#4232,#4233));
#4230 = ORIENTED_EDGE('',*,*,#4001,.F.);
#4231 = ORIENTED_EDGE('',*,*,#4152,.T.);
#4232 = ORIENTED_EDGE('',*,*,#4106,.T.);
#4233 = ORIENTED_EDGE('',*,*,#4199,.F.);
#4234 = ( GEOMETRIC_REPRESENTATION_CONTEXT(3) 
GLOBAL_UNCERTAINTY_ASSIGNED_CONTEXT((#4238)) 
GLOBAL_UNIT_ASSIGNED_CONTEXT((#4235,#4236,#4237)) REPRESENTATION_CONTEXT
('Context #1','3D Context with UNIT and UNCERTAINTY') );
#4235 = ( LENGTH_UNIT() NAMED_UNIT(*) SI_UNIT(.MILLI.,.METRE.) );
#4236 = ( NAMED_UNIT(*) PLANE_ANGLE_UNIT() SI_UNIT($,.RADIAN.) );
#4237 = ( NAMED_UNIT(*) SI_UNIT($,.STERADIAN.) SOLID_ANGLE_UNIT() );
#4238 = UNCERTAINTY_MEASURE_WITH_UNIT(LENGTH_MEASURE(1.E-07),#4235,
  'distance_accuracy_value','confusion accuracy');
#4239 = CONTEXT_DEPENDENT_SHAPE_REPRESENTATION(#4240,#4242);
#4240 = ( REPRESENTATION_RELATIONSHIP('','',#3501,#10) 
REPRESENTATION_RELATIONSHIP_WITH_TRANSFORMATION(#4241) 
SHAPE_REPRESENTATION_RELATIONSHIP() );
#4241 = ITEM_DEFINED_TRANSFORMATION('','',#11,#19);
#4242 = PRODUCT_DEFINITION_SHAPE('Placement','Placement of an item',
  #4243);
#4243 = NEXT_ASSEMBLY_USAGE_OCCURRENCE('4','Obturador','',#5,#3496,$);
#4244 = PRODUCT_RELATED_PRODUCT_CATEGORY('part',$,(#3498));
#4245 = SHAPE_DEFINITION_REPRESENTATION(#4246,#4252);
#4246 = PRODUCT_DEFINITION_SHAPE('','',#4247);
#4247 = PRODUCT_DEFINITION('design','',#4248,#4251);
#4248 = PRODUCT_DEFINITION_FORMATION('','',#4249);
#4249 = PRODUCT('Eixo','Eixo','',(#4250));
#4250 = PRODUCT_CONTEXT('',#2,'mechanical');
#4251 = PRODUCT_DEFINITION_CONTEXT('part definition',#2,'design');
#4252 = ADVANCED_BREP_SHAPE_REPRESENTATION('',(#11,#4253),#4883);
#4253 = MANIFOLD_SOLID_BREP('',#4254);
#4254 = CLOSED_SHELL('',(#4255,#4454,#4458,#4545,#4570,#4646,#4671,#4749
    ,#4798,#4849,#4876));
#4255 = ADVANCED_FACE('',(#4256),#4269,.T.);
#4256 = FACE_BOUND('',#4257,.F.);
#4257 = EDGE_LOOP('',(#4258,#4292,#4315,#4344,#4373,#4402,#4431,#4453));
#4258 = ORIENTED_EDGE('',*,*,#4259,.F.);
#4259 = EDGE_CURVE('',#4260,#4260,#4262,.T.);
#4260 = VERTEX_POINT('',#4261);
#4261 = CARTESIAN_POINT('',(3.,0.,-19.));
#4262 = SURFACE_CURVE('',#4263,(#4268,#4280),.PCURVE_S1.);
#4263 = CIRCLE('',#4264,3.);
#4264 = AXIS2_PLACEMENT_3D('',#4265,#4266,#4267);
#4265 = CARTESIAN_POINT('',(0.,0.,-19.));
#4266 = DIRECTION('',(0.,0.,1.));
#4267 = DIRECTION('',(1.,0.,0.));
#4268 = PCURVE('',#4269,#4274);
#4269 = CYLINDRICAL_SURFACE('',#4270,3.);
#4270 = AXIS2_PLACEMENT_3D('',#4271,#4272,#4273);
#4271 = CARTESIAN_POINT('',(0.,0.,-19.));
#4272 = DIRECTION('',(-0.,-0.,-1.));
#4273 = DIRECTION('',(1.,0.,0.));
#4274 = DEFINITIONAL_REPRESENTATION('',(#4275),#4279);
#4275 = LINE('',#4276,#4277);
#4276 = CARTESIAN_POINT('',(-0.,0.));
#4277 = VECTOR('',#4278,1.);
#4278 = DIRECTION('',(-1.,0.));
#4279 = ( GEOMETRIC_REPRESENTATION_CONTEXT(2) 
PARAMETRIC_REPRESENTATION_CONTEXT() REPRESENTATION_CONTEXT('2D SPACE',''
  ) );
#4280 = PCURVE('',#4281,#4286);
#4281 = PLANE('',#4282);
#4282 = AXIS2_PLACEMENT_3D('',#4283,#4284,#4285);
#4283 = CARTESIAN_POINT('',(-1.709300165674E-16,-8.51133553645E-18,-19.)
  );
#4284 = DIRECTION('',(0.,0.,1.));
#4285 = DIRECTION('',(1.,0.,-0.));
#4286 = DEFINITIONAL_REPRESENTATION('',(#4287),#4291);
#4287 = CIRCLE('',#4288,3.);
#4288 = AXIS2_PLACEMENT_2D('',#4289,#4290);
#4289 = CARTESIAN_POINT('',(1.709300165674E-16,8.51133553645E-18));
#4290 = DIRECTION('',(1.,0.));
#4291 = ( GEOMETRIC_REPRESENTATION_CONTEXT(2) 
PARAMETRIC_REPRESENTATION_CONTEXT() REPRESENTATION_CONTEXT('2D SPACE',''
  ) );
#4292 = ORIENTED_EDGE('',*,*,#4293,.T.);
#4293 = EDGE_CURVE('',#4260,#4294,#4296,.T.);
#4294 = VERTEX_POINT('',#4295);
#4295 = CARTESIAN_POINT('',(3.,0.,19.));
#4296 = SEAM_CURVE('',#4297,(#4301,#4308),.PCURVE_S1.);
#4297 = LINE('',#4298,#4299);
#4298 = CARTESIAN_POINT('',(3.,0.,-19.));
#4299 = VECTOR('',#4300,1.);
#4300 = DIRECTION('',(0.,0.,1.));
#4301 = PCURVE('',#4269,#4302);
#4302 = DEFINITIONAL_REPRESENTATION('',(#4303),#4307);
#4303 = LINE('',#4304,#4305);
#4304 = CARTESIAN_POINT('',(-6.28318530718,0.));
#4305 = VECTOR('',#4306,1.);
#4306 = DIRECTION('',(-0.,-1.));
#4307 = ( GEOMETRIC_REPRESENTATION_CONTEXT(2) 
PARAMETRIC_REPRESENTATION_CONTEXT() REPRESENTATION_CONTEXT('2D SPACE',''
  ) );
#4308 = PCURVE('',#4269,#4309);
#4309 = DEFINITIONAL_REPRESENTATION('',(#4310),#4314);
#4310 = LINE('',#4311,#4312);
#4311 = CARTESIAN_POINT('',(-0.,0.));
#4312 = VECTOR('',#4313,1.);
#4313 = DIRECTION('',(-0.,-1.));
#4314 = ( GEOMETRIC_REPRESENTATION_CONTEXT(2) 
PARAMETRIC_REPRESENTATION_CONTEXT() REPRESENTATION_CONTEXT('2D SPACE',''
  ) );
#4315 = ORIENTED_EDGE('',*,*,#4316,.T.);
#4316 = EDGE_CURVE('',#4294,#4317,#4319,.T.);
#4317 = VERTEX_POINT('',#4318);
#4318 = CARTESIAN_POINT('',(1.658312395178,2.5,19.));
#4319 = SURFACE_CURVE('',#4320,(#4325,#4332),.PCURVE_S1.);
#4320 = CIRCLE('',#4321,3.);
#4321 = AXIS2_PLACEMENT_3D('',#4322,#4323,#4324);
#4322 = CARTESIAN_POINT('',(0.,0.,19.));
#4323 = DIRECTION('',(0.,0.,1.));
#4324 = DIRECTION('',(1.,0.,0.));
#4325 = PCURVE('',#4269,#4326);
#4326 = DEFINITIONAL_REPRESENTATION('',(#4327),#4331);
#4327 = LINE('',#4328,#4329);
#4328 = CARTESIAN_POINT('',(-0.,-38.));
#4329 = VECTOR('',#4330,1.);
#4330 = DIRECTION('',(-1.,0.));
#4331 = ( GEOMETRIC_REPRESENTATION_CONTEXT(2) 
PARAMETRIC_REPRESENTATION_CONTEXT() REPRESENTATION_CONTEXT('2D SPACE',''
  ) );
#4332 = PCURVE('',#4333,#4338);
#4333 = PLANE('',#4334);
#4334 = AXIS2_PLACEMENT_3D('',#4335,#4336,#4337);
#4335 = CARTESIAN_POINT('',(-4.,-2.5,19.));
#4336 = DIRECTION('',(0.,0.,1.));
#4337 = DIRECTION('',(1.,0.,0.));
#4338 = DEFINITIONAL_REPRESENTATION('',(#4339),#4343);
#4339 = CIRCLE('',#4340,3.);
#4340 = AXIS2_PLACEMENT_2D('',#4341,#4342);
#4341 = CARTESIAN_POINT('',(4.,2.5));
#4342 = DIRECTION('',(1.,0.));
#4343 = ( GEOMETRIC_REPRESENTATION_CONTEXT(2) 
PARAMETRIC_REPRESENTATION_CONTEXT() REPRESENTATION_CONTEXT('2D SPACE',''
  ) );
#4344 = ORIENTED_EDGE('',*,*,#4345,.T.);
#4345 = EDGE_CURVE('',#4317,#4346,#4348,.T.);
#4346 = VERTEX_POINT('',#4347);
#4347 = CARTESIAN_POINT('',(-1.658312395178,2.5,19.));
#4348 = SURFACE_CURVE('',#4349,(#4354,#4361),.PCURVE_S1.);
#4349 = CIRCLE('',#4350,3.);
#4350 = AXIS2_PLACEMENT_3D('',#4351,#4352,#4353);
#4351 = CARTESIAN_POINT('',(0.,0.,19.));
#4352 = DIRECTION('',(0.,0.,1.));
#4353 = DIRECTION('',(1.,0.,0.));
#4354 = PCURVE('',#4269,#4355);
#4355 = DEFINITIONAL_REPRESENTATION('',(#4356),#4360);
#4356 = LINE('',#4357,#4358);
#4357 = CARTESIAN_POINT('',(-0.,-38.));
#4358 = VECTOR('',#4359,1.);
#4359 = DIRECTION('',(-1.,0.));
#4360 = ( GEOMETRIC_REPRESENTATION_CONTEXT(2) 
PARAMETRIC_REPRESENTATION_CONTEXT() REPRESENTATION_CONTEXT('2D SPACE',''
  ) );
#4361 = PCURVE('',#4362,#4367);
#4362 = PLANE('',#4363);
#4363 = AXIS2_PLACEMENT_3D('',#4364,#4365,#4366);
#4364 = CARTESIAN_POINT('',(-1.709300165674E-16,-8.51133553645E-18,19.)
  );
#4365 = DIRECTION('',(0.,0.,1.));
#4366 = DIRECTION('',(1.,0.,-0.));
#4367 = DEFINITIONAL_REPRESENTATION('',(#4368),#4372);
#4368 = CIRCLE('',#4369,3.);
#4369 = AXIS2_PLACEMENT_2D('',#4370,#4371);
#4370 = CARTESIAN_POINT('',(1.709300165674E-16,8.51133553645E-18));
#4371 = DIRECTION('',(1.,0.));
#4372 = ( GEOMETRIC_REPRESENTATION_CONTEXT(2) 
PARAMETRIC_REPRESENTATION_CONTEXT() REPRESENTATION_CONTEXT('2D SPACE',''
  ) );
#4373 = ORIENTED_EDGE('',*,*,#4374,.T.);
#4374 = EDGE_CURVE('',#4346,#4375,#4377,.T.);
#4375 = VERTEX_POINT('',#4376);
#4376 = CARTESIAN_POINT('',(-1.658312395178,-2.5,19.));
#4377 = SURFACE_CURVE('',#4378,(#4383,#4390),.PCURVE_S1.);
#4378 = CIRCLE('',#4379,3.);
#4379 = AXIS2_PLACEMENT_3D('',#4380,#4381,#4382);
#4380 = CARTESIAN_POINT('',(0.,0.,19.));
#4381 = DIRECTION('',(0.,0.,1.));
#4382 = DIRECTION('',(1.,0.,0.));
#4383 = PCURVE('',#4269,#4384);
#4384 = DEFINITIONAL_REPRESENTATION('',(#4385),#4389);
#4385 = LINE('',#4386,#4387);
#4386 = CARTESIAN_POINT('',(-0.,-38.));
#4387 = VECTOR('',#4388,1.);
#4388 = DIRECTION('',(-1.,0.));
#4389 = ( GEOMETRIC_REPRESENTATION_CONTEXT(2) 
PARAMETRIC_REPRESENTATION_CONTEXT() REPRESENTATION_CONTEXT('2D SPACE',''
  ) );
#4390 = PCURVE('',#4391,#4396);
#4391 = PLANE('',#4392);
#4392 = AXIS2_PLACEMENT_3D('',#4393,#4394,#4395);
#4393 = CARTESIAN_POINT('',(-4.,-2.5,19.));
#4394 = DIRECTION('',(0.,0.,1.));
#4395 = DIRECTION('',(1.,0.,0.));
#4396 = DEFINITIONAL_REPRESENTATION('',(#4397),#4401);
#4397 = CIRCLE('',#4398,3.);
#4398 = AXIS2_PLACEMENT_2D('',#4399,#4400);
#4399 = CARTESIAN_POINT('',(4.,2.5));
#4400 = DIRECTION('',(1.,0.));
#4401 = ( GEOMETRIC_REPRESENTATION_CONTEXT(2) 
PARAMETRIC_REPRESENTATION_CONTEXT() REPRESENTATION_CONTEXT('2D SPACE',''
  ) );
#4402 = ORIENTED_EDGE('',*,*,#4403,.T.);
#4403 = EDGE_CURVE('',#4375,#4404,#4406,.T.);
#4404 = VERTEX_POINT('',#4405);
#4405 = CARTESIAN_POINT('',(1.658312395178,-2.5,19.));
#4406 = SURFACE_CURVE('',#4407,(#4412,#4419),.PCURVE_S1.);
#4407 = CIRCLE('',#4408,3.);
#4408 = AXIS2_PLACEMENT_3D('',#4409,#4410,#4411);
#4409 = CARTESIAN_POINT('',(0.,0.,19.));
#4410 = DIRECTION('',(0.,0.,1.));
#4411 = DIRECTION('',(1.,0.,0.));
#4412 = PCURVE('',#4269,#4413);
#4413 = DEFINITIONAL_REPRESENTATION('',(#4414),#4418);
#4414 = LINE('',#4415,#4416);
#4415 = CARTESIAN_POINT('',(-0.,-38.));
#4416 = VECTOR('',#4417,1.);
#4417 = DIRECTION('',(-1.,0.));
#4418 = ( GEOMETRIC_REPRESENTATION_CONTEXT(2) 
PARAMETRIC_REPRESENTATION_CONTEXT() REPRESENTATION_CONTEXT('2D SPACE',''
  ) );
#4419 = PCURVE('',#4420,#4425);
#4420 = PLANE('',#4421);
#4421 = AXIS2_PLACEMENT_3D('',#4422,#4423,#4424);
#4422 = CARTESIAN_POINT('',(-1.709300165674E-16,-8.51133553645E-18,19.)
  );
#4423 = DIRECTION('',(0.,0.,1.));
#4424 = DIRECTION('',(1.,0.,-0.));
#4425 = DEFINITIONAL_REPRESENTATION('',(#4426),#4430);
#4426 = CIRCLE('',#4427,3.);
#4427 = AXIS2_PLACEMENT_2D('',#4428,#4429);
#4428 = CARTESIAN_POINT('',(1.709300165674E-16,8.51133553645E-18));
#4429 = DIRECTION('',(1.,0.));
#4430 = ( GEOMETRIC_REPRESENTATION_CONTEXT(2) 
PARAMETRIC_REPRESENTATION_CONTEXT() REPRESENTATION_CONTEXT('2D SPACE',''
  ) );
#4431 = ORIENTED_EDGE('',*,*,#4432,.T.);
#4432 = EDGE_CURVE('',#4404,#4294,#4433,.T.);
#4433 = SURFACE_CURVE('',#4434,(#4439,#4446),.PCURVE_S1.);
#4434 = CIRCLE('',#4435,3.);
#4435 = AXIS2_PLACEMENT_3D('',#4436,#4437,#4438);
#4436 = CARTESIAN_POINT('',(0.,0.,19.));
#4437 = DIRECTION('',(0.,0.,1.));
#4438 = DIRECTION('',(1.,0.,0.));
#4439 = PCURVE('',#4269,#4440);
#4440 = DEFINITIONAL_REPRESENTATION('',(#4441),#4445);
#4441 = LINE('',#4442,#4443);
#4442 = CARTESIAN_POINT('',(-0.,-38.));
#4443 = VECTOR('',#4444,1.);
#4444 = DIRECTION('',(-1.,0.));
#4445 = ( GEOMETRIC_REPRESENTATION_CONTEXT(2) 
PARAMETRIC_REPRESENTATION_CONTEXT() REPRESENTATION_CONTEXT('2D SPACE',''
  ) );
#4446 = PCURVE('',#4333,#4447);
#4447 = DEFINITIONAL_REPRESENTATION('',(#4448),#4452);
#4448 = CIRCLE('',#4449,3.);
#4449 = AXIS2_PLACEMENT_2D('',#4450,#4451);
#4450 = CARTESIAN_POINT('',(4.,2.5));
#4451 = DIRECTION('',(1.,0.));
#4452 = ( GEOMETRIC_REPRESENTATION_CONTEXT(2) 
PARAMETRIC_REPRESENTATION_CONTEXT() REPRESENTATION_CONTEXT('2D SPACE',''
  ) );
#4453 = ORIENTED_EDGE('',*,*,#4293,.F.);
#4454 = ADVANCED_FACE('',(#4455),#4281,.F.);
#4455 = FACE_BOUND('',#4456,.F.);
#4456 = EDGE_LOOP('',(#4457));
#4457 = ORIENTED_EDGE('',*,*,#4259,.T.);
#4458 = ADVANCED_FACE('',(#4459),#4333,.F.);
#4459 = FACE_BOUND('',#4460,.F.);
#4460 = EDGE_LOOP('',(#4461,#4489,#4490,#4491,#4519));
#4461 = ORIENTED_EDGE('',*,*,#4462,.F.);
#4462 = EDGE_CURVE('',#4317,#4463,#4465,.T.);
#4463 = VERTEX_POINT('',#4464);
#4464 = CARTESIAN_POINT('',(4.,2.5,19.));
#4465 = SURFACE_CURVE('',#4466,(#4470,#4477),.PCURVE_S1.);
#4466 = LINE('',#4467,#4468);
#4467 = CARTESIAN_POINT('',(-4.,2.5,19.));
#4468 = VECTOR('',#4469,1.);
#4469 = DIRECTION('',(1.,0.,0.));
#4470 = PCURVE('',#4333,#4471);
#4471 = DEFINITIONAL_REPRESENTATION('',(#4472),#4476);
#4472 = LINE('',#4473,#4474);
#4473 = CARTESIAN_POINT('',(0.,5.));
#4474 = VECTOR('',#4475,1.);
#4475 = DIRECTION('',(1.,0.));
#4476 = ( GEOMETRIC_REPRESENTATION_CONTEXT(2) 
PARAMETRIC_REPRESENTATION_CONTEXT() REPRESENTATION_CONTEXT('2D SPACE',''
  ) );
#4477 = PCURVE('',#4478,#4483);
#4478 = PLANE('',#4479);
#4479 = AXIS2_PLACEMENT_3D('',#4480,#4481,#4482);
#4480 = CARTESIAN_POINT('',(-4.,2.5,19.));
#4481 = DIRECTION('',(0.,1.,0.));
#4482 = DIRECTION('',(0.,0.,1.));
#4483 = DEFINITIONAL_REPRESENTATION('',(#4484),#4488);
#4484 = LINE('',#4485,#4486);
#4485 = CARTESIAN_POINT('',(0.,0.));
#4486 = VECTOR('',#4487,1.);
#4487 = DIRECTION('',(0.,1.));
#4488 = ( GEOMETRIC_REPRESENTATION_CONTEXT(2) 
PARAMETRIC_REPRESENTATION_CONTEXT() REPRESENTATION_CONTEXT('2D SPACE',''
  ) );
#4489 = ORIENTED_EDGE('',*,*,#4316,.F.);
#4490 = ORIENTED_EDGE('',*,*,#4432,.F.);
#4491 = ORIENTED_EDGE('',*,*,#4492,.T.);
#4492 = EDGE_CURVE('',#4404,#4493,#4495,.T.);
#4493 = VERTEX_POINT('',#4494);
#4494 = CARTESIAN_POINT('',(4.,-2.5,19.));
#4495 = SURFACE_CURVE('',#4496,(#4500,#4507),.PCURVE_S1.);
#4496 = LINE('',#4497,#4498);
#4497 = CARTESIAN_POINT('',(-4.,-2.5,19.));
#4498 = VECTOR('',#4499,1.);
#4499 = DIRECTION('',(1.,0.,0.));
#4500 = PCURVE('',#4333,#4501);
#4501 = DEFINITIONAL_REPRESENTATION('',(#4502),#4506);
#4502 = LINE('',#4503,#4504);
#4503 = CARTESIAN_POINT('',(0.,0.));
#4504 = VECTOR('',#4505,1.);
#4505 = DIRECTION('',(1.,0.));
#4506 = ( GEOMETRIC_REPRESENTATION_CONTEXT(2) 
PARAMETRIC_REPRESENTATION_CONTEXT() REPRESENTATION_CONTEXT('2D SPACE',''
  ) );
#4507 = PCURVE('',#4508,#4513);
#4508 = PLANE('',#4509);
#4509 = AXIS2_PLACEMENT_3D('',#4510,#4511,#4512);
#4510 = CARTESIAN_POINT('',(-4.,-2.5,19.));
#4511 = DIRECTION('',(0.,1.,0.));
#4512 = DIRECTION('',(0.,0.,1.));
#4513 = DEFINITIONAL_REPRESENTATION('',(#4514),#4518);
#4514 = LINE('',#4515,#4516);
#4515 = CARTESIAN_POINT('',(0.,0.));
#4516 = VECTOR('',#4517,1.);
#4517 = DIRECTION('',(0.,1.));
#4518 = ( GEOMETRIC_REPRESENTATION_CONTEXT(2) 
PARAMETRIC_REPRESENTATION_CONTEXT() REPRESENTATION_CONTEXT('2D SPACE',''
  ) );
#4519 = ORIENTED_EDGE('',*,*,#4520,.T.);
#4520 = EDGE_CURVE('',#4493,#4463,#4521,.T.);
#4521 = SURFACE_CURVE('',#4522,(#4526,#4533),.PCURVE_S1.);
#4522 = LINE('',#4523,#4524);
#4523 = CARTESIAN_POINT('',(4.,-2.5,19.));
#4524 = VECTOR('',#4525,1.);
#4525 = DIRECTION('',(0.,1.,0.));
#4526 = PCURVE('',#4333,#4527);
#4527 = DEFINITIONAL_REPRESENTATION('',(#4528),#4532);
#4528 = LINE('',#4529,#4530);
#4529 = CARTESIAN_POINT('',(8.,0.));
#4530 = VECTOR('',#4531,1.);
#4531 = DIRECTION('',(0.,1.));
#4532 = ( GEOMETRIC_REPRESENTATION_CONTEXT(2) 
PARAMETRIC_REPRESENTATION_CONTEXT() REPRESENTATION_CONTEXT('2D SPACE',''
  ) );
#4533 = PCURVE('',#4534,#4539);
#4534 = PLANE('',#4535);
#4535 = AXIS2_PLACEMENT_3D('',#4536,#4537,#4538);
#4536 = CARTESIAN_POINT('',(4.,-2.5,19.));
#4537 = DIRECTION('',(1.,0.,0.));
#4538 = DIRECTION('',(0.,0.,1.));
#4539 = DEFINITIONAL_REPRESENTATION('',(#4540),#4544);
#4540 = LINE('',#4541,#4542);
#4541 = CARTESIAN_POINT('',(0.,0.));
#4542 = VECTOR('',#4543,1.);
#4543 = DIRECTION('',(0.,-1.));
#4544 = ( GEOMETRIC_REPRESENTATION_CONTEXT(2) 
PARAMETRIC_REPRESENTATION_CONTEXT() REPRESENTATION_CONTEXT('2D SPACE',''
  ) );
#4545 = ADVANCED_FACE('',(#4546),#4420,.T.);
#4546 = FACE_BOUND('',#4547,.T.);
#4547 = EDGE_LOOP('',(#4548,#4549));
#4548 = ORIENTED_EDGE('',*,*,#4403,.T.);
#4549 = ORIENTED_EDGE('',*,*,#4550,.F.);
#4550 = EDGE_CURVE('',#4375,#4404,#4551,.T.);
#4551 = SURFACE_CURVE('',#4552,(#4556,#4563),.PCURVE_S1.);
#4552 = LINE('',#4553,#4554);
#4553 = CARTESIAN_POINT('',(-4.,-2.5,19.));
#4554 = VECTOR('',#4555,1.);
#4555 = DIRECTION('',(1.,0.,0.));
#4556 = PCURVE('',#4420,#4557);
#4557 = DEFINITIONAL_REPRESENTATION('',(#4558),#4562);
#4558 = LINE('',#4559,#4560);
#4559 = CARTESIAN_POINT('',(-4.,-2.5));
#4560 = VECTOR('',#4561,1.);
#4561 = DIRECTION('',(1.,0.));
#4562 = ( GEOMETRIC_REPRESENTATION_CONTEXT(2) 
PARAMETRIC_REPRESENTATION_CONTEXT() REPRESENTATION_CONTEXT('2D SPACE',''
  ) );
#4563 = PCURVE('',#4508,#4564);
#4564 = DEFINITIONAL_REPRESENTATION('',(#4565),#4569);
#4565 = LINE('',#4566,#4567);
#4566 = CARTESIAN_POINT('',(0.,0.));
#4567 = VECTOR('',#4568,1.);
#4568 = DIRECTION('',(0.,1.));
#4569 = ( GEOMETRIC_REPRESENTATION_CONTEXT(2) 
PARAMETRIC_REPRESENTATION_CONTEXT() REPRESENTATION_CONTEXT('2D SPACE',''
  ) );
#4570 = ADVANCED_FACE('',(#4571),#4391,.F.);
#4571 = FACE_BOUND('',#4572,.F.);
#4572 = EDGE_LOOP('',(#4573,#4596,#4624,#4645));
#4573 = ORIENTED_EDGE('',*,*,#4574,.F.);
#4574 = EDGE_CURVE('',#4575,#4346,#4577,.T.);
#4575 = VERTEX_POINT('',#4576);
#4576 = CARTESIAN_POINT('',(-4.,2.5,19.));
#4577 = SURFACE_CURVE('',#4578,(#4582,#4589),.PCURVE_S1.);
#4578 = LINE('',#4579,#4580);
#4579 = CARTESIAN_POINT('',(-4.,2.5,19.));
#4580 = VECTOR('',#4581,1.);
#4581 = DIRECTION('',(1.,0.,0.));
#4582 = PCURVE('',#4391,#4583);
#4583 = DEFINITIONAL_REPRESENTATION('',(#4584),#4588);
#4584 = LINE('',#4585,#4586);
#4585 = CARTESIAN_POINT('',(0.,5.));
#4586 = VECTOR('',#4587,1.);
#4587 = DIRECTION('',(1.,0.));
#4588 = ( GEOMETRIC_REPRESENTATION_CONTEXT(2) 
PARAMETRIC_REPRESENTATION_CONTEXT() REPRESENTATION_CONTEXT('2D SPACE',''
  ) );
#4589 = PCURVE('',#4478,#4590);
#4590 = DEFINITIONAL_REPRESENTATION('',(#4591),#4595);
#4591 = LINE('',#4592,#4593);
#4592 = CARTESIAN_POINT('',(0.,0.));
#4593 = VECTOR('',#4594,1.);
#4594 = DIRECTION('',(0.,1.));
#4595 = ( GEOMETRIC_REPRESENTATION_CONTEXT(2) 
PARAMETRIC_REPRESENTATION_CONTEXT() REPRESENTATION_CONTEXT('2D SPACE',''
  ) );
#4596 = ORIENTED_EDGE('',*,*,#4597,.F.);
#4597 = EDGE_CURVE('',#4598,#4575,#4600,.T.);
#4598 = VERTEX_POINT('',#4599);
#4599 = CARTESIAN_POINT('',(-4.,-2.5,19.));
#4600 = SURFACE_CURVE('',#4601,(#4605,#4612),.PCURVE_S1.);
#4601 = LINE('',#4602,#4603);
#4602 = CARTESIAN_POINT('',(-4.,-2.5,19.));
#4603 = VECTOR('',#4604,1.);
#4604 = DIRECTION('',(0.,1.,0.));
#4605 = PCURVE('',#4391,#4606);
#4606 = DEFINITIONAL_REPRESENTATION('',(#4607),#4611);
#4607 = LINE('',#4608,#4609);
#4608 = CARTESIAN_POINT('',(0.,0.));
#4609 = VECTOR('',#4610,1.);
#4610 = DIRECTION('',(0.,1.));
#4611 = ( GEOMETRIC_REPRESENTATION_CONTEXT(2) 
PARAMETRIC_REPRESENTATION_CONTEXT() REPRESENTATION_CONTEXT('2D SPACE',''
  ) );
#4612 = PCURVE('',#4613,#4618);
#4613 = PLANE('',#4614);
#4614 = AXIS2_PLACEMENT_3D('',#4615,#4616,#4617);
#4615 = CARTESIAN_POINT('',(-4.,-2.5,19.));
#4616 = DIRECTION('',(1.,0.,0.));
#4617 = DIRECTION('',(0.,0.,1.));
#4618 = DEFINITIONAL_REPRESENTATION('',(#4619),#4623);
#4619 = LINE('',#4620,#4621);
#4620 = CARTESIAN_POINT('',(0.,0.));
#4621 = VECTOR('',#4622,1.);
#4622 = DIRECTION('',(0.,-1.));
#4623 = ( GEOMETRIC_REPRESENTATION_CONTEXT(2) 
PARAMETRIC_REPRESENTATION_CONTEXT() REPRESENTATION_CONTEXT('2D SPACE',''
  ) );
#4624 = ORIENTED_EDGE('',*,*,#4625,.T.);
#4625 = EDGE_CURVE('',#4598,#4375,#4626,.T.);
#4626 = SURFACE_CURVE('',#4627,(#4631,#4638),.PCURVE_S1.);
#4627 = LINE('',#4628,#4629);
#4628 = CARTESIAN_POINT('',(-4.,-2.5,19.));
#4629 = VECTOR('',#4630,1.);
#4630 = DIRECTION('',(1.,0.,0.));
#4631 = PCURVE('',#4391,#4632);
#4632 = DEFINITIONAL_REPRESENTATION('',(#4633),#4637);
#4633 = LINE('',#4634,#4635);
#4634 = CARTESIAN_POINT('',(0.,0.));
#4635 = VECTOR('',#4636,1.);
#4636 = DIRECTION('',(1.,0.));
#4637 = ( GEOMETRIC_REPRESENTATION_CONTEXT(2) 
PARAMETRIC_REPRESENTATION_CONTEXT() REPRESENTATION_CONTEXT('2D SPACE',''
  ) );
#4638 = PCURVE('',#4508,#4639);
#4639 = DEFINITIONAL_REPRESENTATION('',(#4640),#4644);
#4640 = LINE('',#4641,#4642);
#4641 = CARTESIAN_POINT('',(0.,0.));
#4642 = VECTOR('',#4643,1.);
#4643 = DIRECTION('',(0.,1.));
#4644 = ( GEOMETRIC_REPRESENTATION_CONTEXT(2) 
PARAMETRIC_REPRESENTATION_CONTEXT() REPRESENTATION_CONTEXT('2D SPACE',''
  ) );
#4645 = ORIENTED_EDGE('',*,*,#4374,.F.);
#4646 = ADVANCED_FACE('',(#4647),#4362,.T.);
#4647 = FACE_BOUND('',#4648,.T.);
#4648 = EDGE_LOOP('',(#4649,#4670));
#4649 = ORIENTED_EDGE('',*,*,#4650,.T.);
#4650 = EDGE_CURVE('',#4346,#4317,#4651,.T.);
#4651 = SURFACE_CURVE('',#4652,(#4656,#4663),.PCURVE_S1.);
#4652 = LINE('',#4653,#4654);
#4653 = CARTESIAN_POINT('',(-4.,2.5,19.));
#4654 = VECTOR('',#4655,1.);
#4655 = DIRECTION('',(1.,0.,0.));
#4656 = PCURVE('',#4362,#4657);
#4657 = DEFINITIONAL_REPRESENTATION('',(#4658),#4662);
#4658 = LINE('',#4659,#4660);
#4659 = CARTESIAN_POINT('',(-4.,2.5));
#4660 = VECTOR('',#4661,1.);
#4661 = DIRECTION('',(1.,0.));
#4662 = ( GEOMETRIC_REPRESENTATION_CONTEXT(2) 
PARAMETRIC_REPRESENTATION_CONTEXT() REPRESENTATION_CONTEXT('2D SPACE',''
  ) );
#4663 = PCURVE('',#4478,#4664);
#4664 = DEFINITIONAL_REPRESENTATION('',(#4665),#4669);
#4665 = LINE('',#4666,#4667);
#4666 = CARTESIAN_POINT('',(0.,0.));
#4667 = VECTOR('',#4668,1.);
#4668 = DIRECTION('',(0.,1.));
#4669 = ( GEOMETRIC_REPRESENTATION_CONTEXT(2) 
PARAMETRIC_REPRESENTATION_CONTEXT() REPRESENTATION_CONTEXT('2D SPACE',''
  ) );
#4670 = ORIENTED_EDGE('',*,*,#4345,.T.);
#4671 = ADVANCED_FACE('',(#4672),#4478,.T.);
#4672 = FACE_BOUND('',#4673,.T.);
#4673 = EDGE_LOOP('',(#4674,#4675,#4698,#4726,#4747,#4748));
#4674 = ORIENTED_EDGE('',*,*,#4574,.F.);
#4675 = ORIENTED_EDGE('',*,*,#4676,.T.);
#4676 = EDGE_CURVE('',#4575,#4677,#4679,.T.);
#4677 = VERTEX_POINT('',#4678);
#4678 = CARTESIAN_POINT('',(-4.,2.5,24.));
#4679 = SURFACE_CURVE('',#4680,(#4684,#4691),.PCURVE_S1.);
#4680 = LINE('',#4681,#4682);
#4681 = CARTESIAN_POINT('',(-4.,2.5,19.));
#4682 = VECTOR('',#4683,1.);
#4683 = DIRECTION('',(0.,0.,1.));
#4684 = PCURVE('',#4478,#4685);
#4685 = DEFINITIONAL_REPRESENTATION('',(#4686),#4690);
#4686 = LINE('',#4687,#4688);
#4687 = CARTESIAN_POINT('',(0.,0.));
#4688 = VECTOR('',#4689,1.);
#4689 = DIRECTION('',(1.,0.));
#4690 = ( GEOMETRIC_REPRESENTATION_CONTEXT(2) 
PARAMETRIC_REPRESENTATION_CONTEXT() REPRESENTATION_CONTEXT('2D SPACE',''
  ) );
#4691 = PCURVE('',#4613,#4692);
#4692 = DEFINITIONAL_REPRESENTATION('',(#4693),#4697);
#4693 = LINE('',#4694,#4695);
#4694 = CARTESIAN_POINT('',(0.,-5.));
#4695 = VECTOR('',#4696,1.);
#4696 = DIRECTION('',(1.,0.));
#4697 = ( GEOMETRIC_REPRESENTATION_CONTEXT(2) 
PARAMETRIC_REPRESENTATION_CONTEXT() REPRESENTATION_CONTEXT('2D SPACE',''
  ) );
#4698 = ORIENTED_EDGE('',*,*,#4699,.T.);
#4699 = EDGE_CURVE('',#4677,#4700,#4702,.T.);
#4700 = VERTEX_POINT('',#4701);
#4701 = CARTESIAN_POINT('',(4.,2.5,24.));
#4702 = SURFACE_CURVE('',#4703,(#4707,#4714),.PCURVE_S1.);
#4703 = LINE('',#4704,#4705);
#4704 = CARTESIAN_POINT('',(-4.,2.5,24.));
#4705 = VECTOR('',#4706,1.);
#4706 = DIRECTION('',(1.,0.,0.));
#4707 = PCURVE('',#4478,#4708);
#4708 = DEFINITIONAL_REPRESENTATION('',(#4709),#4713);
#4709 = LINE('',#4710,#4711);
#4710 = CARTESIAN_POINT('',(5.,0.));
#4711 = VECTOR('',#4712,1.);
#4712 = DIRECTION('',(0.,1.));
#4713 = ( GEOMETRIC_REPRESENTATION_CONTEXT(2) 
PARAMETRIC_REPRESENTATION_CONTEXT() REPRESENTATION_CONTEXT('2D SPACE',''
  ) );
#4714 = PCURVE('',#4715,#4720);
#4715 = PLANE('',#4716);
#4716 = AXIS2_PLACEMENT_3D('',#4717,#4718,#4719);
#4717 = CARTESIAN_POINT('',(-4.,-2.5,24.));
#4718 = DIRECTION('',(0.,0.,1.));
#4719 = DIRECTION('',(1.,0.,0.));
#4720 = DEFINITIONAL_REPRESENTATION('',(#4721),#4725);
#4721 = LINE('',#4722,#4723);
#4722 = CARTESIAN_POINT('',(0.,5.));
#4723 = VECTOR('',#4724,1.);
#4724 = DIRECTION('',(1.,0.));
#4725 = ( GEOMETRIC_REPRESENTATION_CONTEXT(2) 
PARAMETRIC_REPRESENTATION_CONTEXT() REPRESENTATION_CONTEXT('2D SPACE',''
  ) );
#4726 = ORIENTED_EDGE('',*,*,#4727,.F.);
#4727 = EDGE_CURVE('',#4463,#4700,#4728,.T.);
#4728 = SURFACE_CURVE('',#4729,(#4733,#4740),.PCURVE_S1.);
#4729 = LINE('',#4730,#4731);
#4730 = CARTESIAN_POINT('',(4.,2.5,19.));
#4731 = VECTOR('',#4732,1.);
#4732 = DIRECTION('',(0.,0.,1.));
#4733 = PCURVE('',#4478,#4734);
#4734 = DEFINITIONAL_REPRESENTATION('',(#4735),#4739);
#4735 = LINE('',#4736,#4737);
#4736 = CARTESIAN_POINT('',(0.,8.));
#4737 = VECTOR('',#4738,1.);
#4738 = DIRECTION('',(1.,0.));
#4739 = ( GEOMETRIC_REPRESENTATION_CONTEXT(2) 
PARAMETRIC_REPRESENTATION_CONTEXT() REPRESENTATION_CONTEXT('2D SPACE',''
  ) );
#4740 = PCURVE('',#4534,#4741);
#4741 = DEFINITIONAL_REPRESENTATION('',(#4742),#4746);
#4742 = LINE('',#4743,#4744);
#4743 = CARTESIAN_POINT('',(0.,-5.));
#4744 = VECTOR('',#4745,1.);
#4745 = DIRECTION('',(1.,0.));
#4746 = ( GEOMETRIC_REPRESENTATION_CONTEXT(2) 
PARAMETRIC_REPRESENTATION_CONTEXT() REPRESENTATION_CONTEXT('2D SPACE',''
  ) );
#4747 = ORIENTED_EDGE('',*,*,#4462,.F.);
#4748 = ORIENTED_EDGE('',*,*,#4650,.F.);
#4749 = ADVANCED_FACE('',(#4750),#4534,.T.);
#4750 = FACE_BOUND('',#4751,.T.);
#4751 = EDGE_LOOP('',(#4752,#4775,#4776,#4777));
#4752 = ORIENTED_EDGE('',*,*,#4753,.F.);
#4753 = EDGE_CURVE('',#4493,#4754,#4756,.T.);
#4754 = VERTEX_POINT('',#4755);
#4755 = CARTESIAN_POINT('',(4.,-2.5,24.));
#4756 = SURFACE_CURVE('',#4757,(#4761,#4768),.PCURVE_S1.);
#4757 = LINE('',#4758,#4759);
#4758 = CARTESIAN_POINT('',(4.,-2.5,19.));
#4759 = VECTOR('',#4760,1.);
#4760 = DIRECTION('',(0.,0.,1.));
#4761 = PCURVE('',#4534,#4762);
#4762 = DEFINITIONAL_REPRESENTATION('',(#4763),#4767);
#4763 = LINE('',#4764,#4765);
#4764 = CARTESIAN_POINT('',(0.,0.));
#4765 = VECTOR('',#4766,1.);
#4766 = DIRECTION('',(1.,0.));
#4767 = ( GEOMETRIC_REPRESENTATION_CONTEXT(2) 
PARAMETRIC_REPRESENTATION_CONTEXT() REPRESENTATION_CONTEXT('2D SPACE',''
  ) );
#4768 = PCURVE('',#4508,#4769);
#4769 = DEFINITIONAL_REPRESENTATION('',(#4770),#4774);
#4770 = LINE('',#4771,#4772);
#4771 = CARTESIAN_POINT('',(0.,8.));
#4772 = VECTOR('',#4773,1.);
#4773 = DIRECTION('',(1.,0.));
#4774 = ( GEOMETRIC_REPRESENTATION_CONTEXT(2) 
PARAMETRIC_REPRESENTATION_CONTEXT() REPRESENTATION_CONTEXT('2D SPACE',''
  ) );
#4775 = ORIENTED_EDGE('',*,*,#4520,.T.);
#4776 = ORIENTED_EDGE('',*,*,#4727,.T.);
#4777 = ORIENTED_EDGE('',*,*,#4778,.F.);
#4778 = EDGE_CURVE('',#4754,#4700,#4779,.T.);
#4779 = SURFACE_CURVE('',#4780,(#4784,#4791),.PCURVE_S1.);
#4780 = LINE('',#4781,#4782);
#4781 = CARTESIAN_POINT('',(4.,-2.5,24.));
#4782 = VECTOR('',#4783,1.);
#4783 = DIRECTION('',(0.,1.,0.));
#4784 = PCURVE('',#4534,#4785);
#4785 = DEFINITIONAL_REPRESENTATION('',(#4786),#4790);
#4786 = LINE('',#4787,#4788);
#4787 = CARTESIAN_POINT('',(5.,0.));
#4788 = VECTOR('',#4789,1.);
#4789 = DIRECTION('',(0.,-1.));
#4790 = ( GEOMETRIC_REPRESENTATION_CONTEXT(2) 
PARAMETRIC_REPRESENTATION_CONTEXT() REPRESENTATION_CONTEXT('2D SPACE',''
  ) );
#4791 = PCURVE('',#4715,#4792);
#4792 = DEFINITIONAL_REPRESENTATION('',(#4793),#4797);
#4793 = LINE('',#4794,#4795);
#4794 = CARTESIAN_POINT('',(8.,0.));
#4795 = VECTOR('',#4796,1.);
#4796 = DIRECTION('',(0.,1.));
#4797 = ( GEOMETRIC_REPRESENTATION_CONTEXT(2) 
PARAMETRIC_REPRESENTATION_CONTEXT() REPRESENTATION_CONTEXT('2D SPACE',''
  ) );
#4798 = ADVANCED_FACE('',(#4799),#4508,.F.);
#4799 = FACE_BOUND('',#4800,.F.);
#4800 = EDGE_LOOP('',(#4801,#4802,#4825,#4846,#4847,#4848));
#4801 = ORIENTED_EDGE('',*,*,#4625,.F.);
#4802 = ORIENTED_EDGE('',*,*,#4803,.T.);
#4803 = EDGE_CURVE('',#4598,#4804,#4806,.T.);
#4804 = VERTEX_POINT('',#4805);
#4805 = CARTESIAN_POINT('',(-4.,-2.5,24.));
#4806 = SURFACE_CURVE('',#4807,(#4811,#4818),.PCURVE_S1.);
#4807 = LINE('',#4808,#4809);
#4808 = CARTESIAN_POINT('',(-4.,-2.5,19.));
#4809 = VECTOR('',#4810,1.);
#4810 = DIRECTION('',(0.,0.,1.));
#4811 = PCURVE('',#4508,#4812);
#4812 = DEFINITIONAL_REPRESENTATION('',(#4813),#4817);
#4813 = LINE('',#4814,#4815);
#4814 = CARTESIAN_POINT('',(0.,0.));
#4815 = VECTOR('',#4816,1.);
#4816 = DIRECTION('',(1.,0.));
#4817 = ( GEOMETRIC_REPRESENTATION_CONTEXT(2) 
PARAMETRIC_REPRESENTATION_CONTEXT() REPRESENTATION_CONTEXT('2D SPACE',''
  ) );
#4818 = PCURVE('',#4613,#4819);
#4819 = DEFINITIONAL_REPRESENTATION('',(#4820),#4824);
#4820 = LINE('',#4821,#4822);
#4821 = CARTESIAN_POINT('',(0.,0.));
#4822 = VECTOR('',#4823,1.);
#4823 = DIRECTION('',(1.,0.));
#4824 = ( GEOMETRIC_REPRESENTATION_CONTEXT(2) 
PARAMETRIC_REPRESENTATION_CONTEXT() REPRESENTATION_CONTEXT('2D SPACE',''
  ) );
#4825 = ORIENTED_EDGE('',*,*,#4826,.T.);
#4826 = EDGE_CURVE('',#4804,#4754,#4827,.T.);
#4827 = SURFACE_CURVE('',#4828,(#4832,#4839),.PCURVE_S1.);
#4828 = LINE('',#4829,#4830);
#4829 = CARTESIAN_POINT('',(-4.,-2.5,24.));
#4830 = VECTOR('',#4831,1.);
#4831 = DIRECTION('',(1.,0.,0.));
#4832 = PCURVE('',#4508,#4833);
#4833 = DEFINITIONAL_REPRESENTATION('',(#4834),#4838);
#4834 = LINE('',#4835,#4836);
#4835 = CARTESIAN_POINT('',(5.,0.));
#4836 = VECTOR('',#4837,1.);
#4837 = DIRECTION('',(0.,1.));
#4838 = ( GEOMETRIC_REPRESENTATION_CONTEXT(2) 
PARAMETRIC_REPRESENTATION_CONTEXT() REPRESENTATION_CONTEXT('2D SPACE',''
  ) );
#4839 = PCURVE('',#4715,#4840);
#4840 = DEFINITIONAL_REPRESENTATION('',(#4841),#4845);
#4841 = LINE('',#4842,#4843);
#4842 = CARTESIAN_POINT('',(0.,0.));
#4843 = VECTOR('',#4844,1.);
#4844 = DIRECTION('',(1.,0.));
#4845 = ( GEOMETRIC_REPRESENTATION_CONTEXT(2) 
PARAMETRIC_REPRESENTATION_CONTEXT() REPRESENTATION_CONTEXT('2D SPACE',''
  ) );
#4846 = ORIENTED_EDGE('',*,*,#4753,.F.);
#4847 = ORIENTED_EDGE('',*,*,#4492,.F.);
#4848 = ORIENTED_EDGE('',*,*,#4550,.F.);
#4849 = ADVANCED_FACE('',(#4850),#4613,.F.);
#4850 = FACE_BOUND('',#4851,.F.);
#4851 = EDGE_LOOP('',(#4852,#4853,#4854,#4855));
#4852 = ORIENTED_EDGE('',*,*,#4803,.F.);
#4853 = ORIENTED_EDGE('',*,*,#4597,.T.);
#4854 = ORIENTED_EDGE('',*,*,#4676,.T.);
#4855 = ORIENTED_EDGE('',*,*,#4856,.F.);
#4856 = EDGE_CURVE('',#4804,#4677,#4857,.T.);
#4857 = SURFACE_CURVE('',#4858,(#4862,#4869),.PCURVE_S1.);
#4858 = LINE('',#4859,#4860);
#4859 = CARTESIAN_POINT('',(-4.,-2.5,24.));
#4860 = VECTOR('',#4861,1.);
#4861 = DIRECTION('',(0.,1.,0.));
#4862 = PCURVE('',#4613,#4863);
#4863 = DEFINITIONAL_REPRESENTATION('',(#4864),#4868);
#4864 = LINE('',#4865,#4866);
#4865 = CARTESIAN_POINT('',(5.,0.));
#4866 = VECTOR('',#4867,1.);
#4867 = DIRECTION('',(0.,-1.));
#4868 = ( GEOMETRIC_REPRESENTATION_CONTEXT(2) 
PARAMETRIC_REPRESENTATION_CONTEXT() REPRESENTATION_CONTEXT('2D SPACE',''
  ) );
#4869 = PCURVE('',#4715,#4870);
#4870 = DEFINITIONAL_REPRESENTATION('',(#4871),#4875);
#4871 = LINE('',#4872,#4873);
#4872 = CARTESIAN_POINT('',(0.,0.));
#4873 = VECTOR('',#4874,1.);
#4874 = DIRECTION('',(0.,1.));
#4875 = ( GEOMETRIC_REPRESENTATION_CONTEXT(2) 
PARAMETRIC_REPRESENTATION_CONTEXT() REPRESENTATION_CONTEXT('2D SPACE',''
  ) );
#4876 = ADVANCED_FACE('',(#4877),#4715,.T.);
#4877 = FACE_BOUND('',#4878,.T.);
#4878 = EDGE_LOOP('',(#4879,#4880,#4881,#4882));
#4879 = ORIENTED_EDGE('',*,*,#4856,.F.);
#4880 = ORIENTED_EDGE('',*,*,#4826,.T.);
#4881 = ORIENTED_EDGE('',*,*,#4778,.T.);
#4882 = ORIENTED_EDGE('',*,*,#4699,.F.);
#4883 = ( GEOMETRIC_REPRESENTATION_CONTEXT(3) 
GLOBAL_UNCERTAINTY_ASSIGNED_CONTEXT((#4887)) 
GLOBAL_UNIT_ASSIGNED_CONTEXT((#4884,#4885,#4886)) REPRESENTATION_CONTEXT
('Context #1','3D Context with UNIT and UNCERTAINTY') );
#4884 = ( LENGTH_UNIT() NAMED_UNIT(*) SI_UNIT(.MILLI.,.METRE.) );
#4885 = ( NAMED_UNIT(*) PLANE_ANGLE_UNIT() SI_UNIT($,.RADIAN.) );
#4886 = ( NAMED_UNIT(*) SI_UNIT($,.STERADIAN.) SOLID_ANGLE_UNIT() );
#4887 = UNCERTAINTY_MEASURE_WITH_UNIT(LENGTH_MEASURE(1.E-07),#4884,
  'distance_accuracy_value','confusion accuracy');
#4888 = CONTEXT_DEPENDENT_SHAPE_REPRESENTATION(#4889,#4891);
#4889 = ( REPRESENTATION_RELATIONSHIP('','',#4252,#10) 
REPRESENTATION_RELATIONSHIP_WITH_TRANSFORMATION(#4890) 
SHAPE_REPRESENTATION_RELATIONSHIP() );
#4890 = ITEM_DEFINED_TRANSFORMATION('','',#11,#23);
#4891 = PRODUCT_DEFINITION_SHAPE('Placement','Placement of an item',
  #4892);
#4892 = NEXT_ASSEMBLY_USAGE_OCCURRENCE('5','Eixo','',#5,#4247,$);
#4893 = PRODUCT_RELATED_PRODUCT_CATEGORY('part',$,(#4249));
#4894 = SHAPE_DEFINITION_REPRESENTATION(#4895,#4901);
#4895 = PRODUCT_DEFINITION_SHAPE('','',#4896);
#4896 = PRODUCT_DEFINITION('design','',#4897,#4900);
#4897 = PRODUCT_DEFINITION_FORMATION('','',#4898);
#4898 = PRODUCT('Caixa_Eletronica','Caixa_Eletronica','',(#4899));
#4899 = PRODUCT_CONTEXT('',#2,'mechanical');
#4900 = PRODUCT_DEFINITION_CONTEXT('part definition',#2,'design');
#4901 = ADVANCED_BREP_SHAPE_REPRESENTATION('',(#11,#4902),#7392);
#4902 = MANIFOLD_SOLID_BREP('',#4903);
#4903 = CLOSED_SHELL('',(#4904,#5024,#5100,#5289,#5443,#5470,#5477,#5749
    ,#6007,#6269,#6522,#6572,#6622,#6672,#6765,#6929,#6934,#6960,#7075,
    #7080,#7104,#7221,#7226,#7232,#7352,#7357,#7363,#7368,#7374,#7380,
    #7385));
#4904 = ADVANCED_FACE('',(#4905),#4919,.F.);
#4905 = FACE_BOUND('',#4906,.F.);
#4906 = EDGE_LOOP('',(#4907,#4942,#4970,#4998));
#4907 = ORIENTED_EDGE('',*,*,#4908,.F.);
#4908 = EDGE_CURVE('',#4909,#4911,#4913,.T.);
#4909 = VERTEX_POINT('',#4910);
#4910 = CARTESIAN_POINT('',(-34.,-24.,17.));
#4911 = VERTEX_POINT('',#4912);
#4912 = CARTESIAN_POINT('',(-34.,-24.,39.));
#4913 = SURFACE_CURVE('',#4914,(#4918,#4930),.PCURVE_S1.);
#4914 = LINE('',#4915,#4916);
#4915 = CARTESIAN_POINT('',(-34.,-24.,17.));
#4916 = VECTOR('',#4917,1.);
#4917 = DIRECTION('',(0.,0.,1.));
#4918 = PCURVE('',#4919,#4924);
#4919 = PLANE('',#4920);
#4920 = AXIS2_PLACEMENT_3D('',#4921,#4922,#4923);
#4921 = CARTESIAN_POINT('',(-34.,-24.,17.));
#4922 = DIRECTION('',(1.,0.,0.));
#4923 = DIRECTION('',(0.,0.,1.));
#4924 = DEFINITIONAL_REPRESENTATION('',(#4925),#4929);
#4925 = LINE('',#4926,#4927);
#4926 = CARTESIAN_POINT('',(0.,0.));
#4927 = VECTOR('',#4928,1.);
#4928 = DIRECTION('',(1.,0.));
#4929 = ( GEOMETRIC_REPRESENTATION_CONTEXT(2) 
PARAMETRIC_REPRESENTATION_CONTEXT() REPRESENTATION_CONTEXT('2D SPACE',''
  ) );
#4930 = PCURVE('',#4931,#4936);
#4931 = PLANE('',#4932);
#4932 = AXIS2_PLACEMENT_3D('',#4933,#4934,#4935);
#4933 = CARTESIAN_POINT('',(-34.,-24.,17.));
#4934 = DIRECTION('',(0.,1.,0.));
#4935 = DIRECTION('',(0.,0.,1.));
#4936 = DEFINITIONAL_REPRESENTATION('',(#4937),#4941);
#4937 = LINE('',#4938,#4939);
#4938 = CARTESIAN_POINT('',(0.,0.));
#4939 = VECTOR('',#4940,1.);
#4940 = DIRECTION('',(1.,0.));
#4941 = ( GEOMETRIC_REPRESENTATION_CONTEXT(2) 
PARAMETRIC_REPRESENTATION_CONTEXT() REPRESENTATION_CONTEXT('2D SPACE',''
  ) );
#4942 = ORIENTED_EDGE('',*,*,#4943,.T.);
#4943 = EDGE_CURVE('',#4909,#4944,#4946,.T.);
#4944 = VERTEX_POINT('',#4945);
#4945 = CARTESIAN_POINT('',(-34.,24.,17.));
#4946 = SURFACE_CURVE('',#4947,(#4951,#4958),.PCURVE_S1.);
#4947 = LINE('',#4948,#4949);
#4948 = CARTESIAN_POINT('',(-34.,-24.,17.));
#4949 = VECTOR('',#4950,1.);
#4950 = DIRECTION('',(0.,1.,0.));
#4951 = PCURVE('',#4919,#4952);
#4952 = DEFINITIONAL_REPRESENTATION('',(#4953),#4957);
#4953 = LINE('',#4954,#4955);
#4954 = CARTESIAN_POINT('',(0.,0.));
#4955 = VECTOR('',#4956,1.);
#4956 = DIRECTION('',(0.,-1.));
#4957 = ( GEOMETRIC_REPRESENTATION_CONTEXT(2) 
PARAMETRIC_REPRESENTATION_CONTEXT() REPRESENTATION_CONTEXT('2D SPACE',''
  ) );
#4958 = PCURVE('',#4959,#4964);
#4959 = PLANE('',#4960);
#4960 = AXIS2_PLACEMENT_3D('',#4961,#4962,#4963);
#4961 = CARTESIAN_POINT('',(-34.,-24.,17.));
#4962 = DIRECTION('',(0.,0.,1.));
#4963 = DIRECTION('',(1.,0.,0.));
#4964 = DEFINITIONAL_REPRESENTATION('',(#4965),#4969);
#4965 = LINE('',#4966,#4967);
#4966 = CARTESIAN_POINT('',(0.,0.));
#4967 = VECTOR('',#4968,1.);
#4968 = DIRECTION('',(0.,1.));
#4969 = ( GEOMETRIC_REPRESENTATION_CONTEXT(2) 
PARAMETRIC_REPRESENTATION_CONTEXT() REPRESENTATION_CONTEXT('2D SPACE',''
  ) );
#4970 = ORIENTED_EDGE('',*,*,#4971,.T.);
#4971 = EDGE_CURVE('',#4944,#4972,#4974,.T.);
#4972 = VERTEX_POINT('',#4973);
#4973 = CARTESIAN_POINT('',(-34.,24.,39.));
#4974 = SURFACE_CURVE('',#4975,(#4979,#4986),.PCURVE_S1.);
#4975 = LINE('',#4976,#4977);
#4976 = CARTESIAN_POINT('',(-34.,24.,17.));
#4977 = VECTOR('',#4978,1.);
#4978 = DIRECTION('',(0.,0.,1.));
#4979 = PCURVE('',#4919,#4980);
#4980 = DEFINITIONAL_REPRESENTATION('',(#4981),#4985);
#4981 = LINE('',#4982,#4983);
#4982 = CARTESIAN_POINT('',(0.,-48.));
#4983 = VECTOR('',#4984,1.);
#4984 = DIRECTION('',(1.,0.));
#4985 = ( GEOMETRIC_REPRESENTATION_CONTEXT(2) 
PARAMETRIC_REPRESENTATION_CONTEXT() REPRESENTATION_CONTEXT('2D SPACE',''
  ) );
#4986 = PCURVE('',#4987,#4992);
#4987 = PLANE('',#4988);
#4988 = AXIS2_PLACEMENT_3D('',#4989,#4990,#4991);
#4989 = CARTESIAN_POINT('',(-34.,24.,17.));
#4990 = DIRECTION('',(0.,1.,0.));
#4991 = DIRECTION('',(0.,0.,1.));
#4992 = DEFINITIONAL_REPRESENTATION('',(#4993),#4997);
#4993 = LINE('',#4994,#4995);
#4994 = CARTESIAN_POINT('',(0.,0.));
#4995 = VECTOR('',#4996,1.);
#4996 = DIRECTION('',(1.,0.));
#4997 = ( GEOMETRIC_REPRESENTATION_CONTEXT(2) 
PARAMETRIC_REPRESENTATION_CONTEXT() REPRESENTATION_CONTEXT('2D SPACE',''
  ) );
#4998 = ORIENTED_EDGE('',*,*,#4999,.F.);
#4999 = EDGE_CURVE('',#4911,#4972,#5000,.T.);
#5000 = SURFACE_CURVE('',#5001,(#5005,#5012),.PCURVE_S1.);
#5001 = LINE('',#5002,#5003);
#5002 = CARTESIAN_POINT('',(-34.,-24.,39.));
#5003 = VECTOR('',#5004,1.);
#5004 = DIRECTION('',(0.,1.,0.));
#5005 = PCURVE('',#4919,#5006);
#5006 = DEFINITIONAL_REPRESENTATION('',(#5007),#5011);
#5007 = LINE('',#5008,#5009);
#5008 = CARTESIAN_POINT('',(22.,0.));
#5009 = VECTOR('',#5010,1.);
#5010 = DIRECTION('',(0.,-1.));
#5011 = ( GEOMETRIC_REPRESENTATION_CONTEXT(2) 
PARAMETRIC_REPRESENTATION_CONTEXT() REPRESENTATION_CONTEXT('2D SPACE',''
  ) );
#5012 = PCURVE('',#5013,#5018);
#5013 = PLANE('',#5014);
#5014 = AXIS2_PLACEMENT_3D('',#5015,#5016,#5017);
#5015 = CARTESIAN_POINT('',(-34.,-24.,39.));
#5016 = DIRECTION('',(0.,0.,1.));
#5017 = DIRECTION('',(1.,0.,0.));
#5018 = DEFINITIONAL_REPRESENTATION('',(#5019),#5023);
#5019 = LINE('',#5020,#5021);
#5020 = CARTESIAN_POINT('',(0.,0.));
#5021 = VECTOR('',#5022,1.);
#5022 = DIRECTION('',(0.,1.));
#5023 = ( GEOMETRIC_REPRESENTATION_CONTEXT(2) 
PARAMETRIC_REPRESENTATION_CONTEXT() REPRESENTATION_CONTEXT('2D SPACE',''
  ) );
#5024 = ADVANCED_FACE('',(#5025),#4931,.F.);
#5025 = FACE_BOUND('',#5026,.F.);
#5026 = EDGE_LOOP('',(#5027,#5050,#5051,#5074));
#5027 = ORIENTED_EDGE('',*,*,#5028,.F.);
#5028 = EDGE_CURVE('',#4909,#5029,#5031,.T.);
#5029 = VERTEX_POINT('',#5030);
#5030 = CARTESIAN_POINT('',(34.,-24.,17.));
#5031 = SURFACE_CURVE('',#5032,(#5036,#5043),.PCURVE_S1.);
#5032 = LINE('',#5033,#5034);
#5033 = CARTESIAN_POINT('',(-34.,-24.,17.));
#5034 = VECTOR('',#5035,1.);
#5035 = DIRECTION('',(1.,0.,0.));
#5036 = PCURVE('',#4931,#5037);
#5037 = DEFINITIONAL_REPRESENTATION('',(#5038),#5042);
#5038 = LINE('',#5039,#5040);
#5039 = CARTESIAN_POINT('',(0.,0.));
#5040 = VECTOR('',#5041,1.);
#5041 = DIRECTION('',(0.,1.));
#5042 = ( GEOMETRIC_REPRESENTATION_CONTEXT(2) 
PARAMETRIC_REPRESENTATION_CONTEXT() REPRESENTATION_CONTEXT('2D SPACE',''
  ) );
#5043 = PCURVE('',#4959,#5044);
#5044 = DEFINITIONAL_REPRESENTATION('',(#5045),#5049);
#5045 = LINE('',#5046,#5047);
#5046 = CARTESIAN_POINT('',(0.,0.));
#5047 = VECTOR('',#5048,1.);
#5048 = DIRECTION('',(1.,0.));
#5049 = ( GEOMETRIC_REPRESENTATION_CONTEXT(2) 
PARAMETRIC_REPRESENTATION_CONTEXT() REPRESENTATION_CONTEXT('2D SPACE',''
  ) );
#5050 = ORIENTED_EDGE('',*,*,#4908,.T.);
#5051 = ORIENTED_EDGE('',*,*,#5052,.T.);
#5052 = EDGE_CURVE('',#4911,#5053,#5055,.T.);
#5053 = VERTEX_POINT('',#5054);
#5054 = CARTESIAN_POINT('',(34.,-24.,39.));
#5055 = SURFACE_CURVE('',#5056,(#5060,#5067),.PCURVE_S1.);
#5056 = LINE('',#5057,#5058);
#5057 = CARTESIAN_POINT('',(-34.,-24.,39.));
#5058 = VECTOR('',#5059,1.);
#5059 = DIRECTION('',(1.,0.,0.));
#5060 = PCURVE('',#4931,#5061);
#5061 = DEFINITIONAL_REPRESENTATION('',(#5062),#5066);
#5062 = LINE('',#5063,#5064);
#5063 = CARTESIAN_POINT('',(22.,0.));
#5064 = VECTOR('',#5065,1.);
#5065 = DIRECTION('',(0.,1.));
#5066 = ( GEOMETRIC_REPRESENTATION_CONTEXT(2) 
PARAMETRIC_REPRESENTATION_CONTEXT() REPRESENTATION_CONTEXT('2D SPACE',''
  ) );
#5067 = PCURVE('',#5013,#5068);
#5068 = DEFINITIONAL_REPRESENTATION('',(#5069),#5073);
#5069 = LINE('',#5070,#5071);
#5070 = CARTESIAN_POINT('',(0.,0.));
#5071 = VECTOR('',#5072,1.);
#5072 = DIRECTION('',(1.,0.));
#5073 = ( GEOMETRIC_REPRESENTATION_CONTEXT(2) 
PARAMETRIC_REPRESENTATION_CONTEXT() REPRESENTATION_CONTEXT('2D SPACE',''
  ) );
#5074 = ORIENTED_EDGE('',*,*,#5075,.F.);
#5075 = EDGE_CURVE('',#5029,#5053,#5076,.T.);
#5076 = SURFACE_CURVE('',#5077,(#5081,#5088),.PCURVE_S1.);
#5077 = LINE('',#5078,#5079);
#5078 = CARTESIAN_POINT('',(34.,-24.,17.));
#5079 = VECTOR('',#5080,1.);
#5080 = DIRECTION('',(0.,0.,1.));
#5081 = PCURVE('',#4931,#5082);
#5082 = DEFINITIONAL_REPRESENTATION('',(#5083),#5087);
#5083 = LINE('',#5084,#5085);
#5084 = CARTESIAN_POINT('',(0.,68.));
#5085 = VECTOR('',#5086,1.);
#5086 = DIRECTION('',(1.,0.));
#5087 = ( GEOMETRIC_REPRESENTATION_CONTEXT(2) 
PARAMETRIC_REPRESENTATION_CONTEXT() REPRESENTATION_CONTEXT('2D SPACE',''
  ) );
#5088 = PCURVE('',#5089,#5094);
#5089 = PLANE('',#5090);
#5090 = AXIS2_PLACEMENT_3D('',#5091,#5092,#5093);
#5091 = CARTESIAN_POINT('',(34.,-24.,17.));
#5092 = DIRECTION('',(1.,0.,0.));
#5093 = DIRECTION('',(0.,0.,1.));
#5094 = DEFINITIONAL_REPRESENTATION('',(#5095),#5099);
#5095 = LINE('',#5096,#5097);
#5096 = CARTESIAN_POINT('',(0.,0.));
#5097 = VECTOR('',#5098,1.);
#5098 = DIRECTION('',(1.,0.));
#5099 = ( GEOMETRIC_REPRESENTATION_CONTEXT(2) 
PARAMETRIC_REPRESENTATION_CONTEXT() REPRESENTATION_CONTEXT('2D SPACE',''
  ) );
#5100 = ADVANCED_FACE('',(#5101,#5149,#5184,#5219,#5254),#5013,.T.);
#5101 = FACE_BOUND('',#5102,.T.);
#5102 = EDGE_LOOP('',(#5103,#5104,#5105,#5128));
#5103 = ORIENTED_EDGE('',*,*,#4999,.F.);
#5104 = ORIENTED_EDGE('',*,*,#5052,.T.);
#5105 = ORIENTED_EDGE('',*,*,#5106,.T.);
#5106 = EDGE_CURVE('',#5053,#5107,#5109,.T.);
#5107 = VERTEX_POINT('',#5108);
#5108 = CARTESIAN_POINT('',(34.,24.,39.));
#5109 = SURFACE_CURVE('',#5110,(#5114,#5121),.PCURVE_S1.);
#5110 = LINE('',#5111,#5112);
#5111 = CARTESIAN_POINT('',(34.,-24.,39.));
#5112 = VECTOR('',#5113,1.);
#5113 = DIRECTION('',(0.,1.,0.));
#5114 = PCURVE('',#5013,#5115);
#5115 = DEFINITIONAL_REPRESENTATION('',(#5116),#5120);
#5116 = LINE('',#5117,#5118);
#5117 = CARTESIAN_POINT('',(68.,0.));
#5118 = VECTOR('',#5119,1.);
#5119 = DIRECTION('',(0.,1.));
#5120 = ( GEOMETRIC_REPRESENTATION_CONTEXT(2) 
PARAMETRIC_REPRESENTATION_CONTEXT() REPRESENTATION_CONTEXT('2D SPACE',''
  ) );
#5121 = PCURVE('',#5089,#5122);
#5122 = DEFINITIONAL_REPRESENTATION('',(#5123),#5127);
#5123 = LINE('',#5124,#5125);
#5124 = CARTESIAN_POINT('',(22.,0.));
#5125 = VECTOR('',#5126,1.);
#5126 = DIRECTION('',(0.,-1.));
#5127 = ( GEOMETRIC_REPRESENTATION_CONTEXT(2) 
PARAMETRIC_REPRESENTATION_CONTEXT() REPRESENTATION_CONTEXT('2D SPACE',''
  ) );
#5128 = ORIENTED_EDGE('',*,*,#5129,.F.);
#5129 = EDGE_CURVE('',#4972,#5107,#5130,.T.);
#5130 = SURFACE_CURVE('',#5131,(#5135,#5142),.PCURVE_S1.);
#5131 = LINE('',#5132,#5133);
#5132 = CARTESIAN_POINT('',(-34.,24.,39.));
#5133 = VECTOR('',#5134,1.);
#5134 = DIRECTION('',(1.,0.,0.));
#5135 = PCURVE('',#5013,#5136);
#5136 = DEFINITIONAL_REPRESENTATION('',(#5137),#5141);
#5137 = LINE('',#5138,#5139);
#5138 = CARTESIAN_POINT('',(0.,48.));
#5139 = VECTOR('',#5140,1.);
#5140 = DIRECTION('',(1.,0.));
#5141 = ( GEOMETRIC_REPRESENTATION_CONTEXT(2) 
PARAMETRIC_REPRESENTATION_CONTEXT() REPRESENTATION_CONTEXT('2D SPACE',''
  ) );
#5142 = PCURVE('',#4987,#5143);
#5143 = DEFINITIONAL_REPRESENTATION('',(#5144),#5148);
#5144 = LINE('',#5145,#5146);
#5145 = CARTESIAN_POINT('',(22.,0.));
#5146 = VECTOR('',#5147,1.);
#5147 = DIRECTION('',(0.,1.));
#5148 = ( GEOMETRIC_REPRESENTATION_CONTEXT(2) 
PARAMETRIC_REPRESENTATION_CONTEXT() REPRESENTATION_CONTEXT('2D SPACE',''
  ) );
#5149 = FACE_BOUND('',#5150,.T.);
#5150 = EDGE_LOOP('',(#5151));
#5151 = ORIENTED_EDGE('',*,*,#5152,.T.);
#5152 = EDGE_CURVE('',#5153,#5153,#5155,.T.);
#5153 = VERTEX_POINT('',#5154);
#5154 = CARTESIAN_POINT('',(-25.9,-18.,39.));
#5155 = SURFACE_CURVE('',#5156,(#5161,#5172),.PCURVE_S1.);
#5156 = CIRCLE('',#5157,2.1);
#5157 = AXIS2_PLACEMENT_3D('',#5158,#5159,#5160);
#5158 = CARTESIAN_POINT('',(-28.,-18.,39.));
#5159 = DIRECTION('',(0.,0.,-1.));
#5160 = DIRECTION('',(1.,0.,0.));
#5161 = PCURVE('',#5013,#5162);
#5162 = DEFINITIONAL_REPRESENTATION('',(#5163),#5171);
#5163 = ( BOUNDED_CURVE() B_SPLINE_CURVE(2,(#5164,#5165,#5166,#5167,
#5168,#5169,#5170),.UNSPECIFIED.,.T.,.F.) B_SPLINE_CURVE_WITH_KNOTS((1,2
    ,2,2,2,1),(-2.094395102393,0.,2.094395102393,4.188790204786,
6.28318530718,8.377580409573),.UNSPECIFIED.) CURVE() 
GEOMETRIC_REPRESENTATION_ITEM() RATIONAL_B_SPLINE_CURVE((1.,0.5,1.,0.5,
1.,0.5,1.)) REPRESENTATION_ITEM('') );
#5164 = CARTESIAN_POINT('',(8.1,6.));
#5165 = CARTESIAN_POINT('',(8.1,2.362693304105));
#5166 = CARTESIAN_POINT('',(4.95,4.181346652053));
#5167 = CARTESIAN_POINT('',(1.8,6.));
#5168 = CARTESIAN_POINT('',(4.95,7.818653347947));
#5169 = CARTESIAN_POINT('',(8.1,9.637306695895));
#5170 = CARTESIAN_POINT('',(8.1,6.));
#5171 = ( GEOMETRIC_REPRESENTATION_CONTEXT(2) 
PARAMETRIC_REPRESENTATION_CONTEXT() REPRESENTATION_CONTEXT('2D SPACE',''
  ) );
#5172 = PCURVE('',#5173,#5178);
#5173 = CYLINDRICAL_SURFACE('',#5174,2.1);
#5174 = AXIS2_PLACEMENT_3D('',#5175,#5176,#5177);
#5175 = CARTESIAN_POINT('',(-28.,-18.,33.));
#5176 = DIRECTION('',(-0.,-0.,-1.));
#5177 = DIRECTION('',(1.,0.,0.));
#5178 = DEFINITIONAL_REPRESENTATION('',(#5179),#5183);
#5179 = LINE('',#5180,#5181);
#5180 = CARTESIAN_POINT('',(-6.28318530718,-6.));
#5181 = VECTOR('',#5182,1.);
#5182 = DIRECTION('',(1.,-0.));
#5183 = ( GEOMETRIC_REPRESENTATION_CONTEXT(2) 
PARAMETRIC_REPRESENTATION_CONTEXT() REPRESENTATION_CONTEXT('2D SPACE',''
  ) );
#5184 = FACE_BOUND('',#5185,.T.);
#5185 = EDGE_LOOP('',(#5186));
#5186 = ORIENTED_EDGE('',*,*,#5187,.T.);
#5187 = EDGE_CURVE('',#5188,#5188,#5190,.T.);
#5188 = VERTEX_POINT('',#5189);
#5189 = CARTESIAN_POINT('',(30.1,-18.,39.));
#5190 = SURFACE_CURVE('',#5191,(#5196,#5207),.PCURVE_S1.);
#5191 = CIRCLE('',#5192,2.1);
#5192 = AXIS2_PLACEMENT_3D('',#5193,#5194,#5195);
#5193 = CARTESIAN_POINT('',(28.,-18.,39.));
#5194 = DIRECTION('',(0.,0.,-1.));
#5195 = DIRECTION('',(1.,0.,0.));
#5196 = PCURVE('',#5013,#5197);
#5197 = DEFINITIONAL_REPRESENTATION('',(#5198),#5206);
#5198 = ( BOUNDED_CURVE() B_SPLINE_CURVE(2,(#5199,#5200,#5201,#5202,
#5203,#5204,#5205),.UNSPECIFIED.,.T.,.F.) B_SPLINE_CURVE_WITH_KNOTS((1,2
    ,2,2,2,1),(-2.094395102393,0.,2.094395102393,4.188790204786,
6.28318530718,8.377580409573),.UNSPECIFIED.) CURVE() 
GEOMETRIC_REPRESENTATION_ITEM() RATIONAL_B_SPLINE_CURVE((1.,0.5,1.,0.5,
1.,0.5,1.)) REPRESENTATION_ITEM('') );
#5199 = CARTESIAN_POINT('',(64.1,6.));
#5200 = CARTESIAN_POINT('',(64.1,2.362693304105));
#5201 = CARTESIAN_POINT('',(60.95,4.181346652053));
#5202 = CARTESIAN_POINT('',(57.8,6.));
#5203 = CARTESIAN_POINT('',(60.95,7.818653347947));
#5204 = CARTESIAN_POINT('',(64.1,9.637306695895));
#5205 = CARTESIAN_POINT('',(64.1,6.));
#5206 = ( GEOMETRIC_REPRESENTATION_CONTEXT(2) 
PARAMETRIC_REPRESENTATION_CONTEXT() REPRESENTATION_CONTEXT('2D SPACE',''
  ) );
#5207 = PCURVE('',#5208,#5213);
#5208 = CYLINDRICAL_SURFACE('',#5209,2.1);
#5209 = AXIS2_PLACEMENT_3D('',#5210,#5211,#5212);
#5210 = CARTESIAN_POINT('',(28.,-18.,33.));
#5211 = DIRECTION('',(-0.,-0.,-1.));
#5212 = DIRECTION('',(1.,0.,0.));
#5213 = DEFINITIONAL_REPRESENTATION('',(#5214),#5218);
#5214 = LINE('',#5215,#5216);
#5215 = CARTESIAN_POINT('',(-6.28318530718,-6.));
#5216 = VECTOR('',#5217,1.);
#5217 = DIRECTION('',(1.,-0.));
#5218 = ( GEOMETRIC_REPRESENTATION_CONTEXT(2) 
PARAMETRIC_REPRESENTATION_CONTEXT() REPRESENTATION_CONTEXT('2D SPACE',''
  ) );
#5219 = FACE_BOUND('',#5220,.T.);
#5220 = EDGE_LOOP('',(#5221));
#5221 = ORIENTED_EDGE('',*,*,#5222,.T.);
#5222 = EDGE_CURVE('',#5223,#5223,#5225,.T.);
#5223 = VERTEX_POINT('',#5224);
#5224 = CARTESIAN_POINT('',(-25.9,18.,39.));
#5225 = SURFACE_CURVE('',#5226,(#5231,#5242),.PCURVE_S1.);
#5226 = CIRCLE('',#5227,2.1);
#5227 = AXIS2_PLACEMENT_3D('',#5228,#5229,#5230);
#5228 = CARTESIAN_POINT('',(-28.,18.,39.));
#5229 = DIRECTION('',(0.,0.,-1.));
#5230 = DIRECTION('',(1.,0.,0.));
#5231 = PCURVE('',#5013,#5232);
#5232 = DEFINITIONAL_REPRESENTATION('',(#5233),#5241);
#5233 = ( BOUNDED_CURVE() B_SPLINE_CURVE(2,(#5234,#5235,#5236,#5237,
#5238,#5239,#5240),.UNSPECIFIED.,.T.,.F.) B_SPLINE_CURVE_WITH_KNOTS((1,2
    ,2,2,2,1),(-2.094395102393,0.,2.094395102393,4.188790204786,
6.28318530718,8.377580409573),.UNSPECIFIED.) CURVE() 
GEOMETRIC_REPRESENTATION_ITEM() RATIONAL_B_SPLINE_CURVE((1.,0.5,1.,0.5,
1.,0.5,1.)) REPRESENTATION_ITEM('') );
#5234 = CARTESIAN_POINT('',(8.1,42.));
#5235 = CARTESIAN_POINT('',(8.1,38.362693304105));
#5236 = CARTESIAN_POINT('',(4.95,40.181346652053));
#5237 = CARTESIAN_POINT('',(1.8,42.));
#5238 = CARTESIAN_POINT('',(4.95,43.818653347947));
#5239 = CARTESIAN_POINT('',(8.1,45.637306695895));
#5240 = CARTESIAN_POINT('',(8.1,42.));
#5241 = ( GEOMETRIC_REPRESENTATION_CONTEXT(2) 
PARAMETRIC_REPRESENTATION_CONTEXT() REPRESENTATION_CONTEXT('2D SPACE',''
  ) );
#5242 = PCURVE('',#5243,#5248);
#5243 = CYLINDRICAL_SURFACE('',#5244,2.1);
#5244 = AXIS2_PLACEMENT_3D('',#5245,#5246,#5247);
#5245 = CARTESIAN_POINT('',(-28.,18.,33.));
#5246 = DIRECTION('',(-0.,-0.,-1.));
#5247 = DIRECTION('',(1.,0.,0.));
#5248 = DEFINITIONAL_REPRESENTATION('',(#5249),#5253);
#5249 = LINE('',#5250,#5251);
#5250 = CARTESIAN_POINT('',(-6.28318530718,-6.));
#5251 = VECTOR('',#5252,1.);
#5252 = DIRECTION('',(1.,-0.));
#5253 = ( GEOMETRIC_REPRESENTATION_CONTEXT(2) 
PARAMETRIC_REPRESENTATION_CONTEXT() REPRESENTATION_CONTEXT('2D SPACE',''
  ) );
#5254 = FACE_BOUND('',#5255,.T.);
#5255 = EDGE_LOOP('',(#5256));
#5256 = ORIENTED_EDGE('',*,*,#5257,.T.);
#5257 = EDGE_CURVE('',#5258,#5258,#5260,.T.);
#5258 = VERTEX_POINT('',#5259);
#5259 = CARTESIAN_POINT('',(30.1,18.,39.));
#5260 = SURFACE_CURVE('',#5261,(#5266,#5277),.PCURVE_S1.);
#5261 = CIRCLE('',#5262,2.1);
#5262 = AXIS2_PLACEMENT_3D('',#5263,#5264,#5265);
#5263 = CARTESIAN_POINT('',(28.,18.,39.));
#5264 = DIRECTION('',(0.,0.,-1.));
#5265 = DIRECTION('',(1.,0.,0.));
#5266 = PCURVE('',#5013,#5267);
#5267 = DEFINITIONAL_REPRESENTATION('',(#5268),#5276);
#5268 = ( BOUNDED_CURVE() B_SPLINE_CURVE(2,(#5269,#5270,#5271,#5272,
#5273,#5274,#5275),.UNSPECIFIED.,.T.,.F.) B_SPLINE_CURVE_WITH_KNOTS((1,2
    ,2,2,2,1),(-2.094395102393,0.,2.094395102393,4.188790204786,
6.28318530718,8.377580409573),.UNSPECIFIED.) CURVE() 
GEOMETRIC_REPRESENTATION_ITEM() RATIONAL_B_SPLINE_CURVE((1.,0.5,1.,0.5,
1.,0.5,1.)) REPRESENTATION_ITEM('') );
#5269 = CARTESIAN_POINT('',(64.1,42.));
#5270 = CARTESIAN_POINT('',(64.1,38.362693304105));
#5271 = CARTESIAN_POINT('',(60.95,40.181346652053));
#5272 = CARTESIAN_POINT('',(57.8,42.));
#5273 = CARTESIAN_POINT('',(60.95,43.818653347947));
#5274 = CARTESIAN_POINT('',(64.1,45.637306695895));
#5275 = CARTESIAN_POINT('',(64.1,42.));
#5276 = ( GEOMETRIC_REPRESENTATION_CONTEXT(2) 
PARAMETRIC_REPRESENTATION_CONTEXT() REPRESENTATION_CONTEXT('2D SPACE',''
  ) );
#5277 = PCURVE('',#5278,#5283);
#5278 = CYLINDRICAL_SURFACE('',#5279,2.1);
#5279 = AXIS2_PLACEMENT_3D('',#5280,#5281,#5282);
#5280 = CARTESIAN_POINT('',(28.,18.,33.));
#5281 = DIRECTION('',(-0.,-0.,-1.));
#5282 = DIRECTION('',(1.,0.,0.));
#5283 = DEFINITIONAL_REPRESENTATION('',(#5284),#5288);
#5284 = LINE('',#5285,#5286);
#5285 = CARTESIAN_POINT('',(-6.28318530718,-6.));
#5286 = VECTOR('',#5287,1.);
#5287 = DIRECTION('',(1.,-0.));
#5288 = ( GEOMETRIC_REPRESENTATION_CONTEXT(2) 
PARAMETRIC_REPRESENTATION_CONTEXT() REPRESENTATION_CONTEXT('2D SPACE',''
  ) );
#5289 = ADVANCED_FACE('',(#5290,#5338,#5373,#5408),#4987,.T.);
#5290 = FACE_BOUND('',#5291,.T.);
#5291 = EDGE_LOOP('',(#5292,#5315,#5316,#5317));
#5292 = ORIENTED_EDGE('',*,*,#5293,.F.);
#5293 = EDGE_CURVE('',#4944,#5294,#5296,.T.);
#5294 = VERTEX_POINT('',#5295);
#5295 = CARTESIAN_POINT('',(34.,24.,17.));
#5296 = SURFACE_CURVE('',#5297,(#5301,#5308),.PCURVE_S1.);
#5297 = LINE('',#5298,#5299);
#5298 = CARTESIAN_POINT('',(-34.,24.,17.));
#5299 = VECTOR('',#5300,1.);
#5300 = DIRECTION('',(1.,0.,0.));
#5301 = PCURVE('',#4987,#5302);
#5302 = DEFINITIONAL_REPRESENTATION('',(#5303),#5307);
#5303 = LINE('',#5304,#5305);
#5304 = CARTESIAN_POINT('',(0.,0.));
#5305 = VECTOR('',#5306,1.);
#5306 = DIRECTION('',(0.,1.));
#5307 = ( GEOMETRIC_REPRESENTATION_CONTEXT(2) 
PARAMETRIC_REPRESENTATION_CONTEXT() REPRESENTATION_CONTEXT('2D SPACE',''
  ) );
#5308 = PCURVE('',#4959,#5309);
#5309 = DEFINITIONAL_REPRESENTATION('',(#5310),#5314);
#5310 = LINE('',#5311,#5312);
#5311 = CARTESIAN_POINT('',(0.,48.));
#5312 = VECTOR('',#5313,1.);
#5313 = DIRECTION('',(1.,0.));
#5314 = ( GEOMETRIC_REPRESENTATION_CONTEXT(2) 
PARAMETRIC_REPRESENTATION_CONTEXT() REPRESENTATION_CONTEXT('2D SPACE',''
  ) );
#5315 = ORIENTED_EDGE('',*,*,#4971,.T.);
#5316 = ORIENTED_EDGE('',*,*,#5129,.T.);
#5317 = ORIENTED_EDGE('',*,*,#5318,.F.);
#5318 = EDGE_CURVE('',#5294,#5107,#5319,.T.);
#5319 = SURFACE_CURVE('',#5320,(#5324,#5331),.PCURVE_S1.);
#5320 = LINE('',#5321,#5322);
#5321 = CARTESIAN_POINT('',(34.,24.,17.));
#5322 = VECTOR('',#5323,1.);
#5323 = DIRECTION('',(0.,0.,1.));
#5324 = PCURVE('',#4987,#5325);
#5325 = DEFINITIONAL_REPRESENTATION('',(#5326),#5330);
#5326 = LINE('',#5327,#5328);
#5327 = CARTESIAN_POINT('',(0.,68.));
#5328 = VECTOR('',#5329,1.);
#5329 = DIRECTION('',(1.,0.));
#5330 = ( GEOMETRIC_REPRESENTATION_CONTEXT(2) 
PARAMETRIC_REPRESENTATION_CONTEXT() REPRESENTATION_CONTEXT('2D SPACE',''
  ) );
#5331 = PCURVE('',#5089,#5332);
#5332 = DEFINITIONAL_REPRESENTATION('',(#5333),#5337);
#5333 = LINE('',#5334,#5335);
#5334 = CARTESIAN_POINT('',(0.,-48.));
#5335 = VECTOR('',#5336,1.);
#5336 = DIRECTION('',(1.,0.));
#5337 = ( GEOMETRIC_REPRESENTATION_CONTEXT(2) 
PARAMETRIC_REPRESENTATION_CONTEXT() REPRESENTATION_CONTEXT('2D SPACE',''
  ) );
#5338 = FACE_BOUND('',#5339,.T.);
#5339 = EDGE_LOOP('',(#5340));
#5340 = ORIENTED_EDGE('',*,*,#5341,.T.);
#5341 = EDGE_CURVE('',#5342,#5342,#5344,.T.);
#5342 = VERTEX_POINT('',#5343);
#5343 = CARTESIAN_POINT('',(-16.5,24.,27.));
#5344 = SURFACE_CURVE('',#5345,(#5350,#5361),.PCURVE_S1.);
#5345 = CIRCLE('',#5346,3.5);
#5346 = AXIS2_PLACEMENT_3D('',#5347,#5348,#5349);
#5347 = CARTESIAN_POINT('',(-20.,24.,27.));
#5348 = DIRECTION('',(0.,-1.,0.));
#5349 = DIRECTION('',(1.,0.,0.));
#5350 = PCURVE('',#4987,#5351);
#5351 = DEFINITIONAL_REPRESENTATION('',(#5352),#5360);
#5352 = ( BOUNDED_CURVE() B_SPLINE_CURVE(2,(#5353,#5354,#5355,#5356,
#5357,#5358,#5359),.UNSPECIFIED.,.T.,.F.) B_SPLINE_CURVE_WITH_KNOTS((1,2
    ,2,2,2,1),(-2.094395102393,0.,2.094395102393,4.188790204786,
6.28318530718,8.377580409573),.UNSPECIFIED.) CURVE() 
GEOMETRIC_REPRESENTATION_ITEM() RATIONAL_B_SPLINE_CURVE((1.,0.5,1.,0.5,
1.,0.5,1.)) REPRESENTATION_ITEM('') );
#5353 = CARTESIAN_POINT('',(10.,17.5));
#5354 = CARTESIAN_POINT('',(16.062177826491,17.5));
#5355 = CARTESIAN_POINT('',(13.031088913246,12.25));
#5356 = CARTESIAN_POINT('',(10.,7.));
#5357 = CARTESIAN_POINT('',(6.968911086754,12.25));
#5358 = CARTESIAN_POINT('',(3.937822173509,17.5));
#5359 = CARTESIAN_POINT('',(10.,17.5));
#5360 = ( GEOMETRIC_REPRESENTATION_CONTEXT(2) 
PARAMETRIC_REPRESENTATION_CONTEXT() REPRESENTATION_CONTEXT('2D SPACE',''
  ) );
#5361 = PCURVE('',#5362,#5367);
#5362 = CYLINDRICAL_SURFACE('',#5363,3.5);
#5363 = AXIS2_PLACEMENT_3D('',#5364,#5365,#5366);
#5364 = CARTESIAN_POINT('',(-20.,24.,27.));
#5365 = DIRECTION('',(-0.,1.,-0.));
#5366 = DIRECTION('',(1.,0.,0.));
#5367 = DEFINITIONAL_REPRESENTATION('',(#5368),#5372);
#5368 = LINE('',#5369,#5370);
#5369 = CARTESIAN_POINT('',(-0.,0.));
#5370 = VECTOR('',#5371,1.);
#5371 = DIRECTION('',(-1.,0.));
#5372 = ( GEOMETRIC_REPRESENTATION_CONTEXT(2) 
PARAMETRIC_REPRESENTATION_CONTEXT() REPRESENTATION_CONTEXT('2D SPACE',''
  ) );
#5373 = FACE_BOUND('',#5374,.T.);
#5374 = EDGE_LOOP('',(#5375));
#5375 = ORIENTED_EDGE('',*,*,#5376,.T.);
#5376 = EDGE_CURVE('',#5377,#5377,#5379,.T.);
#5377 = VERTEX_POINT('',#5378);
#5378 = CARTESIAN_POINT('',(3.5,24.,27.));
#5379 = SURFACE_CURVE('',#5380,(#5385,#5396),.PCURVE_S1.);
#5380 = CIRCLE('',#5381,3.5);
#5381 = AXIS2_PLACEMENT_3D('',#5382,#5383,#5384);
#5382 = CARTESIAN_POINT('',(0.,24.,27.));
#5383 = DIRECTION('',(0.,-1.,0.));
#5384 = DIRECTION('',(1.,0.,0.));
#5385 = PCURVE('',#4987,#5386);
#5386 = DEFINITIONAL_REPRESENTATION('',(#5387),#5395);
#5387 = ( BOUNDED_CURVE() B_SPLINE_CURVE(2,(#5388,#5389,#5390,#5391,
#5392,#5393,#5394),.UNSPECIFIED.,.T.,.F.) B_SPLINE_CURVE_WITH_KNOTS((1,2
    ,2,2,2,1),(-2.094395102393,0.,2.094395102393,4.188790204786,
6.28318530718,8.377580409573),.UNSPECIFIED.) CURVE() 
GEOMETRIC_REPRESENTATION_ITEM() RATIONAL_B_SPLINE_CURVE((1.,0.5,1.,0.5,
1.,0.5,1.)) REPRESENTATION_ITEM('') );
#5388 = CARTESIAN_POINT('',(10.,37.5));
#5389 = CARTESIAN_POINT('',(16.062177826491,37.5));
#5390 = CARTESIAN_POINT('',(13.031088913246,32.25));
#5391 = CARTESIAN_POINT('',(10.,27.));
#5392 = CARTESIAN_POINT('',(6.968911086754,32.25));
#5393 = CARTESIAN_POINT('',(3.937822173509,37.5));
#5394 = CARTESIAN_POINT('',(10.,37.5));
#5395 = ( GEOMETRIC_REPRESENTATION_CONTEXT(2) 
PARAMETRIC_REPRESENTATION_CONTEXT() REPRESENTATION_CONTEXT('2D SPACE',''
  ) );
#5396 = PCURVE('',#5397,#5402);
#5397 = CYLINDRICAL_SURFACE('',#5398,3.5);
#5398 = AXIS2_PLACEMENT_3D('',#5399,#5400,#5401);
#5399 = CARTESIAN_POINT('',(0.,24.,27.));
#5400 = DIRECTION('',(-0.,1.,-0.));
#5401 = DIRECTION('',(1.,0.,0.));
#5402 = DEFINITIONAL_REPRESENTATION('',(#5403),#5407);
#5403 = LINE('',#5404,#5405);
#5404 = CARTESIAN_POINT('',(-0.,0.));
#5405 = VECTOR('',#5406,1.);
#5406 = DIRECTION('',(-1.,0.));
#5407 = ( GEOMETRIC_REPRESENTATION_CONTEXT(2) 
PARAMETRIC_REPRESENTATION_CONTEXT() REPRESENTATION_CONTEXT('2D SPACE',''
  ) );
#5408 = FACE_BOUND('',#5409,.T.);
#5409 = EDGE_LOOP('',(#5410));
#5410 = ORIENTED_EDGE('',*,*,#5411,.T.);
#5411 = EDGE_CURVE('',#5412,#5412,#5414,.T.);
#5412 = VERTEX_POINT('',#5413);
#5413 = CARTESIAN_POINT('',(23.5,24.,27.));
#5414 = SURFACE_CURVE('',#5415,(#5420,#5431),.PCURVE_S1.);
#5415 = CIRCLE('',#5416,3.5);
#5416 = AXIS2_PLACEMENT_3D('',#5417,#5418,#5419);
#5417 = CARTESIAN_POINT('',(20.,24.,27.));
#5418 = DIRECTION('',(0.,-1.,0.));
#5419 = DIRECTION('',(1.,0.,0.));
#5420 = PCURVE('',#4987,#5421);
#5421 = DEFINITIONAL_REPRESENTATION('',(#5422),#5430);
#5422 = ( BOUNDED_CURVE() B_SPLINE_CURVE(2,(#5423,#5424,#5425,#5426,
#5427,#5428,#5429),.UNSPECIFIED.,.T.,.F.) B_SPLINE_CURVE_WITH_KNOTS((1,2
    ,2,2,2,1),(-2.094395102393,0.,2.094395102393,4.188790204786,
6.28318530718,8.377580409573),.UNSPECIFIED.) CURVE() 
GEOMETRIC_REPRESENTATION_ITEM() RATIONAL_B_SPLINE_CURVE((1.,0.5,1.,0.5,
1.,0.5,1.)) REPRESENTATION_ITEM('') );
#5423 = CARTESIAN_POINT('',(10.,57.5));
#5424 = CARTESIAN_POINT('',(16.062177826491,57.5));
#5425 = CARTESIAN_POINT('',(13.031088913246,52.25));
#5426 = CARTESIAN_POINT('',(10.,47.));
#5427 = CARTESIAN_POINT('',(6.968911086754,52.25));
#5428 = CARTESIAN_POINT('',(3.937822173509,57.5));
#5429 = CARTESIAN_POINT('',(10.,57.5));
#5430 = ( GEOMETRIC_REPRESENTATION_CONTEXT(2) 
PARAMETRIC_REPRESENTATION_CONTEXT() REPRESENTATION_CONTEXT('2D SPACE',''
  ) );
#5431 = PCURVE('',#5432,#5437);
#5432 = CYLINDRICAL_SURFACE('',#5433,3.5);
#5433 = AXIS2_PLACEMENT_3D('',#5434,#5435,#5436);
#5434 = CARTESIAN_POINT('',(20.,24.,27.));
#5435 = DIRECTION('',(-0.,1.,-0.));
#5436 = DIRECTION('',(1.,0.,0.));
#5437 = DEFINITIONAL_REPRESENTATION('',(#5438),#5442);
#5438 = LINE('',#5439,#5440);
#5439 = CARTESIAN_POINT('',(-0.,0.));
#5440 = VECTOR('',#5441,1.);
#5441 = DIRECTION('',(-1.,0.));
#5442 = ( GEOMETRIC_REPRESENTATION_CONTEXT(2) 
PARAMETRIC_REPRESENTATION_CONTEXT() REPRESENTATION_CONTEXT('2D SPACE',''
  ) );
#5443 = ADVANCED_FACE('',(#5444),#4959,.F.);
#5444 = FACE_BOUND('',#5445,.F.);
#5445 = EDGE_LOOP('',(#5446,#5447,#5448,#5469));
#5446 = ORIENTED_EDGE('',*,*,#4943,.F.);
#5447 = ORIENTED_EDGE('',*,*,#5028,.T.);
#5448 = ORIENTED_EDGE('',*,*,#5449,.T.);
#5449 = EDGE_CURVE('',#5029,#5294,#5450,.T.);
#5450 = SURFACE_CURVE('',#5451,(#5455,#5462),.PCURVE_S1.);
#5451 = LINE('',#5452,#5453);
#5452 = CARTESIAN_POINT('',(34.,-24.,17.));
#5453 = VECTOR('',#5454,1.);
#5454 = DIRECTION('',(0.,1.,0.));
#5455 = PCURVE('',#4959,#5456);
#5456 = DEFINITIONAL_REPRESENTATION('',(#5457),#5461);
#5457 = LINE('',#5458,#5459);
#5458 = CARTESIAN_POINT('',(68.,0.));
#5459 = VECTOR('',#5460,1.);
#5460 = DIRECTION('',(0.,1.));
#5461 = ( GEOMETRIC_REPRESENTATION_CONTEXT(2) 
PARAMETRIC_REPRESENTATION_CONTEXT() REPRESENTATION_CONTEXT('2D SPACE',''
  ) );
#5462 = PCURVE('',#5089,#5463);
#5463 = DEFINITIONAL_REPRESENTATION('',(#5464),#5468);
#5464 = LINE('',#5465,#5466);
#5465 = CARTESIAN_POINT('',(0.,0.));
#5466 = VECTOR('',#5467,1.);
#5467 = DIRECTION('',(0.,-1.));
#5468 = ( GEOMETRIC_REPRESENTATION_CONTEXT(2) 
PARAMETRIC_REPRESENTATION_CONTEXT() REPRESENTATION_CONTEXT('2D SPACE',''
  ) );
#5469 = ORIENTED_EDGE('',*,*,#5293,.F.);
#5470 = ADVANCED_FACE('',(#5471),#5089,.T.);
#5471 = FACE_BOUND('',#5472,.T.);
#5472 = EDGE_LOOP('',(#5473,#5474,#5475,#5476));
#5473 = ORIENTED_EDGE('',*,*,#5075,.F.);
#5474 = ORIENTED_EDGE('',*,*,#5449,.T.);
#5475 = ORIENTED_EDGE('',*,*,#5318,.T.);
#5476 = ORIENTED_EDGE('',*,*,#5106,.F.);
#5477 = ADVANCED_FACE('',(#5478),#5173,.F.);
#5478 = FACE_BOUND('',#5479,.T.);
#5479 = EDGE_LOOP('',(#5480,#5515,#5536,#5537,#5538,#5566,#5592,#5621,
    #5642,#5675,#5701,#5730));
#5480 = ORIENTED_EDGE('',*,*,#5481,.T.);
#5481 = EDGE_CURVE('',#5482,#5484,#5486,.T.);
#5482 = VERTEX_POINT('',#5483);
#5483 = CARTESIAN_POINT('',(-30.,-17.35968757625,36.));
#5484 = VERTEX_POINT('',#5485);
#5485 = CARTESIAN_POINT('',(-25.9,-18.,36.));
#5486 = SURFACE_CURVE('',#5487,(#5492,#5499),.PCURVE_S1.);
#5487 = CIRCLE('',#5488,2.1);
#5488 = AXIS2_PLACEMENT_3D('',#5489,#5490,#5491);
#5489 = CARTESIAN_POINT('',(-28.,-18.,36.));
#5490 = DIRECTION('',(0.,0.,-1.));
#5491 = DIRECTION('',(1.,0.,0.));
#5492 = PCURVE('',#5173,#5493);
#5493 = DEFINITIONAL_REPRESENTATION('',(#5494),#5498);
#5494 = LINE('',#5495,#5496);
#5495 = CARTESIAN_POINT('',(-6.28318530718,-3.));
#5496 = VECTOR('',#5497,1.);
#5497 = DIRECTION('',(1.,-0.));
#5498 = ( GEOMETRIC_REPRESENTATION_CONTEXT(2) 
PARAMETRIC_REPRESENTATION_CONTEXT() REPRESENTATION_CONTEXT('2D SPACE',''
  ) );
#5499 = PCURVE('',#5500,#5505);
#5500 = PLANE('',#5501);
#5501 = AXIS2_PLACEMENT_3D('',#5502,#5503,#5504);
#5502 = CARTESIAN_POINT('',(-30.,-20.,36.));
#5503 = DIRECTION('',(0.,0.,1.));
#5504 = DIRECTION('',(1.,0.,0.));
#5505 = DEFINITIONAL_REPRESENTATION('',(#5506),#5514);
#5506 = ( BOUNDED_CURVE() B_SPLINE_CURVE(2,(#5507,#5508,#5509,#5510,
#5511,#5512,#5513),.UNSPECIFIED.,.T.,.F.) B_SPLINE_CURVE_WITH_KNOTS((1,2
    ,2,2,2,1),(-2.094395102393,0.,2.094395102393,4.188790204786,
6.28318530718,8.377580409573),.UNSPECIFIED.) CURVE() 
GEOMETRIC_REPRESENTATION_ITEM() RATIONAL_B_SPLINE_CURVE((1.,0.5,1.,0.5,
1.,0.5,1.)) REPRESENTATION_ITEM('') );
#5507 = CARTESIAN_POINT('',(4.1,2.));
#5508 = CARTESIAN_POINT('',(4.1,-1.637306695895));
#5509 = CARTESIAN_POINT('',(0.95,0.181346652053));
#5510 = CARTESIAN_POINT('',(-2.2,2.));
#5511 = CARTESIAN_POINT('',(0.95,3.818653347947));
#5512 = CARTESIAN_POINT('',(4.1,5.637306695895));
#5513 = CARTESIAN_POINT('',(4.1,2.));
#5514 = ( GEOMETRIC_REPRESENTATION_CONTEXT(2) 
PARAMETRIC_REPRESENTATION_CONTEXT() REPRESENTATION_CONTEXT('2D SPACE',''
  ) );
#5515 = ORIENTED_EDGE('',*,*,#5516,.T.);
#5516 = EDGE_CURVE('',#5484,#5153,#5517,.T.);
#5517 = SEAM_CURVE('',#5518,(#5522,#5529),.PCURVE_S1.);
#5518 = LINE('',#5519,#5520);
#5519 = CARTESIAN_POINT('',(-25.9,-18.,33.));
#5520 = VECTOR('',#5521,1.);
#5521 = DIRECTION('',(0.,0.,1.));
#5522 = PCURVE('',#5173,#5523);
#5523 = DEFINITIONAL_REPRESENTATION('',(#5524),#5528);
#5524 = LINE('',#5525,#5526);
#5525 = CARTESIAN_POINT('',(-6.28318530718,0.));
#5526 = VECTOR('',#5527,1.);
#5527 = DIRECTION('',(-0.,-1.));
#5528 = ( GEOMETRIC_REPRESENTATION_CONTEXT(2) 
PARAMETRIC_REPRESENTATION_CONTEXT() REPRESENTATION_CONTEXT('2D SPACE',''
  ) );
#5529 = PCURVE('',#5173,#5530);
#5530 = DEFINITIONAL_REPRESENTATION('',(#5531),#5535);
#5531 = LINE('',#5532,#5533);
#5532 = CARTESIAN_POINT('',(-0.,0.));
#5533 = VECTOR('',#5534,1.);
#5534 = DIRECTION('',(-0.,-1.));
#5535 = ( GEOMETRIC_REPRESENTATION_CONTEXT(2) 
PARAMETRIC_REPRESENTATION_CONTEXT() REPRESENTATION_CONTEXT('2D SPACE',''
  ) );
#5536 = ORIENTED_EDGE('',*,*,#5152,.F.);
#5537 = ORIENTED_EDGE('',*,*,#5516,.F.);
#5538 = ORIENTED_EDGE('',*,*,#5539,.T.);
#5539 = EDGE_CURVE('',#5484,#5540,#5542,.T.);
#5540 = VERTEX_POINT('',#5541);
#5541 = CARTESIAN_POINT('',(-27.35968757625,-20.,36.));
#5542 = SURFACE_CURVE('',#5543,(#5548,#5555),.PCURVE_S1.);
#5543 = CIRCLE('',#5544,2.1);
#5544 = AXIS2_PLACEMENT_3D('',#5545,#5546,#5547);
#5545 = CARTESIAN_POINT('',(-28.,-18.,36.));
#5546 = DIRECTION('',(0.,0.,-1.));
#5547 = DIRECTION('',(1.,0.,0.));
#5548 = PCURVE('',#5173,#5549);
#5549 = DEFINITIONAL_REPRESENTATION('',(#5550),#5554);
#5550 = LINE('',#5551,#5552);
#5551 = CARTESIAN_POINT('',(-6.28318530718,-3.));
#5552 = VECTOR('',#5553,1.);
#5553 = DIRECTION('',(1.,-0.));
#5554 = ( GEOMETRIC_REPRESENTATION_CONTEXT(2) 
PARAMETRIC_REPRESENTATION_CONTEXT() REPRESENTATION_CONTEXT('2D SPACE',''
  ) );
#5555 = PCURVE('',#5500,#5556);
#5556 = DEFINITIONAL_REPRESENTATION('',(#5557),#5565);
#5557 = ( BOUNDED_CURVE() B_SPLINE_CURVE(2,(#5558,#5559,#5560,#5561,
#5562,#5563,#5564),.UNSPECIFIED.,.T.,.F.) B_SPLINE_CURVE_WITH_KNOTS((1,2
    ,2,2,2,1),(-2.094395102393,0.,2.094395102393,4.188790204786,
6.28318530718,8.377580409573),.UNSPECIFIED.) CURVE() 
GEOMETRIC_REPRESENTATION_ITEM() RATIONAL_B_SPLINE_CURVE((1.,0.5,1.,0.5,
1.,0.5,1.)) REPRESENTATION_ITEM('') );
#5558 = CARTESIAN_POINT('',(4.1,2.));
#5559 = CARTESIAN_POINT('',(4.1,-1.637306695895));
#5560 = CARTESIAN_POINT('',(0.95,0.181346652053));
#5561 = CARTESIAN_POINT('',(-2.2,2.));
#5562 = CARTESIAN_POINT('',(0.95,3.818653347947));
#5563 = CARTESIAN_POINT('',(4.1,5.637306695895));
#5564 = CARTESIAN_POINT('',(4.1,2.));
#5565 = ( GEOMETRIC_REPRESENTATION_CONTEXT(2) 
PARAMETRIC_REPRESENTATION_CONTEXT() REPRESENTATION_CONTEXT('2D SPACE',''
  ) );
#5566 = ORIENTED_EDGE('',*,*,#5567,.T.);
#5567 = EDGE_CURVE('',#5540,#5568,#5570,.T.);
#5568 = VERTEX_POINT('',#5569);
#5569 = CARTESIAN_POINT('',(-27.35968757625,-20.,33.));
#5570 = SURFACE_CURVE('',#5571,(#5575,#5581),.PCURVE_S1.);
#5571 = LINE('',#5572,#5573);
#5572 = CARTESIAN_POINT('',(-27.35968757625,-20.,33.));
#5573 = VECTOR('',#5574,1.);
#5574 = DIRECTION('',(-0.,-0.,-1.));
#5575 = PCURVE('',#5173,#5576);
#5576 = DEFINITIONAL_REPRESENTATION('',(#5577),#5580);
#5577 = B_SPLINE_CURVE_WITH_KNOTS('',1,(#5578,#5579),.UNSPECIFIED.,.F.,
  .F.,(2,2),(-4.6,5.999999999062E-07),.PIECEWISE_BEZIER_KNOTS.);
#5578 = CARTESIAN_POINT('',(-5.022233620126,-4.6));
#5579 = CARTESIAN_POINT('',(-5.022233620126,5.999999999062E-07));
#5580 = ( GEOMETRIC_REPRESENTATION_CONTEXT(2) 
PARAMETRIC_REPRESENTATION_CONTEXT() REPRESENTATION_CONTEXT('2D SPACE',''
  ) );
#5581 = PCURVE('',#5582,#5587);
#5582 = PLANE('',#5583);
#5583 = AXIS2_PLACEMENT_3D('',#5584,#5585,#5586);
#5584 = CARTESIAN_POINT('',(-30.,-20.,20.));
#5585 = DIRECTION('',(0.,1.,0.));
#5586 = DIRECTION('',(0.,0.,1.));
#5587 = DEFINITIONAL_REPRESENTATION('',(#5588),#5591);
#5588 = B_SPLINE_CURVE_WITH_KNOTS('',1,(#5589,#5590),.UNSPECIFIED.,.F.,
  .F.,(2,2),(-4.6,5.999999999062E-07),.PIECEWISE_BEZIER_KNOTS.);
#5589 = CARTESIAN_POINT('',(17.6,2.640312423743));
#5590 = CARTESIAN_POINT('',(12.9999994,2.640312423743));
#5591 = ( GEOMETRIC_REPRESENTATION_CONTEXT(2) 
PARAMETRIC_REPRESENTATION_CONTEXT() REPRESENTATION_CONTEXT('2D SPACE',''
  ) );
#5592 = ORIENTED_EDGE('',*,*,#5593,.F.);
#5593 = EDGE_CURVE('',#5594,#5568,#5596,.T.);
#5594 = VERTEX_POINT('',#5595);
#5595 = CARTESIAN_POINT('',(-28.64031242374,-20.,33.));
#5596 = SURFACE_CURVE('',#5597,(#5602,#5609),.PCURVE_S1.);
#5597 = CIRCLE('',#5598,2.1);
#5598 = AXIS2_PLACEMENT_3D('',#5599,#5600,#5601);
#5599 = CARTESIAN_POINT('',(-28.,-18.,33.));
#5600 = DIRECTION('',(0.,0.,1.));
#5601 = DIRECTION('',(1.,0.,0.));
#5602 = PCURVE('',#5173,#5603);
#5603 = DEFINITIONAL_REPRESENTATION('',(#5604),#5608);
#5604 = LINE('',#5605,#5606);
#5605 = CARTESIAN_POINT('',(-0.,0.));
#5606 = VECTOR('',#5607,1.);
#5607 = DIRECTION('',(-1.,0.));
#5608 = ( GEOMETRIC_REPRESENTATION_CONTEXT(2) 
PARAMETRIC_REPRESENTATION_CONTEXT() REPRESENTATION_CONTEXT('2D SPACE',''
  ) );
#5609 = PCURVE('',#5610,#5615);
#5610 = PLANE('',#5611);
#5611 = AXIS2_PLACEMENT_3D('',#5612,#5613,#5614);
#5612 = CARTESIAN_POINT('',(-28.,-18.,33.));
#5613 = DIRECTION('',(0.,0.,1.));
#5614 = DIRECTION('',(1.,0.,-0.));
#5615 = DEFINITIONAL_REPRESENTATION('',(#5616),#5620);
#5616 = CIRCLE('',#5617,2.1);
#5617 = AXIS2_PLACEMENT_2D('',#5618,#5619);
#5618 = CARTESIAN_POINT('',(0.,0.));
#5619 = DIRECTION('',(1.,0.));
#5620 = ( GEOMETRIC_REPRESENTATION_CONTEXT(2) 
PARAMETRIC_REPRESENTATION_CONTEXT() REPRESENTATION_CONTEXT('2D SPACE',''
  ) );
#5621 = ORIENTED_EDGE('',*,*,#5622,.F.);
#5622 = EDGE_CURVE('',#5623,#5594,#5625,.T.);
#5623 = VERTEX_POINT('',#5624);
#5624 = CARTESIAN_POINT('',(-28.64031242374,-20.,36.));
#5625 = SURFACE_CURVE('',#5626,(#5630,#5636),.PCURVE_S1.);
#5626 = LINE('',#5627,#5628);
#5627 = CARTESIAN_POINT('',(-28.64031242374,-20.,33.));
#5628 = VECTOR('',#5629,1.);
#5629 = DIRECTION('',(-0.,-0.,-1.));
#5630 = PCURVE('',#5173,#5631);
#5631 = DEFINITIONAL_REPRESENTATION('',(#5632),#5635);
#5632 = B_SPLINE_CURVE_WITH_KNOTS('',1,(#5633,#5634),.UNSPECIFIED.,.F.,
  .F.,(2,2),(-4.6,5.999999999062E-07),.PIECEWISE_BEZIER_KNOTS.);
#5633 = CARTESIAN_POINT('',(-4.402544340643,-4.6));
#5634 = CARTESIAN_POINT('',(-4.402544340643,5.999999999062E-07));
#5635 = ( GEOMETRIC_REPRESENTATION_CONTEXT(2) 
PARAMETRIC_REPRESENTATION_CONTEXT() REPRESENTATION_CONTEXT('2D SPACE',''
  ) );
#5636 = PCURVE('',#5582,#5637);
#5637 = DEFINITIONAL_REPRESENTATION('',(#5638),#5641);
#5638 = B_SPLINE_CURVE_WITH_KNOTS('',1,(#5639,#5640),.UNSPECIFIED.,.F.,
  .F.,(2,2),(-4.6,5.999999999062E-07),.PIECEWISE_BEZIER_KNOTS.);
#5639 = CARTESIAN_POINT('',(17.6,1.359687576257));
#5640 = CARTESIAN_POINT('',(12.9999994,1.359687576257));
#5641 = ( GEOMETRIC_REPRESENTATION_CONTEXT(2) 
PARAMETRIC_REPRESENTATION_CONTEXT() REPRESENTATION_CONTEXT('2D SPACE',''
  ) );
#5642 = ORIENTED_EDGE('',*,*,#5643,.T.);
#5643 = EDGE_CURVE('',#5623,#5644,#5646,.T.);
#5644 = VERTEX_POINT('',#5645);
#5645 = CARTESIAN_POINT('',(-30.,-18.64031242374,36.));
#5646 = SURFACE_CURVE('',#5647,(#5652,#5659),.PCURVE_S1.);
#5647 = CIRCLE('',#5648,2.1);
#5648 = AXIS2_PLACEMENT_3D('',#5649,#5650,#5651);
#5649 = CARTESIAN_POINT('',(-28.,-18.,36.));
#5650 = DIRECTION('',(0.,0.,-1.));
#5651 = DIRECTION('',(1.,0.,0.));
#5652 = PCURVE('',#5173,#5653);
#5653 = DEFINITIONAL_REPRESENTATION('',(#5654),#5658);
#5654 = LINE('',#5655,#5656);
#5655 = CARTESIAN_POINT('',(-6.28318530718,-3.));
#5656 = VECTOR('',#5657,1.);
#5657 = DIRECTION('',(1.,-0.));
#5658 = ( GEOMETRIC_REPRESENTATION_CONTEXT(2) 
PARAMETRIC_REPRESENTATION_CONTEXT() REPRESENTATION_CONTEXT('2D SPACE',''
  ) );
#5659 = PCURVE('',#5660,#5665);
#5660 = PLANE('',#5661);
#5661 = AXIS2_PLACEMENT_3D('',#5662,#5663,#5664);
#5662 = CARTESIAN_POINT('',(-30.,-20.,36.));
#5663 = DIRECTION('',(0.,0.,1.));
#5664 = DIRECTION('',(1.,0.,0.));
#5665 = DEFINITIONAL_REPRESENTATION('',(#5666),#5674);
#5666 = ( BOUNDED_CURVE() B_SPLINE_CURVE(2,(#5667,#5668,#5669,#5670,
#5671,#5672,#5673),.UNSPECIFIED.,.T.,.F.) B_SPLINE_CURVE_WITH_KNOTS((1,2
    ,2,2,2,1),(-2.094395102393,0.,2.094395102393,4.188790204786,
6.28318530718,8.377580409573),.UNSPECIFIED.) CURVE() 
GEOMETRIC_REPRESENTATION_ITEM() RATIONAL_B_SPLINE_CURVE((1.,0.5,1.,0.5,
1.,0.5,1.)) REPRESENTATION_ITEM('') );
#5667 = CARTESIAN_POINT('',(4.1,2.));
#5668 = CARTESIAN_POINT('',(4.1,-1.637306695895));
#5669 = CARTESIAN_POINT('',(0.95,0.181346652053));
#5670 = CARTESIAN_POINT('',(-2.2,2.));
#5671 = CARTESIAN_POINT('',(0.95,3.818653347947));
#5672 = CARTESIAN_POINT('',(4.1,5.637306695895));
#5673 = CARTESIAN_POINT('',(4.1,2.));
#5674 = ( GEOMETRIC_REPRESENTATION_CONTEXT(2) 
PARAMETRIC_REPRESENTATION_CONTEXT() REPRESENTATION_CONTEXT('2D SPACE',''
  ) );
#5675 = ORIENTED_EDGE('',*,*,#5676,.T.);
#5676 = EDGE_CURVE('',#5644,#5677,#5679,.T.);
#5677 = VERTEX_POINT('',#5678);
#5678 = CARTESIAN_POINT('',(-30.,-18.64031242374,33.));
#5679 = SURFACE_CURVE('',#5680,(#5684,#5690),.PCURVE_S1.);
#5680 = LINE('',#5681,#5682);
#5681 = CARTESIAN_POINT('',(-30.,-18.64031242374,33.));
#5682 = VECTOR('',#5683,1.);
#5683 = DIRECTION('',(-0.,-0.,-1.));
#5684 = PCURVE('',#5173,#5685);
#5685 = DEFINITIONAL_REPRESENTATION('',(#5686),#5689);
#5686 = B_SPLINE_CURVE_WITH_KNOTS('',1,(#5687,#5688),.UNSPECIFIED.,.F.,
  .F.,(2,2),(-4.6,5.999999999062E-07),.PIECEWISE_BEZIER_KNOTS.);
#5687 = CARTESIAN_POINT('',(-3.451437293331,-4.6));
#5688 = CARTESIAN_POINT('',(-3.451437293331,5.999999999062E-07));
#5689 = ( GEOMETRIC_REPRESENTATION_CONTEXT(2) 
PARAMETRIC_REPRESENTATION_CONTEXT() REPRESENTATION_CONTEXT('2D SPACE',''
  ) );
#5690 = PCURVE('',#5691,#5696);
#5691 = PLANE('',#5692);
#5692 = AXIS2_PLACEMENT_3D('',#5693,#5694,#5695);
#5693 = CARTESIAN_POINT('',(-30.,-20.,20.));
#5694 = DIRECTION('',(1.,0.,0.));
#5695 = DIRECTION('',(0.,0.,1.));
#5696 = DEFINITIONAL_REPRESENTATION('',(#5697),#5700);
#5697 = B_SPLINE_CURVE_WITH_KNOTS('',1,(#5698,#5699),.UNSPECIFIED.,.F.,
  .F.,(2,2),(-4.6,5.999999999062E-07),.PIECEWISE_BEZIER_KNOTS.);
#5698 = CARTESIAN_POINT('',(17.6,-1.359687576257));
#5699 = CARTESIAN_POINT('',(12.9999994,-1.359687576257));
#5700 = ( GEOMETRIC_REPRESENTATION_CONTEXT(2) 
PARAMETRIC_REPRESENTATION_CONTEXT() REPRESENTATION_CONTEXT('2D SPACE',''
  ) );
#5701 = ORIENTED_EDGE('',*,*,#5702,.F.);
#5702 = EDGE_CURVE('',#5703,#5677,#5705,.T.);
#5703 = VERTEX_POINT('',#5704);
#5704 = CARTESIAN_POINT('',(-30.,-17.35968757625,33.));
#5705 = SURFACE_CURVE('',#5706,(#5711,#5718),.PCURVE_S1.);
#5706 = CIRCLE('',#5707,2.1);
#5707 = AXIS2_PLACEMENT_3D('',#5708,#5709,#5710);
#5708 = CARTESIAN_POINT('',(-28.,-18.,33.));
#5709 = DIRECTION('',(0.,0.,1.));
#5710 = DIRECTION('',(1.,0.,0.));
#5711 = PCURVE('',#5173,#5712);
#5712 = DEFINITIONAL_REPRESENTATION('',(#5713),#5717);
#5713 = LINE('',#5714,#5715);
#5714 = CARTESIAN_POINT('',(-0.,0.));
#5715 = VECTOR('',#5716,1.);
#5716 = DIRECTION('',(-1.,0.));
#5717 = ( GEOMETRIC_REPRESENTATION_CONTEXT(2) 
PARAMETRIC_REPRESENTATION_CONTEXT() REPRESENTATION_CONTEXT('2D SPACE',''
  ) );
#5718 = PCURVE('',#5719,#5724);
#5719 = PLANE('',#5720);
#5720 = AXIS2_PLACEMENT_3D('',#5721,#5722,#5723);
#5721 = CARTESIAN_POINT('',(-28.,-18.,33.));
#5722 = DIRECTION('',(0.,0.,1.));
#5723 = DIRECTION('',(1.,0.,-0.));
#5724 = DEFINITIONAL_REPRESENTATION('',(#5725),#5729);
#5725 = CIRCLE('',#5726,2.1);
#5726 = AXIS2_PLACEMENT_2D('',#5727,#5728);
#5727 = CARTESIAN_POINT('',(0.,0.));
#5728 = DIRECTION('',(1.,0.));
#5729 = ( GEOMETRIC_REPRESENTATION_CONTEXT(2) 
PARAMETRIC_REPRESENTATION_CONTEXT() REPRESENTATION_CONTEXT('2D SPACE',''
  ) );
#5730 = ORIENTED_EDGE('',*,*,#5731,.F.);
#5731 = EDGE_CURVE('',#5482,#5703,#5732,.T.);
#5732 = SURFACE_CURVE('',#5733,(#5737,#5743),.PCURVE_S1.);
#5733 = LINE('',#5734,#5735);
#5734 = CARTESIAN_POINT('',(-30.,-17.35968757625,33.));
#5735 = VECTOR('',#5736,1.);
#5736 = DIRECTION('',(-0.,-0.,-1.));
#5737 = PCURVE('',#5173,#5738);
#5738 = DEFINITIONAL_REPRESENTATION('',(#5739),#5742);
#5739 = B_SPLINE_CURVE_WITH_KNOTS('',1,(#5740,#5741),.UNSPECIFIED.,.F.,
  .F.,(2,2),(-4.6,5.999999999062E-07),.PIECEWISE_BEZIER_KNOTS.);
#5740 = CARTESIAN_POINT('',(-2.831748013848,-4.6));
#5741 = CARTESIAN_POINT('',(-2.831748013848,5.999999999062E-07));
#5742 = ( GEOMETRIC_REPRESENTATION_CONTEXT(2) 
PARAMETRIC_REPRESENTATION_CONTEXT() REPRESENTATION_CONTEXT('2D SPACE',''
  ) );
#5743 = PCURVE('',#5691,#5744);
#5744 = DEFINITIONAL_REPRESENTATION('',(#5745),#5748);
#5745 = B_SPLINE_CURVE_WITH_KNOTS('',1,(#5746,#5747),.UNSPECIFIED.,.F.,
  .F.,(2,2),(-4.6,5.999999999062E-07),.PIECEWISE_BEZIER_KNOTS.);
#5746 = CARTESIAN_POINT('',(17.6,-2.640312423743));
#5747 = CARTESIAN_POINT('',(12.9999994,-2.640312423743));
#5748 = ( GEOMETRIC_REPRESENTATION_CONTEXT(2) 
PARAMETRIC_REPRESENTATION_CONTEXT() REPRESENTATION_CONTEXT('2D SPACE',''
  ) );
#5749 = ADVANCED_FACE('',(#5750),#5208,.F.);
#5750 = FACE_BOUND('',#5751,.T.);
#5751 = EDGE_LOOP('',(#5752,#5783,#5804,#5805,#5806,#5830,#5856,#5889,
    #5910,#5939,#5960,#5988));
#5752 = ORIENTED_EDGE('',*,*,#5753,.F.);
#5753 = EDGE_CURVE('',#5754,#5756,#5758,.T.);
#5754 = VERTEX_POINT('',#5755);
#5755 = CARTESIAN_POINT('',(30.1,-18.,33.));
#5756 = VERTEX_POINT('',#5757);
#5757 = CARTESIAN_POINT('',(30.,-17.35968757625,33.));
#5758 = SURFACE_CURVE('',#5759,(#5764,#5771),.PCURVE_S1.);
#5759 = CIRCLE('',#5760,2.1);
#5760 = AXIS2_PLACEMENT_3D('',#5761,#5762,#5763);
#5761 = CARTESIAN_POINT('',(28.,-18.,33.));
#5762 = DIRECTION('',(0.,0.,1.));
#5763 = DIRECTION('',(1.,0.,0.));
#5764 = PCURVE('',#5208,#5765);
#5765 = DEFINITIONAL_REPRESENTATION('',(#5766),#5770);
#5766 = LINE('',#5767,#5768);
#5767 = CARTESIAN_POINT('',(-0.,0.));
#5768 = VECTOR('',#5769,1.);
#5769 = DIRECTION('',(-1.,0.));
#5770 = ( GEOMETRIC_REPRESENTATION_CONTEXT(2) 
PARAMETRIC_REPRESENTATION_CONTEXT() REPRESENTATION_CONTEXT('2D SPACE',''
  ) );
#5771 = PCURVE('',#5772,#5777);
#5772 = PLANE('',#5773);
#5773 = AXIS2_PLACEMENT_3D('',#5774,#5775,#5776);
#5774 = CARTESIAN_POINT('',(28.,-18.,33.));
#5775 = DIRECTION('',(0.,0.,1.));
#5776 = DIRECTION('',(1.,0.,-0.));
#5777 = DEFINITIONAL_REPRESENTATION('',(#5778),#5782);
#5778 = CIRCLE('',#5779,2.1);
#5779 = AXIS2_PLACEMENT_2D('',#5780,#5781);
#5780 = CARTESIAN_POINT('',(0.,0.));
#5781 = DIRECTION('',(1.,0.));
#5782 = ( GEOMETRIC_REPRESENTATION_CONTEXT(2) 
PARAMETRIC_REPRESENTATION_CONTEXT() REPRESENTATION_CONTEXT('2D SPACE',''
  ) );
#5783 = ORIENTED_EDGE('',*,*,#5784,.T.);
#5784 = EDGE_CURVE('',#5754,#5188,#5785,.T.);
#5785 = SEAM_CURVE('',#5786,(#5790,#5797),.PCURVE_S1.);
#5786 = LINE('',#5787,#5788);
#5787 = CARTESIAN_POINT('',(30.1,-18.,33.));
#5788 = VECTOR('',#5789,1.);
#5789 = DIRECTION('',(0.,0.,1.));
#5790 = PCURVE('',#5208,#5791);
#5791 = DEFINITIONAL_REPRESENTATION('',(#5792),#5796);
#5792 = LINE('',#5793,#5794);
#5793 = CARTESIAN_POINT('',(-6.28318530718,0.));
#5794 = VECTOR('',#5795,1.);
#5795 = DIRECTION('',(-0.,-1.));
#5796 = ( GEOMETRIC_REPRESENTATION_CONTEXT(2) 
PARAMETRIC_REPRESENTATION_CONTEXT() REPRESENTATION_CONTEXT('2D SPACE',''
  ) );
#5797 = PCURVE('',#5208,#5798);
#5798 = DEFINITIONAL_REPRESENTATION('',(#5799),#5803);
#5799 = LINE('',#5800,#5801);
#5800 = CARTESIAN_POINT('',(-0.,0.));
#5801 = VECTOR('',#5802,1.);
#5802 = DIRECTION('',(-0.,-1.));
#5803 = ( GEOMETRIC_REPRESENTATION_CONTEXT(2) 
PARAMETRIC_REPRESENTATION_CONTEXT() REPRESENTATION_CONTEXT('2D SPACE',''
  ) );
#5804 = ORIENTED_EDGE('',*,*,#5187,.F.);
#5805 = ORIENTED_EDGE('',*,*,#5784,.F.);
#5806 = ORIENTED_EDGE('',*,*,#5807,.F.);
#5807 = EDGE_CURVE('',#5808,#5754,#5810,.T.);
#5808 = VERTEX_POINT('',#5809);
#5809 = CARTESIAN_POINT('',(30.,-18.64031242374,33.));
#5810 = SURFACE_CURVE('',#5811,(#5816,#5823),.PCURVE_S1.);
#5811 = CIRCLE('',#5812,2.1);
#5812 = AXIS2_PLACEMENT_3D('',#5813,#5814,#5815);
#5813 = CARTESIAN_POINT('',(28.,-18.,33.));
#5814 = DIRECTION('',(0.,0.,1.));
#5815 = DIRECTION('',(1.,0.,0.));
#5816 = PCURVE('',#5208,#5817);
#5817 = DEFINITIONAL_REPRESENTATION('',(#5818),#5822);
#5818 = LINE('',#5819,#5820);
#5819 = CARTESIAN_POINT('',(-0.,0.));
#5820 = VECTOR('',#5821,1.);
#5821 = DIRECTION('',(-1.,0.));
#5822 = ( GEOMETRIC_REPRESENTATION_CONTEXT(2) 
PARAMETRIC_REPRESENTATION_CONTEXT() REPRESENTATION_CONTEXT('2D SPACE',''
  ) );
#5823 = PCURVE('',#5772,#5824);
#5824 = DEFINITIONAL_REPRESENTATION('',(#5825),#5829);
#5825 = CIRCLE('',#5826,2.1);
#5826 = AXIS2_PLACEMENT_2D('',#5827,#5828);
#5827 = CARTESIAN_POINT('',(0.,0.));
#5828 = DIRECTION('',(1.,0.));
#5829 = ( GEOMETRIC_REPRESENTATION_CONTEXT(2) 
PARAMETRIC_REPRESENTATION_CONTEXT() REPRESENTATION_CONTEXT('2D SPACE',''
  ) );
#5830 = ORIENTED_EDGE('',*,*,#5831,.F.);
#5831 = EDGE_CURVE('',#5832,#5808,#5834,.T.);
#5832 = VERTEX_POINT('',#5833);
#5833 = CARTESIAN_POINT('',(30.,-18.64031242374,36.));
#5834 = SURFACE_CURVE('',#5835,(#5839,#5845),.PCURVE_S1.);
#5835 = LINE('',#5836,#5837);
#5836 = CARTESIAN_POINT('',(30.,-18.64031242374,33.));
#5837 = VECTOR('',#5838,1.);
#5838 = DIRECTION('',(-0.,-0.,-1.));
#5839 = PCURVE('',#5208,#5840);
#5840 = DEFINITIONAL_REPRESENTATION('',(#5841),#5844);
#5841 = B_SPLINE_CURVE_WITH_KNOTS('',1,(#5842,#5843),.UNSPECIFIED.,.F.,
  .F.,(2,2),(-4.6,5.999999999062E-07),.PIECEWISE_BEZIER_KNOTS.);
#5842 = CARTESIAN_POINT('',(-5.973340667438,-4.6));
#5843 = CARTESIAN_POINT('',(-5.973340667438,5.999999999062E-07));
#5844 = ( GEOMETRIC_REPRESENTATION_CONTEXT(2) 
PARAMETRIC_REPRESENTATION_CONTEXT() REPRESENTATION_CONTEXT('2D SPACE',''
  ) );
#5845 = PCURVE('',#5846,#5851);
#5846 = PLANE('',#5847);
#5847 = AXIS2_PLACEMENT_3D('',#5848,#5849,#5850);
#5848 = CARTESIAN_POINT('',(30.,-20.,20.));
#5849 = DIRECTION('',(1.,0.,0.));
#5850 = DIRECTION('',(0.,0.,1.));
#5851 = DEFINITIONAL_REPRESENTATION('',(#5852),#5855);
#5852 = B_SPLINE_CURVE_WITH_KNOTS('',1,(#5853,#5854),.UNSPECIFIED.,.F.,
  .F.,(2,2),(-4.6,5.999999999062E-07),.PIECEWISE_BEZIER_KNOTS.);
#5853 = CARTESIAN_POINT('',(17.6,-1.359687576257));
#5854 = CARTESIAN_POINT('',(12.9999994,-1.359687576257));
#5855 = ( GEOMETRIC_REPRESENTATION_CONTEXT(2) 
PARAMETRIC_REPRESENTATION_CONTEXT() REPRESENTATION_CONTEXT('2D SPACE',''
  ) );
#5856 = ORIENTED_EDGE('',*,*,#5857,.T.);
#5857 = EDGE_CURVE('',#5832,#5858,#5860,.T.);
#5858 = VERTEX_POINT('',#5859);
#5859 = CARTESIAN_POINT('',(28.640312423743,-20.,36.));
#5860 = SURFACE_CURVE('',#5861,(#5866,#5873),.PCURVE_S1.);
#5861 = CIRCLE('',#5862,2.1);
#5862 = AXIS2_PLACEMENT_3D('',#5863,#5864,#5865);
#5863 = CARTESIAN_POINT('',(28.,-18.,36.));
#5864 = DIRECTION('',(0.,0.,-1.));
#5865 = DIRECTION('',(1.,0.,0.));
#5866 = PCURVE('',#5208,#5867);
#5867 = DEFINITIONAL_REPRESENTATION('',(#5868),#5872);
#5868 = LINE('',#5869,#5870);
#5869 = CARTESIAN_POINT('',(-6.28318530718,-3.));
#5870 = VECTOR('',#5871,1.);
#5871 = DIRECTION('',(1.,-0.));
#5872 = ( GEOMETRIC_REPRESENTATION_CONTEXT(2) 
PARAMETRIC_REPRESENTATION_CONTEXT() REPRESENTATION_CONTEXT('2D SPACE',''
  ) );
#5873 = PCURVE('',#5874,#5879);
#5874 = PLANE('',#5875);
#5875 = AXIS2_PLACEMENT_3D('',#5876,#5877,#5878);
#5876 = CARTESIAN_POINT('',(-30.,-20.,36.));
#5877 = DIRECTION('',(0.,0.,1.));
#5878 = DIRECTION('',(1.,0.,0.));
#5879 = DEFINITIONAL_REPRESENTATION('',(#5880),#5888);
#5880 = ( BOUNDED_CURVE() B_SPLINE_CURVE(2,(#5881,#5882,#5883,#5884,
#5885,#5886,#5887),.UNSPECIFIED.,.T.,.F.) B_SPLINE_CURVE_WITH_KNOTS((1,2
    ,2,2,2,1),(-2.094395102393,0.,2.094395102393,4.188790204786,
6.28318530718,8.377580409573),.UNSPECIFIED.) CURVE() 
GEOMETRIC_REPRESENTATION_ITEM() RATIONAL_B_SPLINE_CURVE((1.,0.5,1.,0.5,
1.,0.5,1.)) REPRESENTATION_ITEM('') );
#5881 = CARTESIAN_POINT('',(60.1,2.));
#5882 = CARTESIAN_POINT('',(60.1,-1.637306695895));
#5883 = CARTESIAN_POINT('',(56.95,0.181346652053));
#5884 = CARTESIAN_POINT('',(53.8,2.));
#5885 = CARTESIAN_POINT('',(56.95,3.818653347947));
#5886 = CARTESIAN_POINT('',(60.1,5.637306695895));
#5887 = CARTESIAN_POINT('',(60.1,2.));
#5888 = ( GEOMETRIC_REPRESENTATION_CONTEXT(2) 
PARAMETRIC_REPRESENTATION_CONTEXT() REPRESENTATION_CONTEXT('2D SPACE',''
  ) );
#5889 = ORIENTED_EDGE('',*,*,#5890,.T.);
#5890 = EDGE_CURVE('',#5858,#5891,#5893,.T.);
#5891 = VERTEX_POINT('',#5892);
#5892 = CARTESIAN_POINT('',(28.640312423743,-20.,33.));
#5893 = SURFACE_CURVE('',#5894,(#5898,#5904),.PCURVE_S1.);
#5894 = LINE('',#5895,#5896);
#5895 = CARTESIAN_POINT('',(28.640312423743,-20.,33.));
#5896 = VECTOR('',#5897,1.);
#5897 = DIRECTION('',(-0.,-0.,-1.));
#5898 = PCURVE('',#5208,#5899);
#5899 = DEFINITIONAL_REPRESENTATION('',(#5900),#5903);
#5900 = B_SPLINE_CURVE_WITH_KNOTS('',1,(#5901,#5902),.UNSPECIFIED.,.F.,
  .F.,(2,2),(-4.6,5.999999999062E-07),.PIECEWISE_BEZIER_KNOTS.);
#5901 = CARTESIAN_POINT('',(-5.022233620126,-4.6));
#5902 = CARTESIAN_POINT('',(-5.022233620126,5.999999999062E-07));
#5903 = ( GEOMETRIC_REPRESENTATION_CONTEXT(2) 
PARAMETRIC_REPRESENTATION_CONTEXT() REPRESENTATION_CONTEXT('2D SPACE',''
  ) );
#5904 = PCURVE('',#5582,#5905);
#5905 = DEFINITIONAL_REPRESENTATION('',(#5906),#5909);
#5906 = B_SPLINE_CURVE_WITH_KNOTS('',1,(#5907,#5908),.UNSPECIFIED.,.F.,
  .F.,(2,2),(-4.6,5.999999999062E-07),.PIECEWISE_BEZIER_KNOTS.);
#5907 = CARTESIAN_POINT('',(17.6,58.640312423743));
#5908 = CARTESIAN_POINT('',(12.9999994,58.640312423743));
#5909 = ( GEOMETRIC_REPRESENTATION_CONTEXT(2) 
PARAMETRIC_REPRESENTATION_CONTEXT() REPRESENTATION_CONTEXT('2D SPACE',''
  ) );
#5910 = ORIENTED_EDGE('',*,*,#5911,.F.);
#5911 = EDGE_CURVE('',#5912,#5891,#5914,.T.);
#5912 = VERTEX_POINT('',#5913);
#5913 = CARTESIAN_POINT('',(27.359687576257,-20.,33.));
#5914 = SURFACE_CURVE('',#5915,(#5920,#5927),.PCURVE_S1.);
#5915 = CIRCLE('',#5916,2.1);
#5916 = AXIS2_PLACEMENT_3D('',#5917,#5918,#5919);
#5917 = CARTESIAN_POINT('',(28.,-18.,33.));
#5918 = DIRECTION('',(0.,0.,1.));
#5919 = DIRECTION('',(1.,0.,0.));
#5920 = PCURVE('',#5208,#5921);
#5921 = DEFINITIONAL_REPRESENTATION('',(#5922),#5926);
#5922 = LINE('',#5923,#5924);
#5923 = CARTESIAN_POINT('',(-0.,0.));
#5924 = VECTOR('',#5925,1.);
#5925 = DIRECTION('',(-1.,0.));
#5926 = ( GEOMETRIC_REPRESENTATION_CONTEXT(2) 
PARAMETRIC_REPRESENTATION_CONTEXT() REPRESENTATION_CONTEXT('2D SPACE',''
  ) );
#5927 = PCURVE('',#5928,#5933);
#5928 = PLANE('',#5929);
#5929 = AXIS2_PLACEMENT_3D('',#5930,#5931,#5932);
#5930 = CARTESIAN_POINT('',(28.,-18.,33.));
#5931 = DIRECTION('',(0.,0.,1.));
#5932 = DIRECTION('',(1.,0.,-0.));
#5933 = DEFINITIONAL_REPRESENTATION('',(#5934),#5938);
#5934 = CIRCLE('',#5935,2.1);
#5935 = AXIS2_PLACEMENT_2D('',#5936,#5937);
#5936 = CARTESIAN_POINT('',(0.,0.));
#5937 = DIRECTION('',(1.,0.));
#5938 = ( GEOMETRIC_REPRESENTATION_CONTEXT(2) 
PARAMETRIC_REPRESENTATION_CONTEXT() REPRESENTATION_CONTEXT('2D SPACE',''
  ) );
#5939 = ORIENTED_EDGE('',*,*,#5940,.F.);
#5940 = EDGE_CURVE('',#5941,#5912,#5943,.T.);
#5941 = VERTEX_POINT('',#5942);
#5942 = CARTESIAN_POINT('',(27.359687576257,-20.,36.));
#5943 = SURFACE_CURVE('',#5944,(#5948,#5954),.PCURVE_S1.);
#5944 = LINE('',#5945,#5946);
#5945 = CARTESIAN_POINT('',(27.359687576257,-20.,33.));
#5946 = VECTOR('',#5947,1.);
#5947 = DIRECTION('',(-0.,-0.,-1.));
#5948 = PCURVE('',#5208,#5949);
#5949 = DEFINITIONAL_REPRESENTATION('',(#5950),#5953);
#5950 = B_SPLINE_CURVE_WITH_KNOTS('',1,(#5951,#5952),.UNSPECIFIED.,.F.,
  .F.,(2,2),(-4.6,5.999999999062E-07),.PIECEWISE_BEZIER_KNOTS.);
#5951 = CARTESIAN_POINT('',(-4.402544340643,-4.6));
#5952 = CARTESIAN_POINT('',(-4.402544340643,5.999999999062E-07));
#5953 = ( GEOMETRIC_REPRESENTATION_CONTEXT(2) 
PARAMETRIC_REPRESENTATION_CONTEXT() REPRESENTATION_CONTEXT('2D SPACE',''
  ) );
#5954 = PCURVE('',#5582,#5955);
#5955 = DEFINITIONAL_REPRESENTATION('',(#5956),#5959);
#5956 = B_SPLINE_CURVE_WITH_KNOTS('',1,(#5957,#5958),.UNSPECIFIED.,.F.,
  .F.,(2,2),(-4.6,5.999999999062E-07),.PIECEWISE_BEZIER_KNOTS.);
#5957 = CARTESIAN_POINT('',(17.6,57.359687576257));
#5958 = CARTESIAN_POINT('',(12.9999994,57.359687576257));
#5959 = ( GEOMETRIC_REPRESENTATION_CONTEXT(2) 
PARAMETRIC_REPRESENTATION_CONTEXT() REPRESENTATION_CONTEXT('2D SPACE',''
  ) );
#5960 = ORIENTED_EDGE('',*,*,#5961,.T.);
#5961 = EDGE_CURVE('',#5941,#5962,#5964,.T.);
#5962 = VERTEX_POINT('',#5963);
#5963 = CARTESIAN_POINT('',(30.,-17.35968757625,36.));
#5964 = SURFACE_CURVE('',#5965,(#5970,#5977),.PCURVE_S1.);
#5965 = CIRCLE('',#5966,2.1);
#5966 = AXIS2_PLACEMENT_3D('',#5967,#5968,#5969);
#5967 = CARTESIAN_POINT('',(28.,-18.,36.));
#5968 = DIRECTION('',(0.,0.,-1.));
#5969 = DIRECTION('',(1.,0.,0.));
#5970 = PCURVE('',#5208,#5971);
#5971 = DEFINITIONAL_REPRESENTATION('',(#5972),#5976);
#5972 = LINE('',#5973,#5974);
#5973 = CARTESIAN_POINT('',(-6.28318530718,-3.));
#5974 = VECTOR('',#5975,1.);
#5975 = DIRECTION('',(1.,-0.));
#5976 = ( GEOMETRIC_REPRESENTATION_CONTEXT(2) 
PARAMETRIC_REPRESENTATION_CONTEXT() REPRESENTATION_CONTEXT('2D SPACE',''
  ) );
#5977 = PCURVE('',#5500,#5978);
#5978 = DEFINITIONAL_REPRESENTATION('',(#5979),#5987);
#5979 = ( BOUNDED_CURVE() B_SPLINE_CURVE(2,(#5980,#5981,#5982,#5983,
#5984,#5985,#5986),.UNSPECIFIED.,.T.,.F.) B_SPLINE_CURVE_WITH_KNOTS((1,2
    ,2,2,2,1),(-2.094395102393,0.,2.094395102393,4.188790204786,
6.28318530718,8.377580409573),.UNSPECIFIED.) CURVE() 
GEOMETRIC_REPRESENTATION_ITEM() RATIONAL_B_SPLINE_CURVE((1.,0.5,1.,0.5,
1.,0.5,1.)) REPRESENTATION_ITEM('') );
#5980 = CARTESIAN_POINT('',(60.1,2.));
#5981 = CARTESIAN_POINT('',(60.1,-1.637306695895));
#5982 = CARTESIAN_POINT('',(56.95,0.181346652053));
#5983 = CARTESIAN_POINT('',(53.8,2.));
#5984 = CARTESIAN_POINT('',(56.95,3.818653347947));
#5985 = CARTESIAN_POINT('',(60.1,5.637306695895));
#5986 = CARTESIAN_POINT('',(60.1,2.));
#5987 = ( GEOMETRIC_REPRESENTATION_CONTEXT(2) 
PARAMETRIC_REPRESENTATION_CONTEXT() REPRESENTATION_CONTEXT('2D SPACE',''
  ) );
#5988 = ORIENTED_EDGE('',*,*,#5989,.T.);
#5989 = EDGE_CURVE('',#5962,#5756,#5990,.T.);
#5990 = SURFACE_CURVE('',#5991,(#5995,#6001),.PCURVE_S1.);
#5991 = LINE('',#5992,#5993);
#5992 = CARTESIAN_POINT('',(30.,-17.35968757625,33.));
#5993 = VECTOR('',#5994,1.);
#5994 = DIRECTION('',(-0.,-0.,-1.));
#5995 = PCURVE('',#5208,#5996);
#5996 = DEFINITIONAL_REPRESENTATION('',(#5997),#6000);
#5997 = B_SPLINE_CURVE_WITH_KNOTS('',1,(#5998,#5999),.UNSPECIFIED.,.F.,
  .F.,(2,2),(-4.6,5.999999999062E-07),.PIECEWISE_BEZIER_KNOTS.);
#5998 = CARTESIAN_POINT('',(-0.309844639742,-4.6));
#5999 = CARTESIAN_POINT('',(-0.309844639742,5.999999999062E-07));
#6000 = ( GEOMETRIC_REPRESENTATION_CONTEXT(2) 
PARAMETRIC_REPRESENTATION_CONTEXT() REPRESENTATION_CONTEXT('2D SPACE',''
  ) );
#6001 = PCURVE('',#5846,#6002);
#6002 = DEFINITIONAL_REPRESENTATION('',(#6003),#6006);
#6003 = B_SPLINE_CURVE_WITH_KNOTS('',1,(#6004,#6005),.UNSPECIFIED.,.F.,
  .F.,(2,2),(-4.6,5.999999999062E-07),.PIECEWISE_BEZIER_KNOTS.);
#6004 = CARTESIAN_POINT('',(17.6,-2.640312423743));
#6005 = CARTESIAN_POINT('',(12.9999994,-2.640312423743));
#6006 = ( GEOMETRIC_REPRESENTATION_CONTEXT(2) 
PARAMETRIC_REPRESENTATION_CONTEXT() REPRESENTATION_CONTEXT('2D SPACE',''
  ) );
#6007 = ADVANCED_FACE('',(#6008),#5243,.F.);
#6008 = FACE_BOUND('',#6009,.T.);
#6009 = EDGE_LOOP('',(#6010,#6040,#6061,#6062,#6063,#6091,#6112,#6141,
    #6162,#6195,#6221,#6250));
#6010 = ORIENTED_EDGE('',*,*,#6011,.T.);
#6011 = EDGE_CURVE('',#6012,#6014,#6016,.T.);
#6012 = VERTEX_POINT('',#6013);
#6013 = CARTESIAN_POINT('',(-27.35968757625,20.,36.));
#6014 = VERTEX_POINT('',#6015);
#6015 = CARTESIAN_POINT('',(-25.9,18.,36.));
#6016 = SURFACE_CURVE('',#6017,(#6022,#6029),.PCURVE_S1.);
#6017 = CIRCLE('',#6018,2.1);
#6018 = AXIS2_PLACEMENT_3D('',#6019,#6020,#6021);
#6019 = CARTESIAN_POINT('',(-28.,18.,36.));
#6020 = DIRECTION('',(0.,0.,-1.));
#6021 = DIRECTION('',(1.,0.,0.));
#6022 = PCURVE('',#5243,#6023);
#6023 = DEFINITIONAL_REPRESENTATION('',(#6024),#6028);
#6024 = LINE('',#6025,#6026);
#6025 = CARTESIAN_POINT('',(-6.28318530718,-3.));
#6026 = VECTOR('',#6027,1.);
#6027 = DIRECTION('',(1.,-0.));
#6028 = ( GEOMETRIC_REPRESENTATION_CONTEXT(2) 
PARAMETRIC_REPRESENTATION_CONTEXT() REPRESENTATION_CONTEXT('2D SPACE',''
  ) );
#6029 = PCURVE('',#5500,#6030);
#6030 = DEFINITIONAL_REPRESENTATION('',(#6031),#6039);
#6031 = ( BOUNDED_CURVE() B_SPLINE_CURVE(2,(#6032,#6033,#6034,#6035,
#6036,#6037,#6038),.UNSPECIFIED.,.T.,.F.) B_SPLINE_CURVE_WITH_KNOTS((1,2
    ,2,2,2,1),(-2.094395102393,0.,2.094395102393,4.188790204786,
6.28318530718,8.377580409573),.UNSPECIFIED.) CURVE() 
GEOMETRIC_REPRESENTATION_ITEM() RATIONAL_B_SPLINE_CURVE((1.,0.5,1.,0.5,
1.,0.5,1.)) REPRESENTATION_ITEM('') );
#6032 = CARTESIAN_POINT('',(4.1,38.));
#6033 = CARTESIAN_POINT('',(4.1,34.362693304105));
#6034 = CARTESIAN_POINT('',(0.95,36.181346652053));
#6035 = CARTESIAN_POINT('',(-2.2,38.));
#6036 = CARTESIAN_POINT('',(0.95,39.818653347947));
#6037 = CARTESIAN_POINT('',(4.1,41.637306695895));
#6038 = CARTESIAN_POINT('',(4.1,38.));
#6039 = ( GEOMETRIC_REPRESENTATION_CONTEXT(2) 
PARAMETRIC_REPRESENTATION_CONTEXT() REPRESENTATION_CONTEXT('2D SPACE',''
  ) );
#6040 = ORIENTED_EDGE('',*,*,#6041,.T.);
#6041 = EDGE_CURVE('',#6014,#5223,#6042,.T.);
#6042 = SEAM_CURVE('',#6043,(#6047,#6054),.PCURVE_S1.);
#6043 = LINE('',#6044,#6045);
#6044 = CARTESIAN_POINT('',(-25.9,18.,33.));
#6045 = VECTOR('',#6046,1.);
#6046 = DIRECTION('',(0.,0.,1.));
#6047 = PCURVE('',#5243,#6048);
#6048 = DEFINITIONAL_REPRESENTATION('',(#6049),#6053);
#6049 = LINE('',#6050,#6051);
#6050 = CARTESIAN_POINT('',(-6.28318530718,0.));
#6051 = VECTOR('',#6052,1.);
#6052 = DIRECTION('',(-0.,-1.));
#6053 = ( GEOMETRIC_REPRESENTATION_CONTEXT(2) 
PARAMETRIC_REPRESENTATION_CONTEXT() REPRESENTATION_CONTEXT('2D SPACE',''
  ) );
#6054 = PCURVE('',#5243,#6055);
#6055 = DEFINITIONAL_REPRESENTATION('',(#6056),#6060);
#6056 = LINE('',#6057,#6058);
#6057 = CARTESIAN_POINT('',(-0.,0.));
#6058 = VECTOR('',#6059,1.);
#6059 = DIRECTION('',(-0.,-1.));
#6060 = ( GEOMETRIC_REPRESENTATION_CONTEXT(2) 
PARAMETRIC_REPRESENTATION_CONTEXT() REPRESENTATION_CONTEXT('2D SPACE',''
  ) );
#6061 = ORIENTED_EDGE('',*,*,#5222,.F.);
#6062 = ORIENTED_EDGE('',*,*,#6041,.F.);
#6063 = ORIENTED_EDGE('',*,*,#6064,.T.);
#6064 = EDGE_CURVE('',#6014,#6065,#6067,.T.);
#6065 = VERTEX_POINT('',#6066);
#6066 = CARTESIAN_POINT('',(-30.,17.359687576257,36.));
#6067 = SURFACE_CURVE('',#6068,(#6073,#6080),.PCURVE_S1.);
#6068 = CIRCLE('',#6069,2.1);
#6069 = AXIS2_PLACEMENT_3D('',#6070,#6071,#6072);
#6070 = CARTESIAN_POINT('',(-28.,18.,36.));
#6071 = DIRECTION('',(0.,0.,-1.));
#6072 = DIRECTION('',(1.,0.,0.));
#6073 = PCURVE('',#5243,#6074);
#6074 = DEFINITIONAL_REPRESENTATION('',(#6075),#6079);
#6075 = LINE('',#6076,#6077);
#6076 = CARTESIAN_POINT('',(-6.28318530718,-3.));
#6077 = VECTOR('',#6078,1.);
#6078 = DIRECTION('',(1.,-0.));
#6079 = ( GEOMETRIC_REPRESENTATION_CONTEXT(2) 
PARAMETRIC_REPRESENTATION_CONTEXT() REPRESENTATION_CONTEXT('2D SPACE',''
  ) );
#6080 = PCURVE('',#5500,#6081);
#6081 = DEFINITIONAL_REPRESENTATION('',(#6082),#6090);
#6082 = ( BOUNDED_CURVE() B_SPLINE_CURVE(2,(#6083,#6084,#6085,#6086,
#6087,#6088,#6089),.UNSPECIFIED.,.T.,.F.) B_SPLINE_CURVE_WITH_KNOTS((1,2
    ,2,2,2,1),(-2.094395102393,0.,2.094395102393,4.188790204786,
6.28318530718,8.377580409573),.UNSPECIFIED.) CURVE() 
GEOMETRIC_REPRESENTATION_ITEM() RATIONAL_B_SPLINE_CURVE((1.,0.5,1.,0.5,
1.,0.5,1.)) REPRESENTATION_ITEM('') );
#6083 = CARTESIAN_POINT('',(4.1,38.));
#6084 = CARTESIAN_POINT('',(4.1,34.362693304105));
#6085 = CARTESIAN_POINT('',(0.95,36.181346652053));
#6086 = CARTESIAN_POINT('',(-2.2,38.));
#6087 = CARTESIAN_POINT('',(0.95,39.818653347947));
#6088 = CARTESIAN_POINT('',(4.1,41.637306695895));
#6089 = CARTESIAN_POINT('',(4.1,38.));
#6090 = ( GEOMETRIC_REPRESENTATION_CONTEXT(2) 
PARAMETRIC_REPRESENTATION_CONTEXT() REPRESENTATION_CONTEXT('2D SPACE',''
  ) );
#6091 = ORIENTED_EDGE('',*,*,#6092,.T.);
#6092 = EDGE_CURVE('',#6065,#6093,#6095,.T.);
#6093 = VERTEX_POINT('',#6094);
#6094 = CARTESIAN_POINT('',(-30.,17.359687576257,33.));
#6095 = SURFACE_CURVE('',#6096,(#6100,#6106),.PCURVE_S1.);
#6096 = LINE('',#6097,#6098);
#6097 = CARTESIAN_POINT('',(-30.,17.359687576257,33.));
#6098 = VECTOR('',#6099,1.);
#6099 = DIRECTION('',(-0.,-0.,-1.));
#6100 = PCURVE('',#5243,#6101);
#6101 = DEFINITIONAL_REPRESENTATION('',(#6102),#6105);
#6102 = B_SPLINE_CURVE_WITH_KNOTS('',1,(#6103,#6104),.UNSPECIFIED.,.F.,
  .F.,(2,2),(-4.6,5.999999999062E-07),.PIECEWISE_BEZIER_KNOTS.);
#6103 = CARTESIAN_POINT('',(-3.451437293331,-4.6));
#6104 = CARTESIAN_POINT('',(-3.451437293331,5.999999999062E-07));
#6105 = ( GEOMETRIC_REPRESENTATION_CONTEXT(2) 
PARAMETRIC_REPRESENTATION_CONTEXT() REPRESENTATION_CONTEXT('2D SPACE',''
  ) );
#6106 = PCURVE('',#5691,#6107);
#6107 = DEFINITIONAL_REPRESENTATION('',(#6108),#6111);
#6108 = B_SPLINE_CURVE_WITH_KNOTS('',1,(#6109,#6110),.UNSPECIFIED.,.F.,
  .F.,(2,2),(-4.6,5.999999999062E-07),.PIECEWISE_BEZIER_KNOTS.);
#6109 = CARTESIAN_POINT('',(17.6,-37.35968757625));
#6110 = CARTESIAN_POINT('',(12.9999994,-37.35968757625));
#6111 = ( GEOMETRIC_REPRESENTATION_CONTEXT(2) 
PARAMETRIC_REPRESENTATION_CONTEXT() REPRESENTATION_CONTEXT('2D SPACE',''
  ) );
#6112 = ORIENTED_EDGE('',*,*,#6113,.F.);
#6113 = EDGE_CURVE('',#6114,#6093,#6116,.T.);
#6114 = VERTEX_POINT('',#6115);
#6115 = CARTESIAN_POINT('',(-30.,18.640312423743,33.));
#6116 = SURFACE_CURVE('',#6117,(#6122,#6129),.PCURVE_S1.);
#6117 = CIRCLE('',#6118,2.1);
#6118 = AXIS2_PLACEMENT_3D('',#6119,#6120,#6121);
#6119 = CARTESIAN_POINT('',(-28.,18.,33.));
#6120 = DIRECTION('',(0.,0.,1.));
#6121 = DIRECTION('',(1.,0.,0.));
#6122 = PCURVE('',#5243,#6123);
#6123 = DEFINITIONAL_REPRESENTATION('',(#6124),#6128);
#6124 = LINE('',#6125,#6126);
#6125 = CARTESIAN_POINT('',(-0.,0.));
#6126 = VECTOR('',#6127,1.);
#6127 = DIRECTION('',(-1.,0.));
#6128 = ( GEOMETRIC_REPRESENTATION_CONTEXT(2) 
PARAMETRIC_REPRESENTATION_CONTEXT() REPRESENTATION_CONTEXT('2D SPACE',''
  ) );
#6129 = PCURVE('',#6130,#6135);
#6130 = PLANE('',#6131);
#6131 = AXIS2_PLACEMENT_3D('',#6132,#6133,#6134);
#6132 = CARTESIAN_POINT('',(-28.,18.,33.));
#6133 = DIRECTION('',(0.,0.,1.));
#6134 = DIRECTION('',(1.,0.,-0.));
#6135 = DEFINITIONAL_REPRESENTATION('',(#6136),#6140);
#6136 = CIRCLE('',#6137,2.1);
#6137 = AXIS2_PLACEMENT_2D('',#6138,#6139);
#6138 = CARTESIAN_POINT('',(0.,0.));
#6139 = DIRECTION('',(1.,0.));
#6140 = ( GEOMETRIC_REPRESENTATION_CONTEXT(2) 
PARAMETRIC_REPRESENTATION_CONTEXT() REPRESENTATION_CONTEXT('2D SPACE',''
  ) );
#6141 = ORIENTED_EDGE('',*,*,#6142,.F.);
#6142 = EDGE_CURVE('',#6143,#6114,#6145,.T.);
#6143 = VERTEX_POINT('',#6144);
#6144 = CARTESIAN_POINT('',(-30.,18.640312423743,36.));
#6145 = SURFACE_CURVE('',#6146,(#6150,#6156),.PCURVE_S1.);
#6146 = LINE('',#6147,#6148);
#6147 = CARTESIAN_POINT('',(-30.,18.640312423743,33.));
#6148 = VECTOR('',#6149,1.);
#6149 = DIRECTION('',(-0.,-0.,-1.));
#6150 = PCURVE('',#5243,#6151);
#6151 = DEFINITIONAL_REPRESENTATION('',(#6152),#6155);
#6152 = B_SPLINE_CURVE_WITH_KNOTS('',1,(#6153,#6154),.UNSPECIFIED.,.F.,
  .F.,(2,2),(-4.6,5.999999999062E-07),.PIECEWISE_BEZIER_KNOTS.);
#6153 = CARTESIAN_POINT('',(-2.831748013848,-4.6));
#6154 = CARTESIAN_POINT('',(-2.831748013848,5.999999999062E-07));
#6155 = ( GEOMETRIC_REPRESENTATION_CONTEXT(2) 
PARAMETRIC_REPRESENTATION_CONTEXT() REPRESENTATION_CONTEXT('2D SPACE',''
  ) );
#6156 = PCURVE('',#5691,#6157);
#6157 = DEFINITIONAL_REPRESENTATION('',(#6158),#6161);
#6158 = B_SPLINE_CURVE_WITH_KNOTS('',1,(#6159,#6160),.UNSPECIFIED.,.F.,
  .F.,(2,2),(-4.6,5.999999999062E-07),.PIECEWISE_BEZIER_KNOTS.);
#6159 = CARTESIAN_POINT('',(17.6,-38.64031242374));
#6160 = CARTESIAN_POINT('',(12.9999994,-38.64031242374));
#6161 = ( GEOMETRIC_REPRESENTATION_CONTEXT(2) 
PARAMETRIC_REPRESENTATION_CONTEXT() REPRESENTATION_CONTEXT('2D SPACE',''
  ) );
#6162 = ORIENTED_EDGE('',*,*,#6163,.T.);
#6163 = EDGE_CURVE('',#6143,#6164,#6166,.T.);
#6164 = VERTEX_POINT('',#6165);
#6165 = CARTESIAN_POINT('',(-28.64031242374,20.,36.));
#6166 = SURFACE_CURVE('',#6167,(#6172,#6179),.PCURVE_S1.);
#6167 = CIRCLE('',#6168,2.1);
#6168 = AXIS2_PLACEMENT_3D('',#6169,#6170,#6171);
#6169 = CARTESIAN_POINT('',(-28.,18.,36.));
#6170 = DIRECTION('',(0.,0.,-1.));
#6171 = DIRECTION('',(1.,0.,0.));
#6172 = PCURVE('',#5243,#6173);
#6173 = DEFINITIONAL_REPRESENTATION('',(#6174),#6178);
#6174 = LINE('',#6175,#6176);
#6175 = CARTESIAN_POINT('',(-6.28318530718,-3.));
#6176 = VECTOR('',#6177,1.);
#6177 = DIRECTION('',(1.,-0.));
#6178 = ( GEOMETRIC_REPRESENTATION_CONTEXT(2) 
PARAMETRIC_REPRESENTATION_CONTEXT() REPRESENTATION_CONTEXT('2D SPACE',''
  ) );
#6179 = PCURVE('',#6180,#6185);
#6180 = PLANE('',#6181);
#6181 = AXIS2_PLACEMENT_3D('',#6182,#6183,#6184);
#6182 = CARTESIAN_POINT('',(-30.,-20.,36.));
#6183 = DIRECTION('',(0.,0.,1.));
#6184 = DIRECTION('',(1.,0.,0.));
#6185 = DEFINITIONAL_REPRESENTATION('',(#6186),#6194);
#6186 = ( BOUNDED_CURVE() B_SPLINE_CURVE(2,(#6187,#6188,#6189,#6190,
#6191,#6192,#6193),.UNSPECIFIED.,.T.,.F.) B_SPLINE_CURVE_WITH_KNOTS((1,2
    ,2,2,2,1),(-2.094395102393,0.,2.094395102393,4.188790204786,
6.28318530718,8.377580409573),.UNSPECIFIED.) CURVE() 
GEOMETRIC_REPRESENTATION_ITEM() RATIONAL_B_SPLINE_CURVE((1.,0.5,1.,0.5,
1.,0.5,1.)) REPRESENTATION_ITEM('') );
#6187 = CARTESIAN_POINT('',(4.1,38.));
#6188 = CARTESIAN_POINT('',(4.1,34.362693304105));
#6189 = CARTESIAN_POINT('',(0.95,36.181346652053));
#6190 = CARTESIAN_POINT('',(-2.2,38.));
#6191 = CARTESIAN_POINT('',(0.95,39.818653347947));
#6192 = CARTESIAN_POINT('',(4.1,41.637306695895));
#6193 = CARTESIAN_POINT('',(4.1,38.));
#6194 = ( GEOMETRIC_REPRESENTATION_CONTEXT(2) 
PARAMETRIC_REPRESENTATION_CONTEXT() REPRESENTATION_CONTEXT('2D SPACE',''
  ) );
#6195 = ORIENTED_EDGE('',*,*,#6196,.T.);
#6196 = EDGE_CURVE('',#6164,#6197,#6199,.T.);
#6197 = VERTEX_POINT('',#6198);
#6198 = CARTESIAN_POINT('',(-28.64031242374,20.,33.));
#6199 = SURFACE_CURVE('',#6200,(#6204,#6210),.PCURVE_S1.);
#6200 = LINE('',#6201,#6202);
#6201 = CARTESIAN_POINT('',(-28.64031242374,20.,33.));
#6202 = VECTOR('',#6203,1.);
#6203 = DIRECTION('',(-0.,-0.,-1.));
#6204 = PCURVE('',#5243,#6205);
#6205 = DEFINITIONAL_REPRESENTATION('',(#6206),#6209);
#6206 = B_SPLINE_CURVE_WITH_KNOTS('',1,(#6207,#6208),.UNSPECIFIED.,.F.,
  .F.,(2,2),(-4.6,5.999999999062E-07),.PIECEWISE_BEZIER_KNOTS.);
#6207 = CARTESIAN_POINT('',(-1.880640966537,-4.6));
#6208 = CARTESIAN_POINT('',(-1.880640966537,5.999999999062E-07));
#6209 = ( GEOMETRIC_REPRESENTATION_CONTEXT(2) 
PARAMETRIC_REPRESENTATION_CONTEXT() REPRESENTATION_CONTEXT('2D SPACE',''
  ) );
#6210 = PCURVE('',#6211,#6216);
#6211 = PLANE('',#6212);
#6212 = AXIS2_PLACEMENT_3D('',#6213,#6214,#6215);
#6213 = CARTESIAN_POINT('',(-30.,20.,20.));
#6214 = DIRECTION('',(0.,1.,0.));
#6215 = DIRECTION('',(0.,0.,1.));
#6216 = DEFINITIONAL_REPRESENTATION('',(#6217),#6220);
#6217 = B_SPLINE_CURVE_WITH_KNOTS('',1,(#6218,#6219),.UNSPECIFIED.,.F.,
  .F.,(2,2),(-4.6,5.999999999062E-07),.PIECEWISE_BEZIER_KNOTS.);
#6218 = CARTESIAN_POINT('',(17.6,1.359687576257));
#6219 = CARTESIAN_POINT('',(12.9999994,1.359687576257));
#6220 = ( GEOMETRIC_REPRESENTATION_CONTEXT(2) 
PARAMETRIC_REPRESENTATION_CONTEXT() REPRESENTATION_CONTEXT('2D SPACE',''
  ) );
#6221 = ORIENTED_EDGE('',*,*,#6222,.F.);
#6222 = EDGE_CURVE('',#6223,#6197,#6225,.T.);
#6223 = VERTEX_POINT('',#6224);
#6224 = CARTESIAN_POINT('',(-27.35968757625,20.,33.));
#6225 = SURFACE_CURVE('',#6226,(#6231,#6238),.PCURVE_S1.);
#6226 = CIRCLE('',#6227,2.1);
#6227 = AXIS2_PLACEMENT_3D('',#6228,#6229,#6230);
#6228 = CARTESIAN_POINT('',(-28.,18.,33.));
#6229 = DIRECTION('',(0.,0.,1.));
#6230 = DIRECTION('',(1.,0.,0.));
#6231 = PCURVE('',#5243,#6232);
#6232 = DEFINITIONAL_REPRESENTATION('',(#6233),#6237);
#6233 = LINE('',#6234,#6235);
#6234 = CARTESIAN_POINT('',(-0.,0.));
#6235 = VECTOR('',#6236,1.);
#6236 = DIRECTION('',(-1.,0.));
#6237 = ( GEOMETRIC_REPRESENTATION_CONTEXT(2) 
PARAMETRIC_REPRESENTATION_CONTEXT() REPRESENTATION_CONTEXT('2D SPACE',''
  ) );
#6238 = PCURVE('',#6239,#6244);
#6239 = PLANE('',#6240);
#6240 = AXIS2_PLACEMENT_3D('',#6241,#6242,#6243);
#6241 = CARTESIAN_POINT('',(-28.,18.,33.));
#6242 = DIRECTION('',(0.,0.,1.));
#6243 = DIRECTION('',(1.,0.,-0.));
#6244 = DEFINITIONAL_REPRESENTATION('',(#6245),#6249);
#6245 = CIRCLE('',#6246,2.1);
#6246 = AXIS2_PLACEMENT_2D('',#6247,#6248);
#6247 = CARTESIAN_POINT('',(0.,0.));
#6248 = DIRECTION('',(1.,0.));
#6249 = ( GEOMETRIC_REPRESENTATION_CONTEXT(2) 
PARAMETRIC_REPRESENTATION_CONTEXT() REPRESENTATION_CONTEXT('2D SPACE',''
  ) );
#6250 = ORIENTED_EDGE('',*,*,#6251,.F.);
#6251 = EDGE_CURVE('',#6012,#6223,#6252,.T.);
#6252 = SURFACE_CURVE('',#6253,(#6257,#6263),.PCURVE_S1.);
#6253 = LINE('',#6254,#6255);
#6254 = CARTESIAN_POINT('',(-27.35968757625,20.,33.));
#6255 = VECTOR('',#6256,1.);
#6256 = DIRECTION('',(-0.,-0.,-1.));
#6257 = PCURVE('',#5243,#6258);
#6258 = DEFINITIONAL_REPRESENTATION('',(#6259),#6262);
#6259 = B_SPLINE_CURVE_WITH_KNOTS('',1,(#6260,#6261),.UNSPECIFIED.,.F.,
  .F.,(2,2),(-4.6,5.999999999062E-07),.PIECEWISE_BEZIER_KNOTS.);
#6260 = CARTESIAN_POINT('',(-1.260951687053,-4.6));
#6261 = CARTESIAN_POINT('',(-1.260951687053,5.999999999062E-07));
#6262 = ( GEOMETRIC_REPRESENTATION_CONTEXT(2) 
PARAMETRIC_REPRESENTATION_CONTEXT() REPRESENTATION_CONTEXT('2D SPACE',''
  ) );
#6263 = PCURVE('',#6211,#6264);
#6264 = DEFINITIONAL_REPRESENTATION('',(#6265),#6268);
#6265 = B_SPLINE_CURVE_WITH_KNOTS('',1,(#6266,#6267),.UNSPECIFIED.,.F.,
  .F.,(2,2),(-4.6,5.999999999062E-07),.PIECEWISE_BEZIER_KNOTS.);
#6266 = CARTESIAN_POINT('',(17.6,2.640312423743));
#6267 = CARTESIAN_POINT('',(12.9999994,2.640312423743));
#6268 = ( GEOMETRIC_REPRESENTATION_CONTEXT(2) 
PARAMETRIC_REPRESENTATION_CONTEXT() REPRESENTATION_CONTEXT('2D SPACE',''
  ) );
#6269 = ADVANCED_FACE('',(#6270),#5278,.F.);
#6270 = FACE_BOUND('',#6271,.T.);
#6271 = EDGE_LOOP('',(#6272,#6303,#6324,#6325,#6326,#6350,#6371,#6399,
    #6420,#6449,#6470,#6503));
#6272 = ORIENTED_EDGE('',*,*,#6273,.F.);
#6273 = EDGE_CURVE('',#6274,#6276,#6278,.T.);
#6274 = VERTEX_POINT('',#6275);
#6275 = CARTESIAN_POINT('',(30.1,18.,33.));
#6276 = VERTEX_POINT('',#6277);
#6277 = CARTESIAN_POINT('',(30.,18.640312423743,33.));
#6278 = SURFACE_CURVE('',#6279,(#6284,#6291),.PCURVE_S1.);
#6279 = CIRCLE('',#6280,2.1);
#6280 = AXIS2_PLACEMENT_3D('',#6281,#6282,#6283);
#6281 = CARTESIAN_POINT('',(28.,18.,33.));
#6282 = DIRECTION('',(0.,0.,1.));
#6283 = DIRECTION('',(1.,0.,0.));
#6284 = PCURVE('',#5278,#6285);
#6285 = DEFINITIONAL_REPRESENTATION('',(#6286),#6290);
#6286 = LINE('',#6287,#6288);
#6287 = CARTESIAN_POINT('',(-0.,0.));
#6288 = VECTOR('',#6289,1.);
#6289 = DIRECTION('',(-1.,0.));
#6290 = ( GEOMETRIC_REPRESENTATION_CONTEXT(2) 
PARAMETRIC_REPRESENTATION_CONTEXT() REPRESENTATION_CONTEXT('2D SPACE',''
  ) );
#6291 = PCURVE('',#6292,#6297);
#6292 = PLANE('',#6293);
#6293 = AXIS2_PLACEMENT_3D('',#6294,#6295,#6296);
#6294 = CARTESIAN_POINT('',(28.,18.,33.));
#6295 = DIRECTION('',(0.,0.,1.));
#6296 = DIRECTION('',(1.,0.,-0.));
#6297 = DEFINITIONAL_REPRESENTATION('',(#6298),#6302);
#6298 = CIRCLE('',#6299,2.1);
#6299 = AXIS2_PLACEMENT_2D('',#6300,#6301);
#6300 = CARTESIAN_POINT('',(0.,0.));
#6301 = DIRECTION('',(1.,0.));
#6302 = ( GEOMETRIC_REPRESENTATION_CONTEXT(2) 
PARAMETRIC_REPRESENTATION_CONTEXT() REPRESENTATION_CONTEXT('2D SPACE',''
  ) );
#6303 = ORIENTED_EDGE('',*,*,#6304,.T.);
#6304 = EDGE_CURVE('',#6274,#5258,#6305,.T.);
#6305 = SEAM_CURVE('',#6306,(#6310,#6317),.PCURVE_S1.);
#6306 = LINE('',#6307,#6308);
#6307 = CARTESIAN_POINT('',(30.1,18.,33.));
#6308 = VECTOR('',#6309,1.);
#6309 = DIRECTION('',(0.,0.,1.));
#6310 = PCURVE('',#5278,#6311);
#6311 = DEFINITIONAL_REPRESENTATION('',(#6312),#6316);
#6312 = LINE('',#6313,#6314);
#6313 = CARTESIAN_POINT('',(-6.28318530718,0.));
#6314 = VECTOR('',#6315,1.);
#6315 = DIRECTION('',(-0.,-1.));
#6316 = ( GEOMETRIC_REPRESENTATION_CONTEXT(2) 
PARAMETRIC_REPRESENTATION_CONTEXT() REPRESENTATION_CONTEXT('2D SPACE',''
  ) );
#6317 = PCURVE('',#5278,#6318);
#6318 = DEFINITIONAL_REPRESENTATION('',(#6319),#6323);
#6319 = LINE('',#6320,#6321);
#6320 = CARTESIAN_POINT('',(-0.,0.));
#6321 = VECTOR('',#6322,1.);
#6322 = DIRECTION('',(-0.,-1.));
#6323 = ( GEOMETRIC_REPRESENTATION_CONTEXT(2) 
PARAMETRIC_REPRESENTATION_CONTEXT() REPRESENTATION_CONTEXT('2D SPACE',''
  ) );
#6324 = ORIENTED_EDGE('',*,*,#5257,.F.);
#6325 = ORIENTED_EDGE('',*,*,#6304,.F.);
#6326 = ORIENTED_EDGE('',*,*,#6327,.F.);
#6327 = EDGE_CURVE('',#6328,#6274,#6330,.T.);
#6328 = VERTEX_POINT('',#6329);
#6329 = CARTESIAN_POINT('',(30.,17.359687576257,33.));
#6330 = SURFACE_CURVE('',#6331,(#6336,#6343),.PCURVE_S1.);
#6331 = CIRCLE('',#6332,2.1);
#6332 = AXIS2_PLACEMENT_3D('',#6333,#6334,#6335);
#6333 = CARTESIAN_POINT('',(28.,18.,33.));
#6334 = DIRECTION('',(0.,0.,1.));
#6335 = DIRECTION('',(1.,0.,0.));
#6336 = PCURVE('',#5278,#6337);
#6337 = DEFINITIONAL_REPRESENTATION('',(#6338),#6342);
#6338 = LINE('',#6339,#6340);
#6339 = CARTESIAN_POINT('',(-0.,0.));
#6340 = VECTOR('',#6341,1.);
#6341 = DIRECTION('',(-1.,0.));
#6342 = ( GEOMETRIC_REPRESENTATION_CONTEXT(2) 
PARAMETRIC_REPRESENTATION_CONTEXT() REPRESENTATION_CONTEXT('2D SPACE',''
  ) );
#6343 = PCURVE('',#6292,#6344);
#6344 = DEFINITIONAL_REPRESENTATION('',(#6345),#6349);
#6345 = CIRCLE('',#6346,2.1);
#6346 = AXIS2_PLACEMENT_2D('',#6347,#6348);
#6347 = CARTESIAN_POINT('',(0.,0.));
#6348 = DIRECTION('',(1.,0.));
#6349 = ( GEOMETRIC_REPRESENTATION_CONTEXT(2) 
PARAMETRIC_REPRESENTATION_CONTEXT() REPRESENTATION_CONTEXT('2D SPACE',''
  ) );
#6350 = ORIENTED_EDGE('',*,*,#6351,.F.);
#6351 = EDGE_CURVE('',#6352,#6328,#6354,.T.);
#6352 = VERTEX_POINT('',#6353);
#6353 = CARTESIAN_POINT('',(30.,17.359687576257,36.));
#6354 = SURFACE_CURVE('',#6355,(#6359,#6365),.PCURVE_S1.);
#6355 = LINE('',#6356,#6357);
#6356 = CARTESIAN_POINT('',(30.,17.359687576257,33.));
#6357 = VECTOR('',#6358,1.);
#6358 = DIRECTION('',(-0.,-0.,-1.));
#6359 = PCURVE('',#5278,#6360);
#6360 = DEFINITIONAL_REPRESENTATION('',(#6361),#6364);
#6361 = B_SPLINE_CURVE_WITH_KNOTS('',1,(#6362,#6363),.UNSPECIFIED.,.F.,
  .F.,(2,2),(-4.6,5.999999999062E-07),.PIECEWISE_BEZIER_KNOTS.);
#6362 = CARTESIAN_POINT('',(-5.973340667438,-4.6));
#6363 = CARTESIAN_POINT('',(-5.973340667438,5.999999999062E-07));
#6364 = ( GEOMETRIC_REPRESENTATION_CONTEXT(2) 
PARAMETRIC_REPRESENTATION_CONTEXT() REPRESENTATION_CONTEXT('2D SPACE',''
  ) );
#6365 = PCURVE('',#5846,#6366);
#6366 = DEFINITIONAL_REPRESENTATION('',(#6367),#6370);
#6367 = B_SPLINE_CURVE_WITH_KNOTS('',1,(#6368,#6369),.UNSPECIFIED.,.F.,
  .F.,(2,2),(-4.6,5.999999999062E-07),.PIECEWISE_BEZIER_KNOTS.);
#6368 = CARTESIAN_POINT('',(17.6,-37.35968757625));
#6369 = CARTESIAN_POINT('',(12.9999994,-37.35968757625));
#6370 = ( GEOMETRIC_REPRESENTATION_CONTEXT(2) 
PARAMETRIC_REPRESENTATION_CONTEXT() REPRESENTATION_CONTEXT('2D SPACE',''
  ) );
#6371 = ORIENTED_EDGE('',*,*,#6372,.T.);
#6372 = EDGE_CURVE('',#6352,#6373,#6375,.T.);
#6373 = VERTEX_POINT('',#6374);
#6374 = CARTESIAN_POINT('',(27.359687576257,20.,36.));
#6375 = SURFACE_CURVE('',#6376,(#6381,#6388),.PCURVE_S1.);
#6376 = CIRCLE('',#6377,2.1);
#6377 = AXIS2_PLACEMENT_3D('',#6378,#6379,#6380);
#6378 = CARTESIAN_POINT('',(28.,18.,36.));
#6379 = DIRECTION('',(0.,0.,-1.));
#6380 = DIRECTION('',(1.,0.,0.));
#6381 = PCURVE('',#5278,#6382);
#6382 = DEFINITIONAL_REPRESENTATION('',(#6383),#6387);
#6383 = LINE('',#6384,#6385);
#6384 = CARTESIAN_POINT('',(-6.28318530718,-3.));
#6385 = VECTOR('',#6386,1.);
#6386 = DIRECTION('',(1.,-0.));
#6387 = ( GEOMETRIC_REPRESENTATION_CONTEXT(2) 
PARAMETRIC_REPRESENTATION_CONTEXT() REPRESENTATION_CONTEXT('2D SPACE',''
  ) );
#6388 = PCURVE('',#5500,#6389);
#6389 = DEFINITIONAL_REPRESENTATION('',(#6390),#6398);
#6390 = ( BOUNDED_CURVE() B_SPLINE_CURVE(2,(#6391,#6392,#6393,#6394,
#6395,#6396,#6397),.UNSPECIFIED.,.T.,.F.) B_SPLINE_CURVE_WITH_KNOTS((1,2
    ,2,2,2,1),(-2.094395102393,0.,2.094395102393,4.188790204786,
6.28318530718,8.377580409573),.UNSPECIFIED.) CURVE() 
GEOMETRIC_REPRESENTATION_ITEM() RATIONAL_B_SPLINE_CURVE((1.,0.5,1.,0.5,
1.,0.5,1.)) REPRESENTATION_ITEM('') );
#6391 = CARTESIAN_POINT('',(60.1,38.));
#6392 = CARTESIAN_POINT('',(60.1,34.362693304105));
#6393 = CARTESIAN_POINT('',(56.95,36.181346652053));
#6394 = CARTESIAN_POINT('',(53.8,38.));
#6395 = CARTESIAN_POINT('',(56.95,39.818653347947));
#6396 = CARTESIAN_POINT('',(60.1,41.637306695895));
#6397 = CARTESIAN_POINT('',(60.1,38.));
#6398 = ( GEOMETRIC_REPRESENTATION_CONTEXT(2) 
PARAMETRIC_REPRESENTATION_CONTEXT() REPRESENTATION_CONTEXT('2D SPACE',''
  ) );
#6399 = ORIENTED_EDGE('',*,*,#6400,.T.);
#6400 = EDGE_CURVE('',#6373,#6401,#6403,.T.);
#6401 = VERTEX_POINT('',#6402);
#6402 = CARTESIAN_POINT('',(27.359687576257,20.,33.));
#6403 = SURFACE_CURVE('',#6404,(#6408,#6414),.PCURVE_S1.);
#6404 = LINE('',#6405,#6406);
#6405 = CARTESIAN_POINT('',(27.359687576257,20.,33.));
#6406 = VECTOR('',#6407,1.);
#6407 = DIRECTION('',(-0.,-0.,-1.));
#6408 = PCURVE('',#5278,#6409);
#6409 = DEFINITIONAL_REPRESENTATION('',(#6410),#6413);
#6410 = B_SPLINE_CURVE_WITH_KNOTS('',1,(#6411,#6412),.UNSPECIFIED.,.F.,
  .F.,(2,2),(-4.6,5.999999999062E-07),.PIECEWISE_BEZIER_KNOTS.);
#6411 = CARTESIAN_POINT('',(-1.880640966537,-4.6));
#6412 = CARTESIAN_POINT('',(-1.880640966537,5.999999999062E-07));
#6413 = ( GEOMETRIC_REPRESENTATION_CONTEXT(2) 
PARAMETRIC_REPRESENTATION_CONTEXT() REPRESENTATION_CONTEXT('2D SPACE',''
  ) );
#6414 = PCURVE('',#6211,#6415);
#6415 = DEFINITIONAL_REPRESENTATION('',(#6416),#6419);
#6416 = B_SPLINE_CURVE_WITH_KNOTS('',1,(#6417,#6418),.UNSPECIFIED.,.F.,
  .F.,(2,2),(-4.6,5.999999999062E-07),.PIECEWISE_BEZIER_KNOTS.);
#6417 = CARTESIAN_POINT('',(17.6,57.359687576257));
#6418 = CARTESIAN_POINT('',(12.9999994,57.359687576257));
#6419 = ( GEOMETRIC_REPRESENTATION_CONTEXT(2) 
PARAMETRIC_REPRESENTATION_CONTEXT() REPRESENTATION_CONTEXT('2D SPACE',''
  ) );
#6420 = ORIENTED_EDGE('',*,*,#6421,.F.);
#6421 = EDGE_CURVE('',#6422,#6401,#6424,.T.);
#6422 = VERTEX_POINT('',#6423);
#6423 = CARTESIAN_POINT('',(28.640312423743,20.,33.));
#6424 = SURFACE_CURVE('',#6425,(#6430,#6437),.PCURVE_S1.);
#6425 = CIRCLE('',#6426,2.1);
#6426 = AXIS2_PLACEMENT_3D('',#6427,#6428,#6429);
#6427 = CARTESIAN_POINT('',(28.,18.,33.));
#6428 = DIRECTION('',(0.,0.,1.));
#6429 = DIRECTION('',(1.,0.,0.));
#6430 = PCURVE('',#5278,#6431);
#6431 = DEFINITIONAL_REPRESENTATION('',(#6432),#6436);
#6432 = LINE('',#6433,#6434);
#6433 = CARTESIAN_POINT('',(-0.,0.));
#6434 = VECTOR('',#6435,1.);
#6435 = DIRECTION('',(-1.,0.));
#6436 = ( GEOMETRIC_REPRESENTATION_CONTEXT(2) 
PARAMETRIC_REPRESENTATION_CONTEXT() REPRESENTATION_CONTEXT('2D SPACE',''
  ) );
#6437 = PCURVE('',#6438,#6443);
#6438 = PLANE('',#6439);
#6439 = AXIS2_PLACEMENT_3D('',#6440,#6441,#6442);
#6440 = CARTESIAN_POINT('',(28.,18.,33.));
#6441 = DIRECTION('',(0.,0.,1.));
#6442 = DIRECTION('',(1.,0.,-0.));
#6443 = DEFINITIONAL_REPRESENTATION('',(#6444),#6448);
#6444 = CIRCLE('',#6445,2.1);
#6445 = AXIS2_PLACEMENT_2D('',#6446,#6447);
#6446 = CARTESIAN_POINT('',(0.,0.));
#6447 = DIRECTION('',(1.,0.));
#6448 = ( GEOMETRIC_REPRESENTATION_CONTEXT(2) 
PARAMETRIC_REPRESENTATION_CONTEXT() REPRESENTATION_CONTEXT('2D SPACE',''
  ) );
#6449 = ORIENTED_EDGE('',*,*,#6450,.F.);
#6450 = EDGE_CURVE('',#6451,#6422,#6453,.T.);
#6451 = VERTEX_POINT('',#6452);
#6452 = CARTESIAN_POINT('',(28.640312423743,20.,36.));
#6453 = SURFACE_CURVE('',#6454,(#6458,#6464),.PCURVE_S1.);
#6454 = LINE('',#6455,#6456);
#6455 = CARTESIAN_POINT('',(28.640312423743,20.,33.));
#6456 = VECTOR('',#6457,1.);
#6457 = DIRECTION('',(-0.,-0.,-1.));
#6458 = PCURVE('',#5278,#6459);
#6459 = DEFINITIONAL_REPRESENTATION('',(#6460),#6463);
#6460 = B_SPLINE_CURVE_WITH_KNOTS('',1,(#6461,#6462),.UNSPECIFIED.,.F.,
  .F.,(2,2),(-4.6,5.999999999062E-07),.PIECEWISE_BEZIER_KNOTS.);
#6461 = CARTESIAN_POINT('',(-1.260951687053,-4.6));
#6462 = CARTESIAN_POINT('',(-1.260951687053,5.999999999062E-07));
#6463 = ( GEOMETRIC_REPRESENTATION_CONTEXT(2) 
PARAMETRIC_REPRESENTATION_CONTEXT() REPRESENTATION_CONTEXT('2D SPACE',''
  ) );
#6464 = PCURVE('',#6211,#6465);
#6465 = DEFINITIONAL_REPRESENTATION('',(#6466),#6469);
#6466 = B_SPLINE_CURVE_WITH_KNOTS('',1,(#6467,#6468),.UNSPECIFIED.,.F.,
  .F.,(2,2),(-4.6,5.999999999062E-07),.PIECEWISE_BEZIER_KNOTS.);
#6467 = CARTESIAN_POINT('',(17.6,58.640312423743));
#6468 = CARTESIAN_POINT('',(12.9999994,58.640312423743));
#6469 = ( GEOMETRIC_REPRESENTATION_CONTEXT(2) 
PARAMETRIC_REPRESENTATION_CONTEXT() REPRESENTATION_CONTEXT('2D SPACE',''
  ) );
#6470 = ORIENTED_EDGE('',*,*,#6471,.T.);
#6471 = EDGE_CURVE('',#6451,#6472,#6474,.T.);
#6472 = VERTEX_POINT('',#6473);
#6473 = CARTESIAN_POINT('',(30.,18.640312423743,36.));
#6474 = SURFACE_CURVE('',#6475,(#6480,#6487),.PCURVE_S1.);
#6475 = CIRCLE('',#6476,2.1);
#6476 = AXIS2_PLACEMENT_3D('',#6477,#6478,#6479);
#6477 = CARTESIAN_POINT('',(28.,18.,36.));
#6478 = DIRECTION('',(0.,0.,-1.));
#6479 = DIRECTION('',(1.,0.,0.));
#6480 = PCURVE('',#5278,#6481);
#6481 = DEFINITIONAL_REPRESENTATION('',(#6482),#6486);
#6482 = LINE('',#6483,#6484);
#6483 = CARTESIAN_POINT('',(-6.28318530718,-3.));
#6484 = VECTOR('',#6485,1.);
#6485 = DIRECTION('',(1.,-0.));
#6486 = ( GEOMETRIC_REPRESENTATION_CONTEXT(2) 
PARAMETRIC_REPRESENTATION_CONTEXT() REPRESENTATION_CONTEXT('2D SPACE',''
  ) );
#6487 = PCURVE('',#6488,#6493);
#6488 = PLANE('',#6489);
#6489 = AXIS2_PLACEMENT_3D('',#6490,#6491,#6492);
#6490 = CARTESIAN_POINT('',(-30.,-20.,36.));
#6491 = DIRECTION('',(0.,0.,1.));
#6492 = DIRECTION('',(1.,0.,0.));
#6493 = DEFINITIONAL_REPRESENTATION('',(#6494),#6502);
#6494 = ( BOUNDED_CURVE() B_SPLINE_CURVE(2,(#6495,#6496,#6497,#6498,
#6499,#6500,#6501),.UNSPECIFIED.,.T.,.F.) B_SPLINE_CURVE_WITH_KNOTS((1,2
    ,2,2,2,1),(-2.094395102393,0.,2.094395102393,4.188790204786,
6.28318530718,8.377580409573),.UNSPECIFIED.) CURVE() 
GEOMETRIC_REPRESENTATION_ITEM() RATIONAL_B_SPLINE_CURVE((1.,0.5,1.,0.5,
1.,0.5,1.)) REPRESENTATION_ITEM('') );
#6495 = CARTESIAN_POINT('',(60.1,38.));
#6496 = CARTESIAN_POINT('',(60.1,34.362693304105));
#6497 = CARTESIAN_POINT('',(56.95,36.181346652053));
#6498 = CARTESIAN_POINT('',(53.8,38.));
#6499 = CARTESIAN_POINT('',(56.95,39.818653347947));
#6500 = CARTESIAN_POINT('',(60.1,41.637306695895));
#6501 = CARTESIAN_POINT('',(60.1,38.));
#6502 = ( GEOMETRIC_REPRESENTATION_CONTEXT(2) 
PARAMETRIC_REPRESENTATION_CONTEXT() REPRESENTATION_CONTEXT('2D SPACE',''
  ) );
#6503 = ORIENTED_EDGE('',*,*,#6504,.T.);
#6504 = EDGE_CURVE('',#6472,#6276,#6505,.T.);
#6505 = SURFACE_CURVE('',#6506,(#6510,#6516),.PCURVE_S1.);
#6506 = LINE('',#6507,#6508);
#6507 = CARTESIAN_POINT('',(30.,18.640312423743,33.));
#6508 = VECTOR('',#6509,1.);
#6509 = DIRECTION('',(-0.,-0.,-1.));
#6510 = PCURVE('',#5278,#6511);
#6511 = DEFINITIONAL_REPRESENTATION('',(#6512),#6515);
#6512 = B_SPLINE_CURVE_WITH_KNOTS('',1,(#6513,#6514),.UNSPECIFIED.,.F.,
  .F.,(2,2),(-4.6,5.999999999062E-07),.PIECEWISE_BEZIER_KNOTS.);
#6513 = CARTESIAN_POINT('',(-0.309844639742,-4.6));
#6514 = CARTESIAN_POINT('',(-0.309844639742,5.999999999062E-07));
#6515 = ( GEOMETRIC_REPRESENTATION_CONTEXT(2) 
PARAMETRIC_REPRESENTATION_CONTEXT() REPRESENTATION_CONTEXT('2D SPACE',''
  ) );
#6516 = PCURVE('',#5846,#6517);
#6517 = DEFINITIONAL_REPRESENTATION('',(#6518),#6521);
#6518 = B_SPLINE_CURVE_WITH_KNOTS('',1,(#6519,#6520),.UNSPECIFIED.,.F.,
  .F.,(2,2),(-4.6,5.999999999062E-07),.PIECEWISE_BEZIER_KNOTS.);
#6519 = CARTESIAN_POINT('',(17.6,-38.64031242374));
#6520 = CARTESIAN_POINT('',(12.9999994,-38.64031242374));
#6521 = ( GEOMETRIC_REPRESENTATION_CONTEXT(2) 
PARAMETRIC_REPRESENTATION_CONTEXT() REPRESENTATION_CONTEXT('2D SPACE',''
  ) );
#6522 = ADVANCED_FACE('',(#6523),#5362,.F.);
#6523 = FACE_BOUND('',#6524,.T.);
#6524 = EDGE_LOOP('',(#6525,#6526,#6549,#6571));
#6525 = ORIENTED_EDGE('',*,*,#5341,.F.);
#6526 = ORIENTED_EDGE('',*,*,#6527,.T.);
#6527 = EDGE_CURVE('',#5342,#6528,#6530,.T.);
#6528 = VERTEX_POINT('',#6529);
#6529 = CARTESIAN_POINT('',(-16.5,20.,27.));
#6530 = SEAM_CURVE('',#6531,(#6535,#6542),.PCURVE_S1.);
#6531 = LINE('',#6532,#6533);
#6532 = CARTESIAN_POINT('',(-16.5,24.,27.));
#6533 = VECTOR('',#6534,1.);
#6534 = DIRECTION('',(0.,-1.,0.));
#6535 = PCURVE('',#5362,#6536);
#6536 = DEFINITIONAL_REPRESENTATION('',(#6537),#6541);
#6537 = LINE('',#6538,#6539);
#6538 = CARTESIAN_POINT('',(-6.28318530718,0.));
#6539 = VECTOR('',#6540,1.);
#6540 = DIRECTION('',(-0.,-1.));
#6541 = ( GEOMETRIC_REPRESENTATION_CONTEXT(2) 
PARAMETRIC_REPRESENTATION_CONTEXT() REPRESENTATION_CONTEXT('2D SPACE',''
  ) );
#6542 = PCURVE('',#5362,#6543);
#6543 = DEFINITIONAL_REPRESENTATION('',(#6544),#6548);
#6544 = LINE('',#6545,#6546);
#6545 = CARTESIAN_POINT('',(-0.,0.));
#6546 = VECTOR('',#6547,1.);
#6547 = DIRECTION('',(-0.,-1.));
#6548 = ( GEOMETRIC_REPRESENTATION_CONTEXT(2) 
PARAMETRIC_REPRESENTATION_CONTEXT() REPRESENTATION_CONTEXT('2D SPACE',''
  ) );
#6549 = ORIENTED_EDGE('',*,*,#6550,.F.);
#6550 = EDGE_CURVE('',#6528,#6528,#6551,.T.);
#6551 = SURFACE_CURVE('',#6552,(#6557,#6564),.PCURVE_S1.);
#6552 = CIRCLE('',#6553,3.5);
#6553 = AXIS2_PLACEMENT_3D('',#6554,#6555,#6556);
#6554 = CARTESIAN_POINT('',(-20.,20.,27.));
#6555 = DIRECTION('',(-0.,1.,0.));
#6556 = DIRECTION('',(1.,0.,0.));
#6557 = PCURVE('',#5362,#6558);
#6558 = DEFINITIONAL_REPRESENTATION('',(#6559),#6563);
#6559 = LINE('',#6560,#6561);
#6560 = CARTESIAN_POINT('',(-6.28318530718,-4.));
#6561 = VECTOR('',#6562,1.);
#6562 = DIRECTION('',(1.,-0.));
#6563 = ( GEOMETRIC_REPRESENTATION_CONTEXT(2) 
PARAMETRIC_REPRESENTATION_CONTEXT() REPRESENTATION_CONTEXT('2D SPACE',''
  ) );
#6564 = PCURVE('',#6211,#6565);
#6565 = DEFINITIONAL_REPRESENTATION('',(#6566),#6570);
#6566 = CIRCLE('',#6567,3.5);
#6567 = AXIS2_PLACEMENT_2D('',#6568,#6569);
#6568 = CARTESIAN_POINT('',(7.,10.));
#6569 = DIRECTION('',(0.,1.));
#6570 = ( GEOMETRIC_REPRESENTATION_CONTEXT(2) 
PARAMETRIC_REPRESENTATION_CONTEXT() REPRESENTATION_CONTEXT('2D SPACE',''
  ) );
#6571 = ORIENTED_EDGE('',*,*,#6527,.F.);
#6572 = ADVANCED_FACE('',(#6573),#5397,.F.);
#6573 = FACE_BOUND('',#6574,.T.);
#6574 = EDGE_LOOP('',(#6575,#6576,#6599,#6621));
#6575 = ORIENTED_EDGE('',*,*,#5376,.F.);
#6576 = ORIENTED_EDGE('',*,*,#6577,.T.);
#6577 = EDGE_CURVE('',#5377,#6578,#6580,.T.);
#6578 = VERTEX_POINT('',#6579);
#6579 = CARTESIAN_POINT('',(3.5,20.,27.));
#6580 = SEAM_CURVE('',#6581,(#6585,#6592),.PCURVE_S1.);
#6581 = LINE('',#6582,#6583);
#6582 = CARTESIAN_POINT('',(3.5,24.,27.));
#6583 = VECTOR('',#6584,1.);
#6584 = DIRECTION('',(0.,-1.,0.));
#6585 = PCURVE('',#5397,#6586);
#6586 = DEFINITIONAL_REPRESENTATION('',(#6587),#6591);
#6587 = LINE('',#6588,#6589);
#6588 = CARTESIAN_POINT('',(-6.28318530718,0.));
#6589 = VECTOR('',#6590,1.);
#6590 = DIRECTION('',(-0.,-1.));
#6591 = ( GEOMETRIC_REPRESENTATION_CONTEXT(2) 
PARAMETRIC_REPRESENTATION_CONTEXT() REPRESENTATION_CONTEXT('2D SPACE',''
  ) );
#6592 = PCURVE('',#5397,#6593);
#6593 = DEFINITIONAL_REPRESENTATION('',(#6594),#6598);
#6594 = LINE('',#6595,#6596);
#6595 = CARTESIAN_POINT('',(-0.,0.));
#6596 = VECTOR('',#6597,1.);
#6597 = DIRECTION('',(-0.,-1.));
#6598 = ( GEOMETRIC_REPRESENTATION_CONTEXT(2) 
PARAMETRIC_REPRESENTATION_CONTEXT() REPRESENTATION_CONTEXT('2D SPACE',''
  ) );
#6599 = ORIENTED_EDGE('',*,*,#6600,.F.);
#6600 = EDGE_CURVE('',#6578,#6578,#6601,.T.);
#6601 = SURFACE_CURVE('',#6602,(#6607,#6614),.PCURVE_S1.);
#6602 = CIRCLE('',#6603,3.5);
#6603 = AXIS2_PLACEMENT_3D('',#6604,#6605,#6606);
#6604 = CARTESIAN_POINT('',(0.,20.,27.));
#6605 = DIRECTION('',(-0.,1.,0.));
#6606 = DIRECTION('',(1.,0.,0.));
#6607 = PCURVE('',#5397,#6608);
#6608 = DEFINITIONAL_REPRESENTATION('',(#6609),#6613);
#6609 = LINE('',#6610,#6611);
#6610 = CARTESIAN_POINT('',(-6.28318530718,-4.));
#6611 = VECTOR('',#6612,1.);
#6612 = DIRECTION('',(1.,-0.));
#6613 = ( GEOMETRIC_REPRESENTATION_CONTEXT(2) 
PARAMETRIC_REPRESENTATION_CONTEXT() REPRESENTATION_CONTEXT('2D SPACE',''
  ) );
#6614 = PCURVE('',#6211,#6615);
#6615 = DEFINITIONAL_REPRESENTATION('',(#6616),#6620);
#6616 = CIRCLE('',#6617,3.5);
#6617 = AXIS2_PLACEMENT_2D('',#6618,#6619);
#6618 = CARTESIAN_POINT('',(7.,30.));
#6619 = DIRECTION('',(0.,1.));
#6620 = ( GEOMETRIC_REPRESENTATION_CONTEXT(2) 
PARAMETRIC_REPRESENTATION_CONTEXT() REPRESENTATION_CONTEXT('2D SPACE',''
  ) );
#6621 = ORIENTED_EDGE('',*,*,#6577,.F.);
#6622 = ADVANCED_FACE('',(#6623),#5432,.F.);
#6623 = FACE_BOUND('',#6624,.T.);
#6624 = EDGE_LOOP('',(#6625,#6626,#6649,#6671));
#6625 = ORIENTED_EDGE('',*,*,#5411,.F.);
#6626 = ORIENTED_EDGE('',*,*,#6627,.T.);
#6627 = EDGE_CURVE('',#5412,#6628,#6630,.T.);
#6628 = VERTEX_POINT('',#6629);
#6629 = CARTESIAN_POINT('',(23.5,20.,27.));
#6630 = SEAM_CURVE('',#6631,(#6635,#6642),.PCURVE_S1.);
#6631 = LINE('',#6632,#6633);
#6632 = CARTESIAN_POINT('',(23.5,24.,27.));
#6633 = VECTOR('',#6634,1.);
#6634 = DIRECTION('',(0.,-1.,0.));
#6635 = PCURVE('',#5432,#6636);
#6636 = DEFINITIONAL_REPRESENTATION('',(#6637),#6641);
#6637 = LINE('',#6638,#6639);
#6638 = CARTESIAN_POINT('',(-6.28318530718,0.));
#6639 = VECTOR('',#6640,1.);
#6640 = DIRECTION('',(-0.,-1.));
#6641 = ( GEOMETRIC_REPRESENTATION_CONTEXT(2) 
PARAMETRIC_REPRESENTATION_CONTEXT() REPRESENTATION_CONTEXT('2D SPACE',''
  ) );
#6642 = PCURVE('',#5432,#6643);
#6643 = DEFINITIONAL_REPRESENTATION('',(#6644),#6648);
#6644 = LINE('',#6645,#6646);
#6645 = CARTESIAN_POINT('',(-0.,0.));
#6646 = VECTOR('',#6647,1.);
#6647 = DIRECTION('',(-0.,-1.));
#6648 = ( GEOMETRIC_REPRESENTATION_CONTEXT(2) 
PARAMETRIC_REPRESENTATION_CONTEXT() REPRESENTATION_CONTEXT('2D SPACE',''
  ) );
#6649 = ORIENTED_EDGE('',*,*,#6650,.F.);
#6650 = EDGE_CURVE('',#6628,#6628,#6651,.T.);
#6651 = SURFACE_CURVE('',#6652,(#6657,#6664),.PCURVE_S1.);
#6652 = CIRCLE('',#6653,3.5);
#6653 = AXIS2_PLACEMENT_3D('',#6654,#6655,#6656);
#6654 = CARTESIAN_POINT('',(20.,20.,27.));
#6655 = DIRECTION('',(-0.,1.,0.));
#6656 = DIRECTION('',(1.,0.,0.));
#6657 = PCURVE('',#5432,#6658);
#6658 = DEFINITIONAL_REPRESENTATION('',(#6659),#6663);
#6659 = LINE('',#6660,#6661);
#6660 = CARTESIAN_POINT('',(-6.28318530718,-4.));
#6661 = VECTOR('',#6662,1.);
#6662 = DIRECTION('',(1.,-0.));
#6663 = ( GEOMETRIC_REPRESENTATION_CONTEXT(2) 
PARAMETRIC_REPRESENTATION_CONTEXT() REPRESENTATION_CONTEXT('2D SPACE',''
  ) );
#6664 = PCURVE('',#6211,#6665);
#6665 = DEFINITIONAL_REPRESENTATION('',(#6666),#6670);
#6666 = CIRCLE('',#6667,3.5);
#6667 = AXIS2_PLACEMENT_2D('',#6668,#6669);
#6668 = CARTESIAN_POINT('',(7.,50.));
#6669 = DIRECTION('',(0.,1.));
#6670 = ( GEOMETRIC_REPRESENTATION_CONTEXT(2) 
PARAMETRIC_REPRESENTATION_CONTEXT() REPRESENTATION_CONTEXT('2D SPACE',''
  ) );
#6671 = ORIENTED_EDGE('',*,*,#6627,.F.);
#6672 = ADVANCED_FACE('',(#6673),#5500,.F.);
#6673 = FACE_BOUND('',#6674,.F.);
#6674 = EDGE_LOOP('',(#6675,#6696,#6697,#6698,#6719,#6720,#6741,#6742,
    #6763,#6764));
#6675 = ORIENTED_EDGE('',*,*,#6676,.F.);
#6676 = EDGE_CURVE('',#5482,#6065,#6677,.T.);
#6677 = SURFACE_CURVE('',#6678,(#6682,#6689),.PCURVE_S1.);
#6678 = LINE('',#6679,#6680);
#6679 = CARTESIAN_POINT('',(-30.,-20.,36.));
#6680 = VECTOR('',#6681,1.);
#6681 = DIRECTION('',(0.,1.,0.));
#6682 = PCURVE('',#5500,#6683);
#6683 = DEFINITIONAL_REPRESENTATION('',(#6684),#6688);
#6684 = LINE('',#6685,#6686);
#6685 = CARTESIAN_POINT('',(0.,0.));
#6686 = VECTOR('',#6687,1.);
#6687 = DIRECTION('',(0.,1.));
#6688 = ( GEOMETRIC_REPRESENTATION_CONTEXT(2) 
PARAMETRIC_REPRESENTATION_CONTEXT() REPRESENTATION_CONTEXT('2D SPACE',''
  ) );
#6689 = PCURVE('',#5691,#6690);
#6690 = DEFINITIONAL_REPRESENTATION('',(#6691),#6695);
#6691 = LINE('',#6692,#6693);
#6692 = CARTESIAN_POINT('',(16.,0.));
#6693 = VECTOR('',#6694,1.);
#6694 = DIRECTION('',(0.,-1.));
#6695 = ( GEOMETRIC_REPRESENTATION_CONTEXT(2) 
PARAMETRIC_REPRESENTATION_CONTEXT() REPRESENTATION_CONTEXT('2D SPACE',''
  ) );
#6696 = ORIENTED_EDGE('',*,*,#5481,.T.);
#6697 = ORIENTED_EDGE('',*,*,#5539,.T.);
#6698 = ORIENTED_EDGE('',*,*,#6699,.T.);
#6699 = EDGE_CURVE('',#5540,#5941,#6700,.T.);
#6700 = SURFACE_CURVE('',#6701,(#6705,#6712),.PCURVE_S1.);
#6701 = LINE('',#6702,#6703);
#6702 = CARTESIAN_POINT('',(-30.,-20.,36.));
#6703 = VECTOR('',#6704,1.);
#6704 = DIRECTION('',(1.,0.,0.));
#6705 = PCURVE('',#5500,#6706);
#6706 = DEFINITIONAL_REPRESENTATION('',(#6707),#6711);
#6707 = LINE('',#6708,#6709);
#6708 = CARTESIAN_POINT('',(0.,0.));
#6709 = VECTOR('',#6710,1.);
#6710 = DIRECTION('',(1.,0.));
#6711 = ( GEOMETRIC_REPRESENTATION_CONTEXT(2) 
PARAMETRIC_REPRESENTATION_CONTEXT() REPRESENTATION_CONTEXT('2D SPACE',''
  ) );
#6712 = PCURVE('',#5582,#6713);
#6713 = DEFINITIONAL_REPRESENTATION('',(#6714),#6718);
#6714 = LINE('',#6715,#6716);
#6715 = CARTESIAN_POINT('',(16.,0.));
#6716 = VECTOR('',#6717,1.);
#6717 = DIRECTION('',(0.,1.));
#6718 = ( GEOMETRIC_REPRESENTATION_CONTEXT(2) 
PARAMETRIC_REPRESENTATION_CONTEXT() REPRESENTATION_CONTEXT('2D SPACE',''
  ) );
#6719 = ORIENTED_EDGE('',*,*,#5961,.T.);
#6720 = ORIENTED_EDGE('',*,*,#6721,.T.);
#6721 = EDGE_CURVE('',#5962,#6352,#6722,.T.);
#6722 = SURFACE_CURVE('',#6723,(#6727,#6734),.PCURVE_S1.);
#6723 = LINE('',#6724,#6725);
#6724 = CARTESIAN_POINT('',(30.,-20.,36.));
#6725 = VECTOR('',#6726,1.);
#6726 = DIRECTION('',(0.,1.,0.));
#6727 = PCURVE('',#5500,#6728);
#6728 = DEFINITIONAL_REPRESENTATION('',(#6729),#6733);
#6729 = LINE('',#6730,#6731);
#6730 = CARTESIAN_POINT('',(60.,0.));
#6731 = VECTOR('',#6732,1.);
#6732 = DIRECTION('',(0.,1.));
#6733 = ( GEOMETRIC_REPRESENTATION_CONTEXT(2) 
PARAMETRIC_REPRESENTATION_CONTEXT() REPRESENTATION_CONTEXT('2D SPACE',''
  ) );
#6734 = PCURVE('',#5846,#6735);
#6735 = DEFINITIONAL_REPRESENTATION('',(#6736),#6740);
#6736 = LINE('',#6737,#6738);
#6737 = CARTESIAN_POINT('',(16.,0.));
#6738 = VECTOR('',#6739,1.);
#6739 = DIRECTION('',(0.,-1.));
#6740 = ( GEOMETRIC_REPRESENTATION_CONTEXT(2) 
PARAMETRIC_REPRESENTATION_CONTEXT() REPRESENTATION_CONTEXT('2D SPACE',''
  ) );
#6741 = ORIENTED_EDGE('',*,*,#6372,.T.);
#6742 = ORIENTED_EDGE('',*,*,#6743,.F.);
#6743 = EDGE_CURVE('',#6012,#6373,#6744,.T.);
#6744 = SURFACE_CURVE('',#6745,(#6749,#6756),.PCURVE_S1.);
#6745 = LINE('',#6746,#6747);
#6746 = CARTESIAN_POINT('',(-30.,20.,36.));
#6747 = VECTOR('',#6748,1.);
#6748 = DIRECTION('',(1.,0.,0.));
#6749 = PCURVE('',#5500,#6750);
#6750 = DEFINITIONAL_REPRESENTATION('',(#6751),#6755);
#6751 = LINE('',#6752,#6753);
#6752 = CARTESIAN_POINT('',(0.,40.));
#6753 = VECTOR('',#6754,1.);
#6754 = DIRECTION('',(1.,0.));
#6755 = ( GEOMETRIC_REPRESENTATION_CONTEXT(2) 
PARAMETRIC_REPRESENTATION_CONTEXT() REPRESENTATION_CONTEXT('2D SPACE',''
  ) );
#6756 = PCURVE('',#6211,#6757);
#6757 = DEFINITIONAL_REPRESENTATION('',(#6758),#6762);
#6758 = LINE('',#6759,#6760);
#6759 = CARTESIAN_POINT('',(16.,0.));
#6760 = VECTOR('',#6761,1.);
#6761 = DIRECTION('',(0.,1.));
#6762 = ( GEOMETRIC_REPRESENTATION_CONTEXT(2) 
PARAMETRIC_REPRESENTATION_CONTEXT() REPRESENTATION_CONTEXT('2D SPACE',''
  ) );
#6763 = ORIENTED_EDGE('',*,*,#6011,.T.);
#6764 = ORIENTED_EDGE('',*,*,#6064,.T.);
#6765 = ADVANCED_FACE('',(#6766),#5691,.T.);
#6766 = FACE_BOUND('',#6767,.T.);
#6767 = EDGE_LOOP('',(#6768,#6791,#6814,#6842,#6865,#6886,#6887,#6906,
    #6907,#6908,#6909,#6928));
#6768 = ORIENTED_EDGE('',*,*,#6769,.F.);
#6769 = EDGE_CURVE('',#6770,#5644,#6772,.T.);
#6770 = VERTEX_POINT('',#6771);
#6771 = CARTESIAN_POINT('',(-30.,-20.,36.));
#6772 = SURFACE_CURVE('',#6773,(#6777,#6784),.PCURVE_S1.);
#6773 = LINE('',#6774,#6775);
#6774 = CARTESIAN_POINT('',(-30.,-20.,36.));
#6775 = VECTOR('',#6776,1.);
#6776 = DIRECTION('',(0.,1.,0.));
#6777 = PCURVE('',#5691,#6778);
#6778 = DEFINITIONAL_REPRESENTATION('',(#6779),#6783);
#6779 = LINE('',#6780,#6781);
#6780 = CARTESIAN_POINT('',(16.,0.));
#6781 = VECTOR('',#6782,1.);
#6782 = DIRECTION('',(0.,-1.));
#6783 = ( GEOMETRIC_REPRESENTATION_CONTEXT(2) 
PARAMETRIC_REPRESENTATION_CONTEXT() REPRESENTATION_CONTEXT('2D SPACE',''
  ) );
#6784 = PCURVE('',#5660,#6785);
#6785 = DEFINITIONAL_REPRESENTATION('',(#6786),#6790);
#6786 = LINE('',#6787,#6788);
#6787 = CARTESIAN_POINT('',(0.,0.));
#6788 = VECTOR('',#6789,1.);
#6789 = DIRECTION('',(0.,1.));
#6790 = ( GEOMETRIC_REPRESENTATION_CONTEXT(2) 
PARAMETRIC_REPRESENTATION_CONTEXT() REPRESENTATION_CONTEXT('2D SPACE',''
  ) );
#6791 = ORIENTED_EDGE('',*,*,#6792,.F.);
#6792 = EDGE_CURVE('',#6793,#6770,#6795,.T.);
#6793 = VERTEX_POINT('',#6794);
#6794 = CARTESIAN_POINT('',(-30.,-20.,20.));
#6795 = SURFACE_CURVE('',#6796,(#6800,#6807),.PCURVE_S1.);
#6796 = LINE('',#6797,#6798);
#6797 = CARTESIAN_POINT('',(-30.,-20.,20.));
#6798 = VECTOR('',#6799,1.);
#6799 = DIRECTION('',(0.,0.,1.));
#6800 = PCURVE('',#5691,#6801);
#6801 = DEFINITIONAL_REPRESENTATION('',(#6802),#6806);
#6802 = LINE('',#6803,#6804);
#6803 = CARTESIAN_POINT('',(0.,0.));
#6804 = VECTOR('',#6805,1.);
#6805 = DIRECTION('',(1.,0.));
#6806 = ( GEOMETRIC_REPRESENTATION_CONTEXT(2) 
PARAMETRIC_REPRESENTATION_CONTEXT() REPRESENTATION_CONTEXT('2D SPACE',''
  ) );
#6807 = PCURVE('',#5582,#6808);
#6808 = DEFINITIONAL_REPRESENTATION('',(#6809),#6813);
#6809 = LINE('',#6810,#6811);
#6810 = CARTESIAN_POINT('',(0.,0.));
#6811 = VECTOR('',#6812,1.);
#6812 = DIRECTION('',(1.,0.));
#6813 = ( GEOMETRIC_REPRESENTATION_CONTEXT(2) 
PARAMETRIC_REPRESENTATION_CONTEXT() REPRESENTATION_CONTEXT('2D SPACE',''
  ) );
#6814 = ORIENTED_EDGE('',*,*,#6815,.T.);
#6815 = EDGE_CURVE('',#6793,#6816,#6818,.T.);
#6816 = VERTEX_POINT('',#6817);
#6817 = CARTESIAN_POINT('',(-30.,20.,20.));
#6818 = SURFACE_CURVE('',#6819,(#6823,#6830),.PCURVE_S1.);
#6819 = LINE('',#6820,#6821);
#6820 = CARTESIAN_POINT('',(-30.,-20.,20.));
#6821 = VECTOR('',#6822,1.);
#6822 = DIRECTION('',(0.,1.,0.));
#6823 = PCURVE('',#5691,#6824);
#6824 = DEFINITIONAL_REPRESENTATION('',(#6825),#6829);
#6825 = LINE('',#6826,#6827);
#6826 = CARTESIAN_POINT('',(0.,0.));
#6827 = VECTOR('',#6828,1.);
#6828 = DIRECTION('',(0.,-1.));
#6829 = ( GEOMETRIC_REPRESENTATION_CONTEXT(2) 
PARAMETRIC_REPRESENTATION_CONTEXT() REPRESENTATION_CONTEXT('2D SPACE',''
  ) );
#6830 = PCURVE('',#6831,#6836);
#6831 = PLANE('',#6832);
#6832 = AXIS2_PLACEMENT_3D('',#6833,#6834,#6835);
#6833 = CARTESIAN_POINT('',(-30.,-20.,20.));
#6834 = DIRECTION('',(0.,0.,1.));
#6835 = DIRECTION('',(1.,0.,0.));
#6836 = DEFINITIONAL_REPRESENTATION('',(#6837),#6841);
#6837 = LINE('',#6838,#6839);
#6838 = CARTESIAN_POINT('',(0.,0.));
#6839 = VECTOR('',#6840,1.);
#6840 = DIRECTION('',(0.,1.));
#6841 = ( GEOMETRIC_REPRESENTATION_CONTEXT(2) 
PARAMETRIC_REPRESENTATION_CONTEXT() REPRESENTATION_CONTEXT('2D SPACE',''
  ) );
#6842 = ORIENTED_EDGE('',*,*,#6843,.T.);
#6843 = EDGE_CURVE('',#6816,#6844,#6846,.T.);
#6844 = VERTEX_POINT('',#6845);
#6845 = CARTESIAN_POINT('',(-30.,20.,36.));
#6846 = SURFACE_CURVE('',#6847,(#6851,#6858),.PCURVE_S1.);
#6847 = LINE('',#6848,#6849);
#6848 = CARTESIAN_POINT('',(-30.,20.,20.));
#6849 = VECTOR('',#6850,1.);
#6850 = DIRECTION('',(0.,0.,1.));
#6851 = PCURVE('',#5691,#6852);
#6852 = DEFINITIONAL_REPRESENTATION('',(#6853),#6857);
#6853 = LINE('',#6854,#6855);
#6854 = CARTESIAN_POINT('',(0.,-40.));
#6855 = VECTOR('',#6856,1.);
#6856 = DIRECTION('',(1.,0.));
#6857 = ( GEOMETRIC_REPRESENTATION_CONTEXT(2) 
PARAMETRIC_REPRESENTATION_CONTEXT() REPRESENTATION_CONTEXT('2D SPACE',''
  ) );
#6858 = PCURVE('',#6211,#6859);
#6859 = DEFINITIONAL_REPRESENTATION('',(#6860),#6864);
#6860 = LINE('',#6861,#6862);
#6861 = CARTESIAN_POINT('',(0.,0.));
#6862 = VECTOR('',#6863,1.);
#6863 = DIRECTION('',(1.,0.));
#6864 = ( GEOMETRIC_REPRESENTATION_CONTEXT(2) 
PARAMETRIC_REPRESENTATION_CONTEXT() REPRESENTATION_CONTEXT('2D SPACE',''
  ) );
#6865 = ORIENTED_EDGE('',*,*,#6866,.F.);
#6866 = EDGE_CURVE('',#6143,#6844,#6867,.T.);
#6867 = SURFACE_CURVE('',#6868,(#6872,#6879),.PCURVE_S1.);
#6868 = LINE('',#6869,#6870);
#6869 = CARTESIAN_POINT('',(-30.,-20.,36.));
#6870 = VECTOR('',#6871,1.);
#6871 = DIRECTION('',(0.,1.,0.));
#6872 = PCURVE('',#5691,#6873);
#6873 = DEFINITIONAL_REPRESENTATION('',(#6874),#6878);
#6874 = LINE('',#6875,#6876);
#6875 = CARTESIAN_POINT('',(16.,0.));
#6876 = VECTOR('',#6877,1.);
#6877 = DIRECTION('',(0.,-1.));
#6878 = ( GEOMETRIC_REPRESENTATION_CONTEXT(2) 
PARAMETRIC_REPRESENTATION_CONTEXT() REPRESENTATION_CONTEXT('2D SPACE',''
  ) );
#6879 = PCURVE('',#6180,#6880);
#6880 = DEFINITIONAL_REPRESENTATION('',(#6881),#6885);
#6881 = LINE('',#6882,#6883);
#6882 = CARTESIAN_POINT('',(0.,0.));
#6883 = VECTOR('',#6884,1.);
#6884 = DIRECTION('',(0.,1.));
#6885 = ( GEOMETRIC_REPRESENTATION_CONTEXT(2) 
PARAMETRIC_REPRESENTATION_CONTEXT() REPRESENTATION_CONTEXT('2D SPACE',''
  ) );
#6886 = ORIENTED_EDGE('',*,*,#6142,.T.);
#6887 = ORIENTED_EDGE('',*,*,#6888,.T.);
#6888 = EDGE_CURVE('',#6114,#6093,#6889,.T.);
#6889 = SURFACE_CURVE('',#6890,(#6894,#6900),.PCURVE_S1.);
#6890 = LINE('',#6891,#6892);
#6891 = CARTESIAN_POINT('',(-30.,-1.,33.));
#6892 = VECTOR('',#6893,1.);
#6893 = DIRECTION('',(0.,-1.,0.));
#6894 = PCURVE('',#5691,#6895);
#6895 = DEFINITIONAL_REPRESENTATION('',(#6896),#6899);
#6896 = B_SPLINE_CURVE_WITH_KNOTS('',1,(#6897,#6898),.UNSPECIFIED.,.F.,
  .F.,(2,2),(-21.,-16.9),.PIECEWISE_BEZIER_KNOTS.);
#6897 = CARTESIAN_POINT('',(13.,-40.));
#6898 = CARTESIAN_POINT('',(13.,-35.9));
#6899 = ( GEOMETRIC_REPRESENTATION_CONTEXT(2) 
PARAMETRIC_REPRESENTATION_CONTEXT() REPRESENTATION_CONTEXT('2D SPACE',''
  ) );
#6900 = PCURVE('',#6130,#6901);
#6901 = DEFINITIONAL_REPRESENTATION('',(#6902),#6905);
#6902 = B_SPLINE_CURVE_WITH_KNOTS('',1,(#6903,#6904),.UNSPECIFIED.,.F.,
  .F.,(2,2),(-21.,-16.9),.PIECEWISE_BEZIER_KNOTS.);
#6903 = CARTESIAN_POINT('',(-2.,2.));
#6904 = CARTESIAN_POINT('',(-2.,-2.1));
#6905 = ( GEOMETRIC_REPRESENTATION_CONTEXT(2) 
PARAMETRIC_REPRESENTATION_CONTEXT() REPRESENTATION_CONTEXT('2D SPACE',''
  ) );
#6906 = ORIENTED_EDGE('',*,*,#6092,.F.);
#6907 = ORIENTED_EDGE('',*,*,#6676,.F.);
#6908 = ORIENTED_EDGE('',*,*,#5731,.T.);
#6909 = ORIENTED_EDGE('',*,*,#6910,.T.);
#6910 = EDGE_CURVE('',#5703,#5677,#6911,.T.);
#6911 = SURFACE_CURVE('',#6912,(#6916,#6922),.PCURVE_S1.);
#6912 = LINE('',#6913,#6914);
#6913 = CARTESIAN_POINT('',(-30.,-19.,33.));
#6914 = VECTOR('',#6915,1.);
#6915 = DIRECTION('',(0.,-1.,0.));
#6916 = PCURVE('',#5691,#6917);
#6917 = DEFINITIONAL_REPRESENTATION('',(#6918),#6921);
#6918 = B_SPLINE_CURVE_WITH_KNOTS('',1,(#6919,#6920),.UNSPECIFIED.,.F.,
  .F.,(2,2),(-3.1,1.),.PIECEWISE_BEZIER_KNOTS.);
#6919 = CARTESIAN_POINT('',(13.,-4.1));
#6920 = CARTESIAN_POINT('',(13.,0.));
#6921 = ( GEOMETRIC_REPRESENTATION_CONTEXT(2) 
PARAMETRIC_REPRESENTATION_CONTEXT() REPRESENTATION_CONTEXT('2D SPACE',''
  ) );
#6922 = PCURVE('',#5719,#6923);
#6923 = DEFINITIONAL_REPRESENTATION('',(#6924),#6927);
#6924 = B_SPLINE_CURVE_WITH_KNOTS('',1,(#6925,#6926),.UNSPECIFIED.,.F.,
  .F.,(2,2),(-3.1,1.),.PIECEWISE_BEZIER_KNOTS.);
#6925 = CARTESIAN_POINT('',(-2.,2.1));
#6926 = CARTESIAN_POINT('',(-2.,-2.));
#6927 = ( GEOMETRIC_REPRESENTATION_CONTEXT(2) 
PARAMETRIC_REPRESENTATION_CONTEXT() REPRESENTATION_CONTEXT('2D SPACE',''
  ) );
#6928 = ORIENTED_EDGE('',*,*,#5676,.F.);
#6929 = ADVANCED_FACE('',(#6930),#5719,.T.);
#6930 = FACE_BOUND('',#6931,.T.);
#6931 = EDGE_LOOP('',(#6932,#6933));
#6932 = ORIENTED_EDGE('',*,*,#6910,.F.);
#6933 = ORIENTED_EDGE('',*,*,#5702,.T.);
#6934 = ADVANCED_FACE('',(#6935),#5660,.F.);
#6935 = FACE_BOUND('',#6936,.F.);
#6936 = EDGE_LOOP('',(#6937,#6938,#6959));
#6937 = ORIENTED_EDGE('',*,*,#6769,.F.);
#6938 = ORIENTED_EDGE('',*,*,#6939,.T.);
#6939 = EDGE_CURVE('',#6770,#5623,#6940,.T.);
#6940 = SURFACE_CURVE('',#6941,(#6945,#6952),.PCURVE_S1.);
#6941 = LINE('',#6942,#6943);
#6942 = CARTESIAN_POINT('',(-30.,-20.,36.));
#6943 = VECTOR('',#6944,1.);
#6944 = DIRECTION('',(1.,0.,0.));
#6945 = PCURVE('',#5660,#6946);
#6946 = DEFINITIONAL_REPRESENTATION('',(#6947),#6951);
#6947 = LINE('',#6948,#6949);
#6948 = CARTESIAN_POINT('',(0.,0.));
#6949 = VECTOR('',#6950,1.);
#6950 = DIRECTION('',(1.,0.));
#6951 = ( GEOMETRIC_REPRESENTATION_CONTEXT(2) 
PARAMETRIC_REPRESENTATION_CONTEXT() REPRESENTATION_CONTEXT('2D SPACE',''
  ) );
#6952 = PCURVE('',#5582,#6953);
#6953 = DEFINITIONAL_REPRESENTATION('',(#6954),#6958);
#6954 = LINE('',#6955,#6956);
#6955 = CARTESIAN_POINT('',(16.,0.));
#6956 = VECTOR('',#6957,1.);
#6957 = DIRECTION('',(0.,1.));
#6958 = ( GEOMETRIC_REPRESENTATION_CONTEXT(2) 
PARAMETRIC_REPRESENTATION_CONTEXT() REPRESENTATION_CONTEXT('2D SPACE',''
  ) );
#6959 = ORIENTED_EDGE('',*,*,#5643,.T.);
#6960 = ADVANCED_FACE('',(#6961),#5582,.T.);
#6961 = FACE_BOUND('',#6962,.T.);
#6962 = EDGE_LOOP('',(#6963,#6986,#7009,#7030,#7031,#7032,#7033,#7052,
    #7053,#7054,#7055,#7074));
#6963 = ORIENTED_EDGE('',*,*,#6964,.T.);
#6964 = EDGE_CURVE('',#5858,#6965,#6967,.T.);
#6965 = VERTEX_POINT('',#6966);
#6966 = CARTESIAN_POINT('',(30.,-20.,36.));
#6967 = SURFACE_CURVE('',#6968,(#6972,#6979),.PCURVE_S1.);
#6968 = LINE('',#6969,#6970);
#6969 = CARTESIAN_POINT('',(-30.,-20.,36.));
#6970 = VECTOR('',#6971,1.);
#6971 = DIRECTION('',(1.,0.,0.));
#6972 = PCURVE('',#5582,#6973);
#6973 = DEFINITIONAL_REPRESENTATION('',(#6974),#6978);
#6974 = LINE('',#6975,#6976);
#6975 = CARTESIAN_POINT('',(16.,0.));
#6976 = VECTOR('',#6977,1.);
#6977 = DIRECTION('',(0.,1.));
#6978 = ( GEOMETRIC_REPRESENTATION_CONTEXT(2) 
PARAMETRIC_REPRESENTATION_CONTEXT() REPRESENTATION_CONTEXT('2D SPACE',''
  ) );
#6979 = PCURVE('',#5874,#6980);
#6980 = DEFINITIONAL_REPRESENTATION('',(#6981),#6985);
#6981 = LINE('',#6982,#6983);
#6982 = CARTESIAN_POINT('',(0.,0.));
#6983 = VECTOR('',#6984,1.);
#6984 = DIRECTION('',(1.,0.));
#6985 = ( GEOMETRIC_REPRESENTATION_CONTEXT(2) 
PARAMETRIC_REPRESENTATION_CONTEXT() REPRESENTATION_CONTEXT('2D SPACE',''
  ) );
#6986 = ORIENTED_EDGE('',*,*,#6987,.F.);
#6987 = EDGE_CURVE('',#6988,#6965,#6990,.T.);
#6988 = VERTEX_POINT('',#6989);
#6989 = CARTESIAN_POINT('',(30.,-20.,20.));
#6990 = SURFACE_CURVE('',#6991,(#6995,#7002),.PCURVE_S1.);
#6991 = LINE('',#6992,#6993);
#6992 = CARTESIAN_POINT('',(30.,-20.,20.));
#6993 = VECTOR('',#6994,1.);
#6994 = DIRECTION('',(0.,0.,1.));
#6995 = PCURVE('',#5582,#6996);
#6996 = DEFINITIONAL_REPRESENTATION('',(#6997),#7001);
#6997 = LINE('',#6998,#6999);
#6998 = CARTESIAN_POINT('',(0.,60.));
#6999 = VECTOR('',#7000,1.);
#7000 = DIRECTION('',(1.,0.));
#7001 = ( GEOMETRIC_REPRESENTATION_CONTEXT(2) 
PARAMETRIC_REPRESENTATION_CONTEXT() REPRESENTATION_CONTEXT('2D SPACE',''
  ) );
#7002 = PCURVE('',#5846,#7003);
#7003 = DEFINITIONAL_REPRESENTATION('',(#7004),#7008);
#7004 = LINE('',#7005,#7006);
#7005 = CARTESIAN_POINT('',(0.,0.));
#7006 = VECTOR('',#7007,1.);
#7007 = DIRECTION('',(1.,0.));
#7008 = ( GEOMETRIC_REPRESENTATION_CONTEXT(2) 
PARAMETRIC_REPRESENTATION_CONTEXT() REPRESENTATION_CONTEXT('2D SPACE',''
  ) );
#7009 = ORIENTED_EDGE('',*,*,#7010,.F.);
#7010 = EDGE_CURVE('',#6793,#6988,#7011,.T.);
#7011 = SURFACE_CURVE('',#7012,(#7016,#7023),.PCURVE_S1.);
#7012 = LINE('',#7013,#7014);
#7013 = CARTESIAN_POINT('',(-30.,-20.,20.));
#7014 = VECTOR('',#7015,1.);
#7015 = DIRECTION('',(1.,0.,0.));
#7016 = PCURVE('',#5582,#7017);
#7017 = DEFINITIONAL_REPRESENTATION('',(#7018),#7022);
#7018 = LINE('',#7019,#7020);
#7019 = CARTESIAN_POINT('',(0.,0.));
#7020 = VECTOR('',#7021,1.);
#7021 = DIRECTION('',(0.,1.));
#7022 = ( GEOMETRIC_REPRESENTATION_CONTEXT(2) 
PARAMETRIC_REPRESENTATION_CONTEXT() REPRESENTATION_CONTEXT('2D SPACE',''
  ) );
#7023 = PCURVE('',#6831,#7024);
#7024 = DEFINITIONAL_REPRESENTATION('',(#7025),#7029);
#7025 = LINE('',#7026,#7027);
#7026 = CARTESIAN_POINT('',(0.,0.));
#7027 = VECTOR('',#7028,1.);
#7028 = DIRECTION('',(1.,0.));
#7029 = ( GEOMETRIC_REPRESENTATION_CONTEXT(2) 
PARAMETRIC_REPRESENTATION_CONTEXT() REPRESENTATION_CONTEXT('2D SPACE',''
  ) );
#7030 = ORIENTED_EDGE('',*,*,#6792,.T.);
#7031 = ORIENTED_EDGE('',*,*,#6939,.T.);
#7032 = ORIENTED_EDGE('',*,*,#5622,.T.);
#7033 = ORIENTED_EDGE('',*,*,#7034,.T.);
#7034 = EDGE_CURVE('',#5594,#5568,#7035,.T.);
#7035 = SURFACE_CURVE('',#7036,(#7040,#7046),.PCURVE_S1.);
#7036 = LINE('',#7037,#7038);
#7037 = CARTESIAN_POINT('',(-29.,-20.,33.));
#7038 = VECTOR('',#7039,1.);
#7039 = DIRECTION('',(1.,0.,0.));
#7040 = PCURVE('',#5582,#7041);
#7041 = DEFINITIONAL_REPRESENTATION('',(#7042),#7045);
#7042 = B_SPLINE_CURVE_WITH_KNOTS('',1,(#7043,#7044),.UNSPECIFIED.,.F.,
  .F.,(2,2),(-1.,3.1),.PIECEWISE_BEZIER_KNOTS.);
#7043 = CARTESIAN_POINT('',(13.,0.));
#7044 = CARTESIAN_POINT('',(13.,4.1));
#7045 = ( GEOMETRIC_REPRESENTATION_CONTEXT(2) 
PARAMETRIC_REPRESENTATION_CONTEXT() REPRESENTATION_CONTEXT('2D SPACE',''
  ) );
#7046 = PCURVE('',#5610,#7047);
#7047 = DEFINITIONAL_REPRESENTATION('',(#7048),#7051);
#7048 = B_SPLINE_CURVE_WITH_KNOTS('',1,(#7049,#7050),.UNSPECIFIED.,.F.,
  .F.,(2,2),(-1.,3.1),.PIECEWISE_BEZIER_KNOTS.);
#7049 = CARTESIAN_POINT('',(-2.,-2.));
#7050 = CARTESIAN_POINT('',(2.1,-2.));
#7051 = ( GEOMETRIC_REPRESENTATION_CONTEXT(2) 
PARAMETRIC_REPRESENTATION_CONTEXT() REPRESENTATION_CONTEXT('2D SPACE',''
  ) );
#7052 = ORIENTED_EDGE('',*,*,#5567,.F.);
#7053 = ORIENTED_EDGE('',*,*,#6699,.T.);
#7054 = ORIENTED_EDGE('',*,*,#5940,.T.);
#7055 = ORIENTED_EDGE('',*,*,#7056,.T.);
#7056 = EDGE_CURVE('',#5912,#5891,#7057,.T.);
#7057 = SURFACE_CURVE('',#7058,(#7062,#7068),.PCURVE_S1.);
#7058 = LINE('',#7059,#7060);
#7059 = CARTESIAN_POINT('',(-1.,-20.,33.));
#7060 = VECTOR('',#7061,1.);
#7061 = DIRECTION('',(1.,0.,0.));
#7062 = PCURVE('',#5582,#7063);
#7063 = DEFINITIONAL_REPRESENTATION('',(#7064),#7067);
#7064 = B_SPLINE_CURVE_WITH_KNOTS('',1,(#7065,#7066),.UNSPECIFIED.,.F.,
  .F.,(2,2),(26.9,31.),.PIECEWISE_BEZIER_KNOTS.);
#7065 = CARTESIAN_POINT('',(13.,55.9));
#7066 = CARTESIAN_POINT('',(13.,60.));
#7067 = ( GEOMETRIC_REPRESENTATION_CONTEXT(2) 
PARAMETRIC_REPRESENTATION_CONTEXT() REPRESENTATION_CONTEXT('2D SPACE',''
  ) );
#7068 = PCURVE('',#5928,#7069);
#7069 = DEFINITIONAL_REPRESENTATION('',(#7070),#7073);
#7070 = B_SPLINE_CURVE_WITH_KNOTS('',1,(#7071,#7072),.UNSPECIFIED.,.F.,
  .F.,(2,2),(26.9,31.),.PIECEWISE_BEZIER_KNOTS.);
#7071 = CARTESIAN_POINT('',(-2.1,-2.));
#7072 = CARTESIAN_POINT('',(2.,-2.));
#7073 = ( GEOMETRIC_REPRESENTATION_CONTEXT(2) 
PARAMETRIC_REPRESENTATION_CONTEXT() REPRESENTATION_CONTEXT('2D SPACE',''
  ) );
#7074 = ORIENTED_EDGE('',*,*,#5890,.F.);
#7075 = ADVANCED_FACE('',(#7076),#5610,.T.);
#7076 = FACE_BOUND('',#7077,.T.);
#7077 = EDGE_LOOP('',(#7078,#7079));
#7078 = ORIENTED_EDGE('',*,*,#5593,.T.);
#7079 = ORIENTED_EDGE('',*,*,#7034,.F.);
#7080 = ADVANCED_FACE('',(#7081),#5772,.T.);
#7081 = FACE_BOUND('',#7082,.T.);
#7082 = EDGE_LOOP('',(#7083,#7084,#7085));
#7083 = ORIENTED_EDGE('',*,*,#5807,.T.);
#7084 = ORIENTED_EDGE('',*,*,#5753,.T.);
#7085 = ORIENTED_EDGE('',*,*,#7086,.T.);
#7086 = EDGE_CURVE('',#5756,#5808,#7087,.T.);
#7087 = SURFACE_CURVE('',#7088,(#7092,#7098),.PCURVE_S1.);
#7088 = LINE('',#7089,#7090);
#7089 = CARTESIAN_POINT('',(30.,-19.,33.));
#7090 = VECTOR('',#7091,1.);
#7091 = DIRECTION('',(0.,-1.,0.));
#7092 = PCURVE('',#5772,#7093);
#7093 = DEFINITIONAL_REPRESENTATION('',(#7094),#7097);
#7094 = B_SPLINE_CURVE_WITH_KNOTS('',1,(#7095,#7096),.UNSPECIFIED.,.F.,
  .F.,(2,2),(-3.1,1.),.PIECEWISE_BEZIER_KNOTS.);
#7095 = CARTESIAN_POINT('',(2.,2.1));
#7096 = CARTESIAN_POINT('',(2.,-2.));
#7097 = ( GEOMETRIC_REPRESENTATION_CONTEXT(2) 
PARAMETRIC_REPRESENTATION_CONTEXT() REPRESENTATION_CONTEXT('2D SPACE',''
  ) );
#7098 = PCURVE('',#5846,#7099);
#7099 = DEFINITIONAL_REPRESENTATION('',(#7100),#7103);
#7100 = B_SPLINE_CURVE_WITH_KNOTS('',1,(#7101,#7102),.UNSPECIFIED.,.F.,
  .F.,(2,2),(-3.1,1.),.PIECEWISE_BEZIER_KNOTS.);
#7101 = CARTESIAN_POINT('',(13.,-4.1));
#7102 = CARTESIAN_POINT('',(13.,0.));
#7103 = ( GEOMETRIC_REPRESENTATION_CONTEXT(2) 
PARAMETRIC_REPRESENTATION_CONTEXT() REPRESENTATION_CONTEXT('2D SPACE',''
  ) );
#7104 = ADVANCED_FACE('',(#7105),#5846,.F.);
#7105 = FACE_BOUND('',#7106,.F.);
#7106 = EDGE_LOOP('',(#7107,#7128,#7129,#7152,#7175,#7196,#7197,#7216,
    #7217,#7218,#7219,#7220));
#7107 = ORIENTED_EDGE('',*,*,#7108,.F.);
#7108 = EDGE_CURVE('',#6965,#5832,#7109,.T.);
#7109 = SURFACE_CURVE('',#7110,(#7114,#7121),.PCURVE_S1.);
#7110 = LINE('',#7111,#7112);
#7111 = CARTESIAN_POINT('',(30.,-20.,36.));
#7112 = VECTOR('',#7113,1.);
#7113 = DIRECTION('',(0.,1.,0.));
#7114 = PCURVE('',#5846,#7115);
#7115 = DEFINITIONAL_REPRESENTATION('',(#7116),#7120);
#7116 = LINE('',#7117,#7118);
#7117 = CARTESIAN_POINT('',(16.,0.));
#7118 = VECTOR('',#7119,1.);
#7119 = DIRECTION('',(0.,-1.));
#7120 = ( GEOMETRIC_REPRESENTATION_CONTEXT(2) 
PARAMETRIC_REPRESENTATION_CONTEXT() REPRESENTATION_CONTEXT('2D SPACE',''
  ) );
#7121 = PCURVE('',#5874,#7122);
#7122 = DEFINITIONAL_REPRESENTATION('',(#7123),#7127);
#7123 = LINE('',#7124,#7125);
#7124 = CARTESIAN_POINT('',(60.,0.));
#7125 = VECTOR('',#7126,1.);
#7126 = DIRECTION('',(0.,1.));
#7127 = ( GEOMETRIC_REPRESENTATION_CONTEXT(2) 
PARAMETRIC_REPRESENTATION_CONTEXT() REPRESENTATION_CONTEXT('2D SPACE',''
  ) );
#7128 = ORIENTED_EDGE('',*,*,#6987,.F.);
#7129 = ORIENTED_EDGE('',*,*,#7130,.T.);
#7130 = EDGE_CURVE('',#6988,#7131,#7133,.T.);
#7131 = VERTEX_POINT('',#7132);
#7132 = CARTESIAN_POINT('',(30.,20.,20.));
#7133 = SURFACE_CURVE('',#7134,(#7138,#7145),.PCURVE_S1.);
#7134 = LINE('',#7135,#7136);
#7135 = CARTESIAN_POINT('',(30.,-20.,20.));
#7136 = VECTOR('',#7137,1.);
#7137 = DIRECTION('',(0.,1.,0.));
#7138 = PCURVE('',#5846,#7139);
#7139 = DEFINITIONAL_REPRESENTATION('',(#7140),#7144);
#7140 = LINE('',#7141,#7142);
#7141 = CARTESIAN_POINT('',(0.,0.));
#7142 = VECTOR('',#7143,1.);
#7143 = DIRECTION('',(0.,-1.));
#7144 = ( GEOMETRIC_REPRESENTATION_CONTEXT(2) 
PARAMETRIC_REPRESENTATION_CONTEXT() REPRESENTATION_CONTEXT('2D SPACE',''
  ) );
#7145 = PCURVE('',#6831,#7146);
#7146 = DEFINITIONAL_REPRESENTATION('',(#7147),#7151);
#7147 = LINE('',#7148,#7149);
#7148 = CARTESIAN_POINT('',(60.,0.));
#7149 = VECTOR('',#7150,1.);
#7150 = DIRECTION('',(0.,1.));
#7151 = ( GEOMETRIC_REPRESENTATION_CONTEXT(2) 
PARAMETRIC_REPRESENTATION_CONTEXT() REPRESENTATION_CONTEXT('2D SPACE',''
  ) );
#7152 = ORIENTED_EDGE('',*,*,#7153,.T.);
#7153 = EDGE_CURVE('',#7131,#7154,#7156,.T.);
#7154 = VERTEX_POINT('',#7155);
#7155 = CARTESIAN_POINT('',(30.,20.,36.));
#7156 = SURFACE_CURVE('',#7157,(#7161,#7168),.PCURVE_S1.);
#7157 = LINE('',#7158,#7159);
#7158 = CARTESIAN_POINT('',(30.,20.,20.));
#7159 = VECTOR('',#7160,1.);
#7160 = DIRECTION('',(0.,0.,1.));
#7161 = PCURVE('',#5846,#7162);
#7162 = DEFINITIONAL_REPRESENTATION('',(#7163),#7167);
#7163 = LINE('',#7164,#7165);
#7164 = CARTESIAN_POINT('',(0.,-40.));
#7165 = VECTOR('',#7166,1.);
#7166 = DIRECTION('',(1.,0.));
#7167 = ( GEOMETRIC_REPRESENTATION_CONTEXT(2) 
PARAMETRIC_REPRESENTATION_CONTEXT() REPRESENTATION_CONTEXT('2D SPACE',''
  ) );
#7168 = PCURVE('',#6211,#7169);
#7169 = DEFINITIONAL_REPRESENTATION('',(#7170),#7174);
#7170 = LINE('',#7171,#7172);
#7171 = CARTESIAN_POINT('',(0.,60.));
#7172 = VECTOR('',#7173,1.);
#7173 = DIRECTION('',(1.,0.));
#7174 = ( GEOMETRIC_REPRESENTATION_CONTEXT(2) 
PARAMETRIC_REPRESENTATION_CONTEXT() REPRESENTATION_CONTEXT('2D SPACE',''
  ) );
#7175 = ORIENTED_EDGE('',*,*,#7176,.F.);
#7176 = EDGE_CURVE('',#6472,#7154,#7177,.T.);
#7177 = SURFACE_CURVE('',#7178,(#7182,#7189),.PCURVE_S1.);
#7178 = LINE('',#7179,#7180);
#7179 = CARTESIAN_POINT('',(30.,-20.,36.));
#7180 = VECTOR('',#7181,1.);
#7181 = DIRECTION('',(0.,1.,0.));
#7182 = PCURVE('',#5846,#7183);
#7183 = DEFINITIONAL_REPRESENTATION('',(#7184),#7188);
#7184 = LINE('',#7185,#7186);
#7185 = CARTESIAN_POINT('',(16.,0.));
#7186 = VECTOR('',#7187,1.);
#7187 = DIRECTION('',(0.,-1.));
#7188 = ( GEOMETRIC_REPRESENTATION_CONTEXT(2) 
PARAMETRIC_REPRESENTATION_CONTEXT() REPRESENTATION_CONTEXT('2D SPACE',''
  ) );
#7189 = PCURVE('',#6488,#7190);
#7190 = DEFINITIONAL_REPRESENTATION('',(#7191),#7195);
#7191 = LINE('',#7192,#7193);
#7192 = CARTESIAN_POINT('',(60.,0.));
#7193 = VECTOR('',#7194,1.);
#7194 = DIRECTION('',(0.,1.));
#7195 = ( GEOMETRIC_REPRESENTATION_CONTEXT(2) 
PARAMETRIC_REPRESENTATION_CONTEXT() REPRESENTATION_CONTEXT('2D SPACE',''
  ) );
#7196 = ORIENTED_EDGE('',*,*,#6504,.T.);
#7197 = ORIENTED_EDGE('',*,*,#7198,.T.);
#7198 = EDGE_CURVE('',#6276,#6328,#7199,.T.);
#7199 = SURFACE_CURVE('',#7200,(#7204,#7210),.PCURVE_S1.);
#7200 = LINE('',#7201,#7202);
#7201 = CARTESIAN_POINT('',(30.,-1.,33.));
#7202 = VECTOR('',#7203,1.);
#7203 = DIRECTION('',(0.,-1.,0.));
#7204 = PCURVE('',#5846,#7205);
#7205 = DEFINITIONAL_REPRESENTATION('',(#7206),#7209);
#7206 = B_SPLINE_CURVE_WITH_KNOTS('',1,(#7207,#7208),.UNSPECIFIED.,.F.,
  .F.,(2,2),(-21.,-16.9),.PIECEWISE_BEZIER_KNOTS.);
#7207 = CARTESIAN_POINT('',(13.,-40.));
#7208 = CARTESIAN_POINT('',(13.,-35.9));
#7209 = ( GEOMETRIC_REPRESENTATION_CONTEXT(2) 
PARAMETRIC_REPRESENTATION_CONTEXT() REPRESENTATION_CONTEXT('2D SPACE',''
  ) );
#7210 = PCURVE('',#6292,#7211);
#7211 = DEFINITIONAL_REPRESENTATION('',(#7212),#7215);
#7212 = B_SPLINE_CURVE_WITH_KNOTS('',1,(#7213,#7214),.UNSPECIFIED.,.F.,
  .F.,(2,2),(-21.,-16.9),.PIECEWISE_BEZIER_KNOTS.);
#7213 = CARTESIAN_POINT('',(2.,2.));
#7214 = CARTESIAN_POINT('',(2.,-2.1));
#7215 = ( GEOMETRIC_REPRESENTATION_CONTEXT(2) 
PARAMETRIC_REPRESENTATION_CONTEXT() REPRESENTATION_CONTEXT('2D SPACE',''
  ) );
#7216 = ORIENTED_EDGE('',*,*,#6351,.F.);
#7217 = ORIENTED_EDGE('',*,*,#6721,.F.);
#7218 = ORIENTED_EDGE('',*,*,#5989,.T.);
#7219 = ORIENTED_EDGE('',*,*,#7086,.T.);
#7220 = ORIENTED_EDGE('',*,*,#5831,.F.);
#7221 = ADVANCED_FACE('',(#7222),#5928,.T.);
#7222 = FACE_BOUND('',#7223,.T.);
#7223 = EDGE_LOOP('',(#7224,#7225));
#7224 = ORIENTED_EDGE('',*,*,#7056,.F.);
#7225 = ORIENTED_EDGE('',*,*,#5911,.T.);
#7226 = ADVANCED_FACE('',(#7227),#5874,.F.);
#7227 = FACE_BOUND('',#7228,.F.);
#7228 = EDGE_LOOP('',(#7229,#7230,#7231));
#7229 = ORIENTED_EDGE('',*,*,#5857,.T.);
#7230 = ORIENTED_EDGE('',*,*,#6964,.T.);
#7231 = ORIENTED_EDGE('',*,*,#7108,.T.);
#7232 = ADVANCED_FACE('',(#7233,#7343,#7346,#7349),#6211,.F.);
#7233 = FACE_BOUND('',#7234,.F.);
#7234 = EDGE_LOOP('',(#7235,#7256,#7257,#7278,#7279,#7300,#7301,#7320,
    #7321,#7322,#7323,#7342));
#7235 = ORIENTED_EDGE('',*,*,#7236,.T.);
#7236 = EDGE_CURVE('',#6451,#7154,#7237,.T.);
#7237 = SURFACE_CURVE('',#7238,(#7242,#7249),.PCURVE_S1.);
#7238 = LINE('',#7239,#7240);
#7239 = CARTESIAN_POINT('',(-30.,20.,36.));
#7240 = VECTOR('',#7241,1.);
#7241 = DIRECTION('',(1.,0.,0.));
#7242 = PCURVE('',#6211,#7243);
#7243 = DEFINITIONAL_REPRESENTATION('',(#7244),#7248);
#7244 = LINE('',#7245,#7246);
#7245 = CARTESIAN_POINT('',(16.,0.));
#7246 = VECTOR('',#7247,1.);
#7247 = DIRECTION('',(0.,1.));
#7248 = ( GEOMETRIC_REPRESENTATION_CONTEXT(2) 
PARAMETRIC_REPRESENTATION_CONTEXT() REPRESENTATION_CONTEXT('2D SPACE',''
  ) );
#7249 = PCURVE('',#6488,#7250);
#7250 = DEFINITIONAL_REPRESENTATION('',(#7251),#7255);
#7251 = LINE('',#7252,#7253);
#7252 = CARTESIAN_POINT('',(0.,40.));
#7253 = VECTOR('',#7254,1.);
#7254 = DIRECTION('',(1.,0.));
#7255 = ( GEOMETRIC_REPRESENTATION_CONTEXT(2) 
PARAMETRIC_REPRESENTATION_CONTEXT() REPRESENTATION_CONTEXT('2D SPACE',''
  ) );
#7256 = ORIENTED_EDGE('',*,*,#7153,.F.);
#7257 = ORIENTED_EDGE('',*,*,#7258,.F.);
#7258 = EDGE_CURVE('',#6816,#7131,#7259,.T.);
#7259 = SURFACE_CURVE('',#7260,(#7264,#7271),.PCURVE_S1.);
#7260 = LINE('',#7261,#7262);
#7261 = CARTESIAN_POINT('',(-30.,20.,20.));
#7262 = VECTOR('',#7263,1.);
#7263 = DIRECTION('',(1.,0.,0.));
#7264 = PCURVE('',#6211,#7265);
#7265 = DEFINITIONAL_REPRESENTATION('',(#7266),#7270);
#7266 = LINE('',#7267,#7268);
#7267 = CARTESIAN_POINT('',(0.,0.));
#7268 = VECTOR('',#7269,1.);
#7269 = DIRECTION('',(0.,1.));
#7270 = ( GEOMETRIC_REPRESENTATION_CONTEXT(2) 
PARAMETRIC_REPRESENTATION_CONTEXT() REPRESENTATION_CONTEXT('2D SPACE',''
  ) );
#7271 = PCURVE('',#6831,#7272);
#7272 = DEFINITIONAL_REPRESENTATION('',(#7273),#7277);
#7273 = LINE('',#7274,#7275);
#7274 = CARTESIAN_POINT('',(0.,40.));
#7275 = VECTOR('',#7276,1.);
#7276 = DIRECTION('',(1.,0.));
#7277 = ( GEOMETRIC_REPRESENTATION_CONTEXT(2) 
PARAMETRIC_REPRESENTATION_CONTEXT() REPRESENTATION_CONTEXT('2D SPACE',''
  ) );
#7278 = ORIENTED_EDGE('',*,*,#6843,.T.);
#7279 = ORIENTED_EDGE('',*,*,#7280,.T.);
#7280 = EDGE_CURVE('',#6844,#6164,#7281,.T.);
#7281 = SURFACE_CURVE('',#7282,(#7286,#7293),.PCURVE_S1.);
#7282 = LINE('',#7283,#7284);
#7283 = CARTESIAN_POINT('',(-30.,20.,36.));
#7284 = VECTOR('',#7285,1.);
#7285 = DIRECTION('',(1.,0.,0.));
#7286 = PCURVE('',#6211,#7287);
#7287 = DEFINITIONAL_REPRESENTATION('',(#7288),#7292);
#7288 = LINE('',#7289,#7290);
#7289 = CARTESIAN_POINT('',(16.,0.));
#7290 = VECTOR('',#7291,1.);
#7291 = DIRECTION('',(0.,1.));
#7292 = ( GEOMETRIC_REPRESENTATION_CONTEXT(2) 
PARAMETRIC_REPRESENTATION_CONTEXT() REPRESENTATION_CONTEXT('2D SPACE',''
  ) );
#7293 = PCURVE('',#6180,#7294);
#7294 = DEFINITIONAL_REPRESENTATION('',(#7295),#7299);
#7295 = LINE('',#7296,#7297);
#7296 = CARTESIAN_POINT('',(0.,40.));
#7297 = VECTOR('',#7298,1.);
#7298 = DIRECTION('',(1.,0.));
#7299 = ( GEOMETRIC_REPRESENTATION_CONTEXT(2) 
PARAMETRIC_REPRESENTATION_CONTEXT() REPRESENTATION_CONTEXT('2D SPACE',''
  ) );
#7300 = ORIENTED_EDGE('',*,*,#6196,.T.);
#7301 = ORIENTED_EDGE('',*,*,#7302,.T.);
#7302 = EDGE_CURVE('',#6197,#6223,#7303,.T.);
#7303 = SURFACE_CURVE('',#7304,(#7308,#7314),.PCURVE_S1.);
#7304 = LINE('',#7305,#7306);
#7305 = CARTESIAN_POINT('',(-29.,20.,33.));
#7306 = VECTOR('',#7307,1.);
#7307 = DIRECTION('',(1.,0.,0.));
#7308 = PCURVE('',#6211,#7309);
#7309 = DEFINITIONAL_REPRESENTATION('',(#7310),#7313);
#7310 = B_SPLINE_CURVE_WITH_KNOTS('',1,(#7311,#7312),.UNSPECIFIED.,.F.,
  .F.,(2,2),(-1.,3.1),.PIECEWISE_BEZIER_KNOTS.);
#7311 = CARTESIAN_POINT('',(13.,0.));
#7312 = CARTESIAN_POINT('',(13.,4.1));
#7313 = ( GEOMETRIC_REPRESENTATION_CONTEXT(2) 
PARAMETRIC_REPRESENTATION_CONTEXT() REPRESENTATION_CONTEXT('2D SPACE',''
  ) );
#7314 = PCURVE('',#6239,#7315);
#7315 = DEFINITIONAL_REPRESENTATION('',(#7316),#7319);
#7316 = B_SPLINE_CURVE_WITH_KNOTS('',1,(#7317,#7318),.UNSPECIFIED.,.F.,
  .F.,(2,2),(-1.,3.1),.PIECEWISE_BEZIER_KNOTS.);
#7317 = CARTESIAN_POINT('',(-2.,2.));
#7318 = CARTESIAN_POINT('',(2.1,2.));
#7319 = ( GEOMETRIC_REPRESENTATION_CONTEXT(2) 
PARAMETRIC_REPRESENTATION_CONTEXT() REPRESENTATION_CONTEXT('2D SPACE',''
  ) );
#7320 = ORIENTED_EDGE('',*,*,#6251,.F.);
#7321 = ORIENTED_EDGE('',*,*,#6743,.T.);
#7322 = ORIENTED_EDGE('',*,*,#6400,.T.);
#7323 = ORIENTED_EDGE('',*,*,#7324,.T.);
#7324 = EDGE_CURVE('',#6401,#6422,#7325,.T.);
#7325 = SURFACE_CURVE('',#7326,(#7330,#7336),.PCURVE_S1.);
#7326 = LINE('',#7327,#7328);
#7327 = CARTESIAN_POINT('',(-1.,20.,33.));
#7328 = VECTOR('',#7329,1.);
#7329 = DIRECTION('',(1.,0.,0.));
#7330 = PCURVE('',#6211,#7331);
#7331 = DEFINITIONAL_REPRESENTATION('',(#7332),#7335);
#7332 = B_SPLINE_CURVE_WITH_KNOTS('',1,(#7333,#7334),.UNSPECIFIED.,.F.,
  .F.,(2,2),(26.9,31.),.PIECEWISE_BEZIER_KNOTS.);
#7333 = CARTESIAN_POINT('',(13.,55.9));
#7334 = CARTESIAN_POINT('',(13.,60.));
#7335 = ( GEOMETRIC_REPRESENTATION_CONTEXT(2) 
PARAMETRIC_REPRESENTATION_CONTEXT() REPRESENTATION_CONTEXT('2D SPACE',''
  ) );
#7336 = PCURVE('',#6438,#7337);
#7337 = DEFINITIONAL_REPRESENTATION('',(#7338),#7341);
#7338 = B_SPLINE_CURVE_WITH_KNOTS('',1,(#7339,#7340),.UNSPECIFIED.,.F.,
  .F.,(2,2),(26.9,31.),.PIECEWISE_BEZIER_KNOTS.);
#7339 = CARTESIAN_POINT('',(-2.1,2.));
#7340 = CARTESIAN_POINT('',(2.,2.));
#7341 = ( GEOMETRIC_REPRESENTATION_CONTEXT(2) 
PARAMETRIC_REPRESENTATION_CONTEXT() REPRESENTATION_CONTEXT('2D SPACE',''
  ) );
#7342 = ORIENTED_EDGE('',*,*,#6450,.F.);
#7343 = FACE_BOUND('',#7344,.F.);
#7344 = EDGE_LOOP('',(#7345));
#7345 = ORIENTED_EDGE('',*,*,#6550,.F.);
#7346 = FACE_BOUND('',#7347,.F.);
#7347 = EDGE_LOOP('',(#7348));
#7348 = ORIENTED_EDGE('',*,*,#6600,.F.);
#7349 = FACE_BOUND('',#7350,.F.);
#7350 = EDGE_LOOP('',(#7351));
#7351 = ORIENTED_EDGE('',*,*,#6650,.F.);
#7352 = ADVANCED_FACE('',(#7353),#6239,.T.);
#7353 = FACE_BOUND('',#7354,.T.);
#7354 = EDGE_LOOP('',(#7355,#7356));
#7355 = ORIENTED_EDGE('',*,*,#7302,.T.);
#7356 = ORIENTED_EDGE('',*,*,#6222,.T.);
#7357 = ADVANCED_FACE('',(#7358),#6180,.F.);
#7358 = FACE_BOUND('',#7359,.F.);
#7359 = EDGE_LOOP('',(#7360,#7361,#7362));
#7360 = ORIENTED_EDGE('',*,*,#6866,.F.);
#7361 = ORIENTED_EDGE('',*,*,#6163,.T.);
#7362 = ORIENTED_EDGE('',*,*,#7280,.F.);
#7363 = ADVANCED_FACE('',(#7364),#6130,.T.);
#7364 = FACE_BOUND('',#7365,.T.);
#7365 = EDGE_LOOP('',(#7366,#7367));
#7366 = ORIENTED_EDGE('',*,*,#6113,.T.);
#7367 = ORIENTED_EDGE('',*,*,#6888,.F.);
#7368 = ADVANCED_FACE('',(#7369),#6292,.T.);
#7369 = FACE_BOUND('',#7370,.T.);
#7370 = EDGE_LOOP('',(#7371,#7372,#7373));
#7371 = ORIENTED_EDGE('',*,*,#6327,.T.);
#7372 = ORIENTED_EDGE('',*,*,#6273,.T.);
#7373 = ORIENTED_EDGE('',*,*,#7198,.T.);
#7374 = ADVANCED_FACE('',(#7375),#6488,.F.);
#7375 = FACE_BOUND('',#7376,.F.);
#7376 = EDGE_LOOP('',(#7377,#7378,#7379));
#7377 = ORIENTED_EDGE('',*,*,#7236,.F.);
#7378 = ORIENTED_EDGE('',*,*,#6471,.T.);
#7379 = ORIENTED_EDGE('',*,*,#7176,.T.);
#7380 = ADVANCED_FACE('',(#7381),#6438,.T.);
#7381 = FACE_BOUND('',#7382,.T.);
#7382 = EDGE_LOOP('',(#7383,#7384));
#7383 = ORIENTED_EDGE('',*,*,#7324,.T.);
#7384 = ORIENTED_EDGE('',*,*,#6421,.T.);
#7385 = ADVANCED_FACE('',(#7386),#6831,.T.);
#7386 = FACE_BOUND('',#7387,.T.);
#7387 = EDGE_LOOP('',(#7388,#7389,#7390,#7391));
#7388 = ORIENTED_EDGE('',*,*,#6815,.F.);
#7389 = ORIENTED_EDGE('',*,*,#7010,.T.);
#7390 = ORIENTED_EDGE('',*,*,#7130,.T.);
#7391 = ORIENTED_EDGE('',*,*,#7258,.F.);
#7392 = ( GEOMETRIC_REPRESENTATION_CONTEXT(3) 
GLOBAL_UNCERTAINTY_ASSIGNED_CONTEXT((#7396)) 
GLOBAL_UNIT_ASSIGNED_CONTEXT((#7393,#7394,#7395)) REPRESENTATION_CONTEXT
('Context #1','3D Context with UNIT and UNCERTAINTY') );
#7393 = ( LENGTH_UNIT() NAMED_UNIT(*) SI_UNIT(.MILLI.,.METRE.) );
#7394 = ( NAMED_UNIT(*) PLANE_ANGLE_UNIT() SI_UNIT($,.RADIAN.) );
#7395 = ( NAMED_UNIT(*) SI_UNIT($,.STERADIAN.) SOLID_ANGLE_UNIT() );
#7396 = UNCERTAINTY_MEASURE_WITH_UNIT(LENGTH_MEASURE(1.E-07),#7393,
  'distance_accuracy_value','confusion accuracy');
#7397 = CONTEXT_DEPENDENT_SHAPE_REPRESENTATION(#7398,#7400);
#7398 = ( REPRESENTATION_RELATIONSHIP('','',#4901,#10) 
REPRESENTATION_RELATIONSHIP_WITH_TRANSFORMATION(#7399) 
SHAPE_REPRESENTATION_RELATIONSHIP() );
#7399 = ITEM_DEFINED_TRANSFORMATION('','',#11,#27);
#7400 = PRODUCT_DEFINITION_SHAPE('Placement','Placement of an item',
  #7401);
#7401 = NEXT_ASSEMBLY_USAGE_OCCURRENCE('6','Caixa_Eletronica','',#5,
  #4896,$);
#7402 = PRODUCT_RELATED_PRODUCT_CATEGORY('part',$,(#4898));
#7403 = SHAPE_DEFINITION_REPRESENTATION(#7404,#7410);
#7404 = PRODUCT_DEFINITION_SHAPE('','',#7405);
#7405 = PRODUCT_DEFINITION('design','',#7406,#7409);
#7406 = PRODUCT_DEFINITION_FORMATION('','',#7407);
#7407 = PRODUCT('Tampa','Tampa','',(#7408));
#7408 = PRODUCT_CONTEXT('',#2,'mechanical');
#7409 = PRODUCT_DEFINITION_CONTEXT('part definition',#2,'design');
#7410 = ADVANCED_BREP_SHAPE_REPRESENTATION('',(#11,#7411),#8431);
#7411 = MANIFOLD_SOLID_BREP('',#7412);
#7412 = CLOSED_SHELL('',(#7413,#7533,#7609,#7798,#7847,#7988,#7995,#8054
    ,#8108,#8162,#8216,#8287,#8336,#8385,#8412));
#7413 = ADVANCED_FACE('',(#7414),#7428,.F.);
#7414 = FACE_BOUND('',#7415,.F.);
#7415 = EDGE_LOOP('',(#7416,#7451,#7479,#7507));
#7416 = ORIENTED_EDGE('',*,*,#7417,.F.);
#7417 = EDGE_CURVE('',#7418,#7420,#7422,.T.);
#7418 = VERTEX_POINT('',#7419);
#7419 = CARTESIAN_POINT('',(-34.,-24.,39.));
#7420 = VERTEX_POINT('',#7421);
#7421 = CARTESIAN_POINT('',(-34.,-24.,43.));
#7422 = SURFACE_CURVE('',#7423,(#7427,#7439),.PCURVE_S1.);
#7423 = LINE('',#7424,#7425);
#7424 = CARTESIAN_POINT('',(-34.,-24.,39.));
#7425 = VECTOR('',#7426,1.);
#7426 = DIRECTION('',(0.,0.,1.));
#7427 = PCURVE('',#7428,#7433);
#7428 = PLANE('',#7429);
#7429 = AXIS2_PLACEMENT_3D('',#7430,#7431,#7432);
#7430 = CARTESIAN_POINT('',(-34.,-24.,39.));
#7431 = DIRECTION('',(1.,0.,0.));
#7432 = DIRECTION('',(0.,0.,1.));
#7433 = DEFINITIONAL_REPRESENTATION('',(#7434),#7438);
#7434 = LINE('',#7435,#7436);
#7435 = CARTESIAN_POINT('',(0.,0.));
#7436 = VECTOR('',#7437,1.);
#7437 = DIRECTION('',(1.,0.));
#7438 = ( GEOMETRIC_REPRESENTATION_CONTEXT(2) 
PARAMETRIC_REPRESENTATION_CONTEXT() REPRESENTATION_CONTEXT('2D SPACE',''
  ) );
#7439 = PCURVE('',#7440,#7445);
#7440 = PLANE('',#7441);
#7441 = AXIS2_PLACEMENT_3D('',#7442,#7443,#7444);
#7442 = CARTESIAN_POINT('',(-34.,-24.,39.));
#7443 = DIRECTION('',(0.,1.,0.));
#7444 = DIRECTION('',(0.,0.,1.));
#7445 = DEFINITIONAL_REPRESENTATION('',(#7446),#7450);
#7446 = LINE('',#7447,#7448);
#7447 = CARTESIAN_POINT('',(0.,0.));
#7448 = VECTOR('',#7449,1.);
#7449 = DIRECTION('',(1.,0.));
#7450 = ( GEOMETRIC_REPRESENTATION_CONTEXT(2) 
PARAMETRIC_REPRESENTATION_CONTEXT() REPRESENTATION_CONTEXT('2D SPACE',''
  ) );
#7451 = ORIENTED_EDGE('',*,*,#7452,.T.);
#7452 = EDGE_CURVE('',#7418,#7453,#7455,.T.);
#7453 = VERTEX_POINT('',#7454);
#7454 = CARTESIAN_POINT('',(-34.,24.,39.));
#7455 = SURFACE_CURVE('',#7456,(#7460,#7467),.PCURVE_S1.);
#7456 = LINE('',#7457,#7458);
#7457 = CARTESIAN_POINT('',(-34.,-24.,39.));
#7458 = VECTOR('',#7459,1.);
#7459 = DIRECTION('',(0.,1.,0.));
#7460 = PCURVE('',#7428,#7461);
#7461 = DEFINITIONAL_REPRESENTATION('',(#7462),#7466);
#7462 = LINE('',#7463,#7464);
#7463 = CARTESIAN_POINT('',(0.,0.));
#7464 = VECTOR('',#7465,1.);
#7465 = DIRECTION('',(0.,-1.));
#7466 = ( GEOMETRIC_REPRESENTATION_CONTEXT(2) 
PARAMETRIC_REPRESENTATION_CONTEXT() REPRESENTATION_CONTEXT('2D SPACE',''
  ) );
#7467 = PCURVE('',#7468,#7473);
#7468 = PLANE('',#7469);
#7469 = AXIS2_PLACEMENT_3D('',#7470,#7471,#7472);
#7470 = CARTESIAN_POINT('',(-34.,-24.,39.));
#7471 = DIRECTION('',(0.,0.,1.));
#7472 = DIRECTION('',(1.,0.,0.));
#7473 = DEFINITIONAL_REPRESENTATION('',(#7474),#7478);
#7474 = LINE('',#7475,#7476);
#7475 = CARTESIAN_POINT('',(0.,0.));
#7476 = VECTOR('',#7477,1.);
#7477 = DIRECTION('',(0.,1.));
#7478 = ( GEOMETRIC_REPRESENTATION_CONTEXT(2) 
PARAMETRIC_REPRESENTATION_CONTEXT() REPRESENTATION_CONTEXT('2D SPACE',''
  ) );
#7479 = ORIENTED_EDGE('',*,*,#7480,.T.);
#7480 = EDGE_CURVE('',#7453,#7481,#7483,.T.);
#7481 = VERTEX_POINT('',#7482);
#7482 = CARTESIAN_POINT('',(-34.,24.,43.));
#7483 = SURFACE_CURVE('',#7484,(#7488,#7495),.PCURVE_S1.);
#7484 = LINE('',#7485,#7486);
#7485 = CARTESIAN_POINT('',(-34.,24.,39.));
#7486 = VECTOR('',#7487,1.);
#7487 = DIRECTION('',(0.,0.,1.));
#7488 = PCURVE('',#7428,#7489);
#7489 = DEFINITIONAL_REPRESENTATION('',(#7490),#7494);
#7490 = LINE('',#7491,#7492);
#7491 = CARTESIAN_POINT('',(0.,-48.));
#7492 = VECTOR('',#7493,1.);
#7493 = DIRECTION('',(1.,0.));
#7494 = ( GEOMETRIC_REPRESENTATION_CONTEXT(2) 
PARAMETRIC_REPRESENTATION_CONTEXT() REPRESENTATION_CONTEXT('2D SPACE',''
  ) );
#7495 = PCURVE('',#7496,#7501);
#7496 = PLANE('',#7497);
#7497 = AXIS2_PLACEMENT_3D('',#7498,#7499,#7500);
#7498 = CARTESIAN_POINT('',(-34.,24.,39.));
#7499 = DIRECTION('',(0.,1.,0.));
#7500 = DIRECTION('',(0.,0.,1.));
#7501 = DEFINITIONAL_REPRESENTATION('',(#7502),#7506);
#7502 = LINE('',#7503,#7504);
#7503 = CARTESIAN_POINT('',(0.,0.));
#7504 = VECTOR('',#7505,1.);
#7505 = DIRECTION('',(1.,0.));
#7506 = ( GEOMETRIC_REPRESENTATION_CONTEXT(2) 
PARAMETRIC_REPRESENTATION_CONTEXT() REPRESENTATION_CONTEXT('2D SPACE',''
  ) );
#7507 = ORIENTED_EDGE('',*,*,#7508,.F.);
#7508 = EDGE_CURVE('',#7420,#7481,#7509,.T.);
#7509 = SURFACE_CURVE('',#7510,(#7514,#7521),.PCURVE_S1.);
#7510 = LINE('',#7511,#7512);
#7511 = CARTESIAN_POINT('',(-34.,-24.,43.));
#7512 = VECTOR('',#7513,1.);
#7513 = DIRECTION('',(0.,1.,0.));
#7514 = PCURVE('',#7428,#7515);
#7515 = DEFINITIONAL_REPRESENTATION('',(#7516),#7520);
#7516 = LINE('',#7517,#7518);
#7517 = CARTESIAN_POINT('',(4.,0.));
#7518 = VECTOR('',#7519,1.);
#7519 = DIRECTION('',(0.,-1.));
#7520 = ( GEOMETRIC_REPRESENTATION_CONTEXT(2) 
PARAMETRIC_REPRESENTATION_CONTEXT() REPRESENTATION_CONTEXT('2D SPACE',''
  ) );
#7521 = PCURVE('',#7522,#7527);
#7522 = PLANE('',#7523);
#7523 = AXIS2_PLACEMENT_3D('',#7524,#7525,#7526);
#7524 = CARTESIAN_POINT('',(-34.,-24.,43.));
#7525 = DIRECTION('',(0.,0.,1.));
#7526 = DIRECTION('',(1.,0.,0.));
#7527 = DEFINITIONAL_REPRESENTATION('',(#7528),#7532);
#7528 = LINE('',#7529,#7530);
#7529 = CARTESIAN_POINT('',(0.,0.));
#7530 = VECTOR('',#7531,1.);
#7531 = DIRECTION('',(0.,1.));
#7532 = ( GEOMETRIC_REPRESENTATION_CONTEXT(2) 
PARAMETRIC_REPRESENTATION_CONTEXT() REPRESENTATION_CONTEXT('2D SPACE',''
  ) );
#7533 = ADVANCED_FACE('',(#7534),#7440,.F.);
#7534 = FACE_BOUND('',#7535,.F.);
#7535 = EDGE_LOOP('',(#7536,#7559,#7560,#7583));
#7536 = ORIENTED_EDGE('',*,*,#7537,.F.);
#7537 = EDGE_CURVE('',#7418,#7538,#7540,.T.);
#7538 = VERTEX_POINT('',#7539);
#7539 = CARTESIAN_POINT('',(34.,-24.,39.));
#7540 = SURFACE_CURVE('',#7541,(#7545,#7552),.PCURVE_S1.);
#7541 = LINE('',#7542,#7543);
#7542 = CARTESIAN_POINT('',(-34.,-24.,39.));
#7543 = VECTOR('',#7544,1.);
#7544 = DIRECTION('',(1.,0.,0.));
#7545 = PCURVE('',#7440,#7546);
#7546 = DEFINITIONAL_REPRESENTATION('',(#7547),#7551);
#7547 = LINE('',#7548,#7549);
#7548 = CARTESIAN_POINT('',(0.,0.));
#7549 = VECTOR('',#7550,1.);
#7550 = DIRECTION('',(0.,1.));
#7551 = ( GEOMETRIC_REPRESENTATION_CONTEXT(2) 
PARAMETRIC_REPRESENTATION_CONTEXT() REPRESENTATION_CONTEXT('2D SPACE',''
  ) );
#7552 = PCURVE('',#7468,#7553);
#7553 = DEFINITIONAL_REPRESENTATION('',(#7554),#7558);
#7554 = LINE('',#7555,#7556);
#7555 = CARTESIAN_POINT('',(0.,0.));
#7556 = VECTOR('',#7557,1.);
#7557 = DIRECTION('',(1.,0.));
#7558 = ( GEOMETRIC_REPRESENTATION_CONTEXT(2) 
PARAMETRIC_REPRESENTATION_CONTEXT() REPRESENTATION_CONTEXT('2D SPACE',''
  ) );
#7559 = ORIENTED_EDGE('',*,*,#7417,.T.);
#7560 = ORIENTED_EDGE('',*,*,#7561,.T.);
#7561 = EDGE_CURVE('',#7420,#7562,#7564,.T.);
#7562 = VERTEX_POINT('',#7563);
#7563 = CARTESIAN_POINT('',(34.,-24.,43.));
#7564 = SURFACE_CURVE('',#7565,(#7569,#7576),.PCURVE_S1.);
#7565 = LINE('',#7566,#7567);
#7566 = CARTESIAN_POINT('',(-34.,-24.,43.));
#7567 = VECTOR('',#7568,1.);
#7568 = DIRECTION('',(1.,0.,0.));
#7569 = PCURVE('',#7440,#7570);
#7570 = DEFINITIONAL_REPRESENTATION('',(#7571),#7575);
#7571 = LINE('',#7572,#7573);
#7572 = CARTESIAN_POINT('',(4.,0.));
#7573 = VECTOR('',#7574,1.);
#7574 = DIRECTION('',(0.,1.));
#7575 = ( GEOMETRIC_REPRESENTATION_CONTEXT(2) 
PARAMETRIC_REPRESENTATION_CONTEXT() REPRESENTATION_CONTEXT('2D SPACE',''
  ) );
#7576 = PCURVE('',#7522,#7577);
#7577 = DEFINITIONAL_REPRESENTATION('',(#7578),#7582);
#7578 = LINE('',#7579,#7580);
#7579 = CARTESIAN_POINT('',(0.,0.));
#7580 = VECTOR('',#7581,1.);
#7581 = DIRECTION('',(1.,0.));
#7582 = ( GEOMETRIC_REPRESENTATION_CONTEXT(2) 
PARAMETRIC_REPRESENTATION_CONTEXT() REPRESENTATION_CONTEXT('2D SPACE',''
  ) );
#7583 = ORIENTED_EDGE('',*,*,#7584,.F.);
#7584 = EDGE_CURVE('',#7538,#7562,#7585,.T.);
#7585 = SURFACE_CURVE('',#7586,(#7590,#7597),.PCURVE_S1.);
#7586 = LINE('',#7587,#7588);
#7587 = CARTESIAN_POINT('',(34.,-24.,39.));
#7588 = VECTOR('',#7589,1.);
#7589 = DIRECTION('',(0.,0.,1.));
#7590 = PCURVE('',#7440,#7591);
#7591 = DEFINITIONAL_REPRESENTATION('',(#7592),#7596);
#7592 = LINE('',#7593,#7594);
#7593 = CARTESIAN_POINT('',(0.,68.));
#7594 = VECTOR('',#7595,1.);
#7595 = DIRECTION('',(1.,0.));
#7596 = ( GEOMETRIC_REPRESENTATION_CONTEXT(2) 
PARAMETRIC_REPRESENTATION_CONTEXT() REPRESENTATION_CONTEXT('2D SPACE',''
  ) );
#7597 = PCURVE('',#7598,#7603);
#7598 = PLANE('',#7599);
#7599 = AXIS2_PLACEMENT_3D('',#7600,#7601,#7602);
#7600 = CARTESIAN_POINT('',(34.,-24.,39.));
#7601 = DIRECTION('',(1.,0.,0.));
#7602 = DIRECTION('',(0.,0.,1.));
#7603 = DEFINITIONAL_REPRESENTATION('',(#7604),#7608);
#7604 = LINE('',#7605,#7606);
#7605 = CARTESIAN_POINT('',(0.,0.));
#7606 = VECTOR('',#7607,1.);
#7607 = DIRECTION('',(1.,0.));
#7608 = ( GEOMETRIC_REPRESENTATION_CONTEXT(2) 
PARAMETRIC_REPRESENTATION_CONTEXT() REPRESENTATION_CONTEXT('2D SPACE',''
  ) );
#7609 = ADVANCED_FACE('',(#7610,#7658,#7693,#7728,#7763),#7522,.T.);
#7610 = FACE_BOUND('',#7611,.T.);
#7611 = EDGE_LOOP('',(#7612,#7613,#7614,#7637));
#7612 = ORIENTED_EDGE('',*,*,#7508,.F.);
#7613 = ORIENTED_EDGE('',*,*,#7561,.T.);
#7614 = ORIENTED_EDGE('',*,*,#7615,.T.);
#7615 = EDGE_CURVE('',#7562,#7616,#7618,.T.);
#7616 = VERTEX_POINT('',#7617);
#7617 = CARTESIAN_POINT('',(34.,24.,43.));
#7618 = SURFACE_CURVE('',#7619,(#7623,#7630),.PCURVE_S1.);
#7619 = LINE('',#7620,#7621);
#7620 = CARTESIAN_POINT('',(34.,-24.,43.));
#7621 = VECTOR('',#7622,1.);
#7622 = DIRECTION('',(0.,1.,0.));
#7623 = PCURVE('',#7522,#7624);
#7624 = DEFINITIONAL_REPRESENTATION('',(#7625),#7629);
#7625 = LINE('',#7626,#7627);
#7626 = CARTESIAN_POINT('',(68.,0.));
#7627 = VECTOR('',#7628,1.);
#7628 = DIRECTION('',(0.,1.));
#7629 = ( GEOMETRIC_REPRESENTATION_CONTEXT(2) 
PARAMETRIC_REPRESENTATION_CONTEXT() REPRESENTATION_CONTEXT('2D SPACE',''
  ) );
#7630 = PCURVE('',#7598,#7631);
#7631 = DEFINITIONAL_REPRESENTATION('',(#7632),#7636);
#7632 = LINE('',#7633,#7634);
#7633 = CARTESIAN_POINT('',(4.,0.));
#7634 = VECTOR('',#7635,1.);
#7635 = DIRECTION('',(0.,-1.));
#7636 = ( GEOMETRIC_REPRESENTATION_CONTEXT(2) 
PARAMETRIC_REPRESENTATION_CONTEXT() REPRESENTATION_CONTEXT('2D SPACE',''
  ) );
#7637 = ORIENTED_EDGE('',*,*,#7638,.F.);
#7638 = EDGE_CURVE('',#7481,#7616,#7639,.T.);
#7639 = SURFACE_CURVE('',#7640,(#7644,#7651),.PCURVE_S1.);
#7640 = LINE('',#7641,#7642);
#7641 = CARTESIAN_POINT('',(-34.,24.,43.));
#7642 = VECTOR('',#7643,1.);
#7643 = DIRECTION('',(1.,0.,0.));
#7644 = PCURVE('',#7522,#7645);
#7645 = DEFINITIONAL_REPRESENTATION('',(#7646),#7650);
#7646 = LINE('',#7647,#7648);
#7647 = CARTESIAN_POINT('',(0.,48.));
#7648 = VECTOR('',#7649,1.);
#7649 = DIRECTION('',(1.,0.));
#7650 = ( GEOMETRIC_REPRESENTATION_CONTEXT(2) 
PARAMETRIC_REPRESENTATION_CONTEXT() REPRESENTATION_CONTEXT('2D SPACE',''
  ) );
#7651 = PCURVE('',#7496,#7652);
#7652 = DEFINITIONAL_REPRESENTATION('',(#7653),#7657);
#7653 = LINE('',#7654,#7655);
#7654 = CARTESIAN_POINT('',(4.,0.));
#7655 = VECTOR('',#7656,1.);
#7656 = DIRECTION('',(0.,1.));
#7657 = ( GEOMETRIC_REPRESENTATION_CONTEXT(2) 
PARAMETRIC_REPRESENTATION_CONTEXT() REPRESENTATION_CONTEXT('2D SPACE',''
  ) );
#7658 = FACE_BOUND('',#7659,.T.);
#7659 = EDGE_LOOP('',(#7660));
#7660 = ORIENTED_EDGE('',*,*,#7661,.T.);
#7661 = EDGE_CURVE('',#7662,#7662,#7664,.T.);
#7662 = VERTEX_POINT('',#7663);
#7663 = CARTESIAN_POINT('',(-25.9,-18.,43.));
#7664 = SURFACE_CURVE('',#7665,(#7670,#7681),.PCURVE_S1.);
#7665 = CIRCLE('',#7666,2.1);
#7666 = AXIS2_PLACEMENT_3D('',#7667,#7668,#7669);
#7667 = CARTESIAN_POINT('',(-28.,-18.,43.));
#7668 = DIRECTION('',(0.,0.,-1.));
#7669 = DIRECTION('',(1.,0.,0.));
#7670 = PCURVE('',#7522,#7671);
#7671 = DEFINITIONAL_REPRESENTATION('',(#7672),#7680);
#7672 = ( BOUNDED_CURVE() B_SPLINE_CURVE(2,(#7673,#7674,#7675,#7676,
#7677,#7678,#7679),.UNSPECIFIED.,.T.,.F.) B_SPLINE_CURVE_WITH_KNOTS((1,2
    ,2,2,2,1),(-2.094395102393,0.,2.094395102393,4.188790204786,
6.28318530718,8.377580409573),.UNSPECIFIED.) CURVE() 
GEOMETRIC_REPRESENTATION_ITEM() RATIONAL_B_SPLINE_CURVE((1.,0.5,1.,0.5,
1.,0.5,1.)) REPRESENTATION_ITEM('') );
#7673 = CARTESIAN_POINT('',(8.1,6.));
#7674 = CARTESIAN_POINT('',(8.1,2.362693304105));
#7675 = CARTESIAN_POINT('',(4.95,4.181346652053));
#7676 = CARTESIAN_POINT('',(1.8,6.));
#7677 = CARTESIAN_POINT('',(4.95,7.818653347947));
#7678 = CARTESIAN_POINT('',(8.1,9.637306695895));
#7679 = CARTESIAN_POINT('',(8.1,6.));
#7680 = ( GEOMETRIC_REPRESENTATION_CONTEXT(2) 
PARAMETRIC_REPRESENTATION_CONTEXT() REPRESENTATION_CONTEXT('2D SPACE',''
  ) );
#7681 = PCURVE('',#7682,#7687);
#7682 = CYLINDRICAL_SURFACE('',#7683,2.1);
#7683 = AXIS2_PLACEMENT_3D('',#7684,#7685,#7686);
#7684 = CARTESIAN_POINT('',(-28.,-18.,36.));
#7685 = DIRECTION('',(-0.,-0.,-1.));
#7686 = DIRECTION('',(1.,0.,0.));
#7687 = DEFINITIONAL_REPRESENTATION('',(#7688),#7692);
#7688 = LINE('',#7689,#7690);
#7689 = CARTESIAN_POINT('',(-6.28318530718,-7.));
#7690 = VECTOR('',#7691,1.);
#7691 = DIRECTION('',(1.,-0.));
#7692 = ( GEOMETRIC_REPRESENTATION_CONTEXT(2) 
PARAMETRIC_REPRESENTATION_CONTEXT() REPRESENTATION_CONTEXT('2D SPACE',''
  ) );
#7693 = FACE_BOUND('',#7694,.T.);
#7694 = EDGE_LOOP('',(#7695));
#7695 = ORIENTED_EDGE('',*,*,#7696,.T.);
#7696 = EDGE_CURVE('',#7697,#7697,#7699,.T.);
#7697 = VERTEX_POINT('',#7698);
#7698 = CARTESIAN_POINT('',(30.1,-18.,43.));
#7699 = SURFACE_CURVE('',#7700,(#7705,#7716),.PCURVE_S1.);
#7700 = CIRCLE('',#7701,2.1);
#7701 = AXIS2_PLACEMENT_3D('',#7702,#7703,#7704);
#7702 = CARTESIAN_POINT('',(28.,-18.,43.));
#7703 = DIRECTION('',(0.,0.,-1.));
#7704 = DIRECTION('',(1.,0.,0.));
#7705 = PCURVE('',#7522,#7706);
#7706 = DEFINITIONAL_REPRESENTATION('',(#7707),#7715);
#7707 = ( BOUNDED_CURVE() B_SPLINE_CURVE(2,(#7708,#7709,#7710,#7711,
#7712,#7713,#7714),.UNSPECIFIED.,.T.,.F.) B_SPLINE_CURVE_WITH_KNOTS((1,2
    ,2,2,2,1),(-2.094395102393,0.,2.094395102393,4.188790204786,
6.28318530718,8.377580409573),.UNSPECIFIED.) CURVE() 
GEOMETRIC_REPRESENTATION_ITEM() RATIONAL_B_SPLINE_CURVE((1.,0.5,1.,0.5,
1.,0.5,1.)) REPRESENTATION_ITEM('') );
#7708 = CARTESIAN_POINT('',(64.1,6.));
#7709 = CARTESIAN_POINT('',(64.1,2.362693304105));
#7710 = CARTESIAN_POINT('',(60.95,4.181346652053));
#7711 = CARTESIAN_POINT('',(57.8,6.));
#7712 = CARTESIAN_POINT('',(60.95,7.818653347947));
#7713 = CARTESIAN_POINT('',(64.1,9.637306695895));
#7714 = CARTESIAN_POINT('',(64.1,6.));
#7715 = ( GEOMETRIC_REPRESENTATION_CONTEXT(2) 
PARAMETRIC_REPRESENTATION_CONTEXT() REPRESENTATION_CONTEXT('2D SPACE',''
  ) );
#7716 = PCURVE('',#7717,#7722);
#7717 = CYLINDRICAL_SURFACE('',#7718,2.1);
#7718 = AXIS2_PLACEMENT_3D('',#7719,#7720,#7721);
#7719 = CARTESIAN_POINT('',(28.,-18.,36.));
#7720 = DIRECTION('',(-0.,-0.,-1.));
#7721 = DIRECTION('',(1.,0.,0.));
#7722 = DEFINITIONAL_REPRESENTATION('',(#7723),#7727);
#7723 = LINE('',#7724,#7725);
#7724 = CARTESIAN_POINT('',(-6.28318530718,-7.));
#7725 = VECTOR('',#7726,1.);
#7726 = DIRECTION('',(1.,-0.));
#7727 = ( GEOMETRIC_REPRESENTATION_CONTEXT(2) 
PARAMETRIC_REPRESENTATION_CONTEXT() REPRESENTATION_CONTEXT('2D SPACE',''
  ) );
#7728 = FACE_BOUND('',#7729,.T.);
#7729 = EDGE_LOOP('',(#7730));
#7730 = ORIENTED_EDGE('',*,*,#7731,.T.);
#7731 = EDGE_CURVE('',#7732,#7732,#7734,.T.);
#7732 = VERTEX_POINT('',#7733);
#7733 = CARTESIAN_POINT('',(-25.9,18.,43.));
#7734 = SURFACE_CURVE('',#7735,(#7740,#7751),.PCURVE_S1.);
#7735 = CIRCLE('',#7736,2.1);
#7736 = AXIS2_PLACEMENT_3D('',#7737,#7738,#7739);
#7737 = CARTESIAN_POINT('',(-28.,18.,43.));
#7738 = DIRECTION('',(0.,0.,-1.));
#7739 = DIRECTION('',(1.,0.,0.));
#7740 = PCURVE('',#7522,#7741);
#7741 = DEFINITIONAL_REPRESENTATION('',(#7742),#7750);
#7742 = ( BOUNDED_CURVE() B_SPLINE_CURVE(2,(#7743,#7744,#7745,#7746,
#7747,#7748,#7749),.UNSPECIFIED.,.T.,.F.) B_SPLINE_CURVE_WITH_KNOTS((1,2
    ,2,2,2,1),(-2.094395102393,0.,2.094395102393,4.188790204786,
6.28318530718,8.377580409573),.UNSPECIFIED.) CURVE() 
GEOMETRIC_REPRESENTATION_ITEM() RATIONAL_B_SPLINE_CURVE((1.,0.5,1.,0.5,
1.,0.5,1.)) REPRESENTATION_ITEM('') );
#7743 = CARTESIAN_POINT('',(8.1,42.));
#7744 = CARTESIAN_POINT('',(8.1,38.362693304105));
#7745 = CARTESIAN_POINT('',(4.95,40.181346652053));
#7746 = CARTESIAN_POINT('',(1.8,42.));
#7747 = CARTESIAN_POINT('',(4.95,43.818653347947));
#7748 = CARTESIAN_POINT('',(8.1,45.637306695895));
#7749 = CARTESIAN_POINT('',(8.1,42.));
#7750 = ( GEOMETRIC_REPRESENTATION_CONTEXT(2) 
PARAMETRIC_REPRESENTATION_CONTEXT() REPRESENTATION_CONTEXT('2D SPACE',''
  ) );
#7751 = PCURVE('',#7752,#7757);
#7752 = CYLINDRICAL_SURFACE('',#7753,2.1);
#7753 = AXIS2_PLACEMENT_3D('',#7754,#7755,#7756);
#7754 = CARTESIAN_POINT('',(-28.,18.,36.));
#7755 = DIRECTION('',(-0.,-0.,-1.));
#7756 = DIRECTION('',(1.,0.,0.));
#7757 = DEFINITIONAL_REPRESENTATION('',(#7758),#7762);
#7758 = LINE('',#7759,#7760);
#7759 = CARTESIAN_POINT('',(-6.28318530718,-7.));
#7760 = VECTOR('',#7761,1.);
#7761 = DIRECTION('',(1.,-0.));
#7762 = ( GEOMETRIC_REPRESENTATION_CONTEXT(2) 
PARAMETRIC_REPRESENTATION_CONTEXT() REPRESENTATION_CONTEXT('2D SPACE',''
  ) );
#7763 = FACE_BOUND('',#7764,.T.);
#7764 = EDGE_LOOP('',(#7765));
#7765 = ORIENTED_EDGE('',*,*,#7766,.T.);
#7766 = EDGE_CURVE('',#7767,#7767,#7769,.T.);
#7767 = VERTEX_POINT('',#7768);
#7768 = CARTESIAN_POINT('',(30.1,18.,43.));
#7769 = SURFACE_CURVE('',#7770,(#7775,#7786),.PCURVE_S1.);
#7770 = CIRCLE('',#7771,2.1);
#7771 = AXIS2_PLACEMENT_3D('',#7772,#7773,#7774);
#7772 = CARTESIAN_POINT('',(28.,18.,43.));
#7773 = DIRECTION('',(0.,0.,-1.));
#7774 = DIRECTION('',(1.,0.,0.));
#7775 = PCURVE('',#7522,#7776);
#7776 = DEFINITIONAL_REPRESENTATION('',(#7777),#7785);
#7777 = ( BOUNDED_CURVE() B_SPLINE_CURVE(2,(#7778,#7779,#7780,#7781,
#7782,#7783,#7784),.UNSPECIFIED.,.T.,.F.) B_SPLINE_CURVE_WITH_KNOTS((1,2
    ,2,2,2,1),(-2.094395102393,0.,2.094395102393,4.188790204786,
6.28318530718,8.377580409573),.UNSPECIFIED.) CURVE() 
GEOMETRIC_REPRESENTATION_ITEM() RATIONAL_B_SPLINE_CURVE((1.,0.5,1.,0.5,
1.,0.5,1.)) REPRESENTATION_ITEM('') );
#7778 = CARTESIAN_POINT('',(64.1,42.));
#7779 = CARTESIAN_POINT('',(64.1,38.362693304105));
#7780 = CARTESIAN_POINT('',(60.95,40.181346652053));
#7781 = CARTESIAN_POINT('',(57.8,42.));
#7782 = CARTESIAN_POINT('',(60.95,43.818653347947));
#7783 = CARTESIAN_POINT('',(64.1,45.637306695895));
#7784 = CARTESIAN_POINT('',(64.1,42.));
#7785 = ( GEOMETRIC_REPRESENTATION_CONTEXT(2) 
PARAMETRIC_REPRESENTATION_CONTEXT() REPRESENTATION_CONTEXT('2D SPACE',''
  ) );
#7786 = PCURVE('',#7787,#7792);
#7787 = CYLINDRICAL_SURFACE('',#7788,2.1);
#7788 = AXIS2_PLACEMENT_3D('',#7789,#7790,#7791);
#7789 = CARTESIAN_POINT('',(28.,18.,36.));
#7790 = DIRECTION('',(-0.,-0.,-1.));
#7791 = DIRECTION('',(1.,0.,0.));
#7792 = DEFINITIONAL_REPRESENTATION('',(#7793),#7797);
#7793 = LINE('',#7794,#7795);
#7794 = CARTESIAN_POINT('',(-6.28318530718,-7.));
#7795 = VECTOR('',#7796,1.);
#7796 = DIRECTION('',(1.,-0.));
#7797 = ( GEOMETRIC_REPRESENTATION_CONTEXT(2) 
PARAMETRIC_REPRESENTATION_CONTEXT() REPRESENTATION_CONTEXT('2D SPACE',''
  ) );
#7798 = ADVANCED_FACE('',(#7799),#7496,.T.);
#7799 = FACE_BOUND('',#7800,.T.);
#7800 = EDGE_LOOP('',(#7801,#7824,#7825,#7826));
#7801 = ORIENTED_EDGE('',*,*,#7802,.F.);
#7802 = EDGE_CURVE('',#7453,#7803,#7805,.T.);
#7803 = VERTEX_POINT('',#7804);
#7804 = CARTESIAN_POINT('',(34.,24.,39.));
#7805 = SURFACE_CURVE('',#7806,(#7810,#7817),.PCURVE_S1.);
#7806 = LINE('',#7807,#7808);
#7807 = CARTESIAN_POINT('',(-34.,24.,39.));
#7808 = VECTOR('',#7809,1.);
#7809 = DIRECTION('',(1.,0.,0.));
#7810 = PCURVE('',#7496,#7811);
#7811 = DEFINITIONAL_REPRESENTATION('',(#7812),#7816);
#7812 = LINE('',#7813,#7814);
#7813 = CARTESIAN_POINT('',(0.,0.));
#7814 = VECTOR('',#7815,1.);
#7815 = DIRECTION('',(0.,1.));
#7816 = ( GEOMETRIC_REPRESENTATION_CONTEXT(2) 
PARAMETRIC_REPRESENTATION_CONTEXT() REPRESENTATION_CONTEXT('2D SPACE',''
  ) );
#7817 = PCURVE('',#7468,#7818);
#7818 = DEFINITIONAL_REPRESENTATION('',(#7819),#7823);
#7819 = LINE('',#7820,#7821);
#7820 = CARTESIAN_POINT('',(0.,48.));
#7821 = VECTOR('',#7822,1.);
#7822 = DIRECTION('',(1.,0.));
#7823 = ( GEOMETRIC_REPRESENTATION_CONTEXT(2) 
PARAMETRIC_REPRESENTATION_CONTEXT() REPRESENTATION_CONTEXT('2D SPACE',''
  ) );
#7824 = ORIENTED_EDGE('',*,*,#7480,.T.);
#7825 = ORIENTED_EDGE('',*,*,#7638,.T.);
#7826 = ORIENTED_EDGE('',*,*,#7827,.F.);
#7827 = EDGE_CURVE('',#7803,#7616,#7828,.T.);
#7828 = SURFACE_CURVE('',#7829,(#7833,#7840),.PCURVE_S1.);
#7829 = LINE('',#7830,#7831);
#7830 = CARTESIAN_POINT('',(34.,24.,39.));
#7831 = VECTOR('',#7832,1.);
#7832 = DIRECTION('',(0.,0.,1.));
#7833 = PCURVE('',#7496,#7834);
#7834 = DEFINITIONAL_REPRESENTATION('',(#7835),#7839);
#7835 = LINE('',#7836,#7837);
#7836 = CARTESIAN_POINT('',(0.,68.));
#7837 = VECTOR('',#7838,1.);
#7838 = DIRECTION('',(1.,0.));
#7839 = ( GEOMETRIC_REPRESENTATION_CONTEXT(2) 
PARAMETRIC_REPRESENTATION_CONTEXT() REPRESENTATION_CONTEXT('2D SPACE',''
  ) );
#7840 = PCURVE('',#7598,#7841);
#7841 = DEFINITIONAL_REPRESENTATION('',(#7842),#7846);
#7842 = LINE('',#7843,#7844);
#7843 = CARTESIAN_POINT('',(0.,-48.));
#7844 = VECTOR('',#7845,1.);
#7845 = DIRECTION('',(1.,0.));
#7846 = ( GEOMETRIC_REPRESENTATION_CONTEXT(2) 
PARAMETRIC_REPRESENTATION_CONTEXT() REPRESENTATION_CONTEXT('2D SPACE',''
  ) );
#7847 = ADVANCED_FACE('',(#7848,#7874),#7468,.F.);
#7848 = FACE_BOUND('',#7849,.F.);
#7849 = EDGE_LOOP('',(#7850,#7851,#7852,#7873));
#7850 = ORIENTED_EDGE('',*,*,#7452,.F.);
#7851 = ORIENTED_EDGE('',*,*,#7537,.T.);
#7852 = ORIENTED_EDGE('',*,*,#7853,.T.);
#7853 = EDGE_CURVE('',#7538,#7803,#7854,.T.);
#7854 = SURFACE_CURVE('',#7855,(#7859,#7866),.PCURVE_S1.);
#7855 = LINE('',#7856,#7857);
#7856 = CARTESIAN_POINT('',(34.,-24.,39.));
#7857 = VECTOR('',#7858,1.);
#7858 = DIRECTION('',(0.,1.,0.));
#7859 = PCURVE('',#7468,#7860);
#7860 = DEFINITIONAL_REPRESENTATION('',(#7861),#7865);
#7861 = LINE('',#7862,#7863);
#7862 = CARTESIAN_POINT('',(68.,0.));
#7863 = VECTOR('',#7864,1.);
#7864 = DIRECTION('',(0.,1.));
#7865 = ( GEOMETRIC_REPRESENTATION_CONTEXT(2) 
PARAMETRIC_REPRESENTATION_CONTEXT() REPRESENTATION_CONTEXT('2D SPACE',''
  ) );
#7866 = PCURVE('',#7598,#7867);
#7867 = DEFINITIONAL_REPRESENTATION('',(#7868),#7872);
#7868 = LINE('',#7869,#7870);
#7869 = CARTESIAN_POINT('',(0.,0.));
#7870 = VECTOR('',#7871,1.);
#7871 = DIRECTION('',(0.,-1.));
#7872 = ( GEOMETRIC_REPRESENTATION_CONTEXT(2) 
PARAMETRIC_REPRESENTATION_CONTEXT() REPRESENTATION_CONTEXT('2D SPACE',''
  ) );
#7873 = ORIENTED_EDGE('',*,*,#7802,.F.);
#7874 = FACE_BOUND('',#7875,.F.);
#7875 = EDGE_LOOP('',(#7876,#7906,#7934,#7962));
#7876 = ORIENTED_EDGE('',*,*,#7877,.T.);
#7877 = EDGE_CURVE('',#7878,#7880,#7882,.T.);
#7878 = VERTEX_POINT('',#7879);
#7879 = CARTESIAN_POINT('',(-30.5,-20.5,39.));
#7880 = VERTEX_POINT('',#7881);
#7881 = CARTESIAN_POINT('',(-30.5,20.5,39.));
#7882 = SURFACE_CURVE('',#7883,(#7887,#7894),.PCURVE_S1.);
#7883 = LINE('',#7884,#7885);
#7884 = CARTESIAN_POINT('',(-30.5,-20.5,39.));
#7885 = VECTOR('',#7886,1.);
#7886 = DIRECTION('',(0.,1.,0.));
#7887 = PCURVE('',#7468,#7888);
#7888 = DEFINITIONAL_REPRESENTATION('',(#7889),#7893);
#7889 = LINE('',#7890,#7891);
#7890 = CARTESIAN_POINT('',(3.5,3.5));
#7891 = VECTOR('',#7892,1.);
#7892 = DIRECTION('',(0.,1.));
#7893 = ( GEOMETRIC_REPRESENTATION_CONTEXT(2) 
PARAMETRIC_REPRESENTATION_CONTEXT() REPRESENTATION_CONTEXT('2D SPACE',''
  ) );
#7894 = PCURVE('',#7895,#7900);
#7895 = PLANE('',#7896);
#7896 = AXIS2_PLACEMENT_3D('',#7897,#7898,#7899);
#7897 = CARTESIAN_POINT('',(-30.5,-20.5,37.));
#7898 = DIRECTION('',(1.,0.,0.));
#7899 = DIRECTION('',(0.,0.,1.));
#7900 = DEFINITIONAL_REPRESENTATION('',(#7901),#7905);
#7901 = LINE('',#7902,#7903);
#7902 = CARTESIAN_POINT('',(2.,0.));
#7903 = VECTOR('',#7904,1.);
#7904 = DIRECTION('',(0.,-1.));
#7905 = ( GEOMETRIC_REPRESENTATION_CONTEXT(2) 
PARAMETRIC_REPRESENTATION_CONTEXT() REPRESENTATION_CONTEXT('2D SPACE',''
  ) );
#7906 = ORIENTED_EDGE('',*,*,#7907,.T.);
#7907 = EDGE_CURVE('',#7880,#7908,#7910,.T.);
#7908 = VERTEX_POINT('',#7909);
#7909 = CARTESIAN_POINT('',(30.5,20.5,39.));
#7910 = SURFACE_CURVE('',#7911,(#7915,#7922),.PCURVE_S1.);
#7911 = LINE('',#7912,#7913);
#7912 = CARTESIAN_POINT('',(-30.5,20.5,39.));
#7913 = VECTOR('',#7914,1.);
#7914 = DIRECTION('',(1.,0.,0.));
#7915 = PCURVE('',#7468,#7916);
#7916 = DEFINITIONAL_REPRESENTATION('',(#7917),#7921);
#7917 = LINE('',#7918,#7919);
#7918 = CARTESIAN_POINT('',(3.5,44.5));
#7919 = VECTOR('',#7920,1.);
#7920 = DIRECTION('',(1.,0.));
#7921 = ( GEOMETRIC_REPRESENTATION_CONTEXT(2) 
PARAMETRIC_REPRESENTATION_CONTEXT() REPRESENTATION_CONTEXT('2D SPACE',''
  ) );
#7922 = PCURVE('',#7923,#7928);
#7923 = PLANE('',#7924);
#7924 = AXIS2_PLACEMENT_3D('',#7925,#7926,#7927);
#7925 = CARTESIAN_POINT('',(-30.5,20.5,37.));
#7926 = DIRECTION('',(0.,1.,0.));
#7927 = DIRECTION('',(0.,0.,1.));
#7928 = DEFINITIONAL_REPRESENTATION('',(#7929),#7933);
#7929 = LINE('',#7930,#7931);
#7930 = CARTESIAN_POINT('',(2.,0.));
#7931 = VECTOR('',#7932,1.);
#7932 = DIRECTION('',(0.,1.));
#7933 = ( GEOMETRIC_REPRESENTATION_CONTEXT(2) 
PARAMETRIC_REPRESENTATION_CONTEXT() REPRESENTATION_CONTEXT('2D SPACE',''
  ) );
#7934 = ORIENTED_EDGE('',*,*,#7935,.F.);
#7935 = EDGE_CURVE('',#7936,#7908,#7938,.T.);
#7936 = VERTEX_POINT('',#7937);
#7937 = CARTESIAN_POINT('',(30.5,-20.5,39.));
#7938 = SURFACE_CURVE('',#7939,(#7943,#7950),.PCURVE_S1.);
#7939 = LINE('',#7940,#7941);
#7940 = CARTESIAN_POINT('',(30.5,-20.5,39.));
#7941 = VECTOR('',#7942,1.);
#7942 = DIRECTION('',(0.,1.,0.));
#7943 = PCURVE('',#7468,#7944);
#7944 = DEFINITIONAL_REPRESENTATION('',(#7945),#7949);
#7945 = LINE('',#7946,#7947);
#7946 = CARTESIAN_POINT('',(64.5,3.5));
#7947 = VECTOR('',#7948,1.);
#7948 = DIRECTION('',(0.,1.));
#7949 = ( GEOMETRIC_REPRESENTATION_CONTEXT(2) 
PARAMETRIC_REPRESENTATION_CONTEXT() REPRESENTATION_CONTEXT('2D SPACE',''
  ) );
#7950 = PCURVE('',#7951,#7956);
#7951 = PLANE('',#7952);
#7952 = AXIS2_PLACEMENT_3D('',#7953,#7954,#7955);
#7953 = CARTESIAN_POINT('',(30.5,-20.5,37.));
#7954 = DIRECTION('',(1.,0.,0.));
#7955 = DIRECTION('',(0.,0.,1.));
#7956 = DEFINITIONAL_REPRESENTATION('',(#7957),#7961);
#7957 = LINE('',#7958,#7959);
#7958 = CARTESIAN_POINT('',(2.,0.));
#7959 = VECTOR('',#7960,1.);
#7960 = DIRECTION('',(0.,-1.));
#7961 = ( GEOMETRIC_REPRESENTATION_CONTEXT(2) 
PARAMETRIC_REPRESENTATION_CONTEXT() REPRESENTATION_CONTEXT('2D SPACE',''
  ) );
#7962 = ORIENTED_EDGE('',*,*,#7963,.F.);
#7963 = EDGE_CURVE('',#7878,#7936,#7964,.T.);
#7964 = SURFACE_CURVE('',#7965,(#7969,#7976),.PCURVE_S1.);
#7965 = LINE('',#7966,#7967);
#7966 = CARTESIAN_POINT('',(-30.5,-20.5,39.));
#7967 = VECTOR('',#7968,1.);
#7968 = DIRECTION('',(1.,0.,0.));
#7969 = PCURVE('',#7468,#7970);
#7970 = DEFINITIONAL_REPRESENTATION('',(#7971),#7975);
#7971 = LINE('',#7972,#7973);
#7972 = CARTESIAN_POINT('',(3.5,3.5));
#7973 = VECTOR('',#7974,1.);
#7974 = DIRECTION('',(1.,0.));
#7975 = ( GEOMETRIC_REPRESENTATION_CONTEXT(2) 
PARAMETRIC_REPRESENTATION_CONTEXT() REPRESENTATION_CONTEXT('2D SPACE',''
  ) );
#7976 = PCURVE('',#7977,#7982);
#7977 = PLANE('',#7978);
#7978 = AXIS2_PLACEMENT_3D('',#7979,#7980,#7981);
#7979 = CARTESIAN_POINT('',(-30.5,-20.5,37.));
#7980 = DIRECTION('',(0.,1.,0.));
#7981 = DIRECTION('',(0.,0.,1.));
#7982 = DEFINITIONAL_REPRESENTATION('',(#7983),#7987);
#7983 = LINE('',#7984,#7985);
#7984 = CARTESIAN_POINT('',(2.,0.));
#7985 = VECTOR('',#7986,1.);
#7986 = DIRECTION('',(0.,1.));
#7987 = ( GEOMETRIC_REPRESENTATION_CONTEXT(2) 
PARAMETRIC_REPRESENTATION_CONTEXT() REPRESENTATION_CONTEXT('2D SPACE',''
  ) );
#7988 = ADVANCED_FACE('',(#7989),#7598,.T.);
#7989 = FACE_BOUND('',#7990,.T.);
#7990 = EDGE_LOOP('',(#7991,#7992,#7993,#7994));
#7991 = ORIENTED_EDGE('',*,*,#7584,.F.);
#7992 = ORIENTED_EDGE('',*,*,#7853,.T.);
#7993 = ORIENTED_EDGE('',*,*,#7827,.T.);
#7994 = ORIENTED_EDGE('',*,*,#7615,.F.);
#7995 = ADVANCED_FACE('',(#7996),#7682,.F.);
#7996 = FACE_BOUND('',#7997,.T.);
#7997 = EDGE_LOOP('',(#7998,#8031,#8052,#8053));
#7998 = ORIENTED_EDGE('',*,*,#7999,.T.);
#7999 = EDGE_CURVE('',#8000,#8000,#8002,.T.);
#8000 = VERTEX_POINT('',#8001);
#8001 = CARTESIAN_POINT('',(-25.9,-18.,37.));
#8002 = SURFACE_CURVE('',#8003,(#8008,#8015),.PCURVE_S1.);
#8003 = CIRCLE('',#8004,2.1);
#8004 = AXIS2_PLACEMENT_3D('',#8005,#8006,#8007);
#8005 = CARTESIAN_POINT('',(-28.,-18.,37.));
#8006 = DIRECTION('',(0.,0.,-1.));
#8007 = DIRECTION('',(1.,0.,0.));
#8008 = PCURVE('',#7682,#8009);
#8009 = DEFINITIONAL_REPRESENTATION('',(#8010),#8014);
#8010 = LINE('',#8011,#8012);
#8011 = CARTESIAN_POINT('',(-6.28318530718,-1.));
#8012 = VECTOR('',#8013,1.);
#8013 = DIRECTION('',(1.,-0.));
#8014 = ( GEOMETRIC_REPRESENTATION_CONTEXT(2) 
PARAMETRIC_REPRESENTATION_CONTEXT() REPRESENTATION_CONTEXT('2D SPACE',''
  ) );
#8015 = PCURVE('',#8016,#8021);
#8016 = PLANE('',#8017);
#8017 = AXIS2_PLACEMENT_3D('',#8018,#8019,#8020);
#8018 = CARTESIAN_POINT('',(-30.5,-20.5,37.));
#8019 = DIRECTION('',(0.,0.,1.));
#8020 = DIRECTION('',(1.,0.,0.));
#8021 = DEFINITIONAL_REPRESENTATION('',(#8022),#8030);
#8022 = ( BOUNDED_CURVE() B_SPLINE_CURVE(2,(#8023,#8024,#8025,#8026,
#8027,#8028,#8029),.UNSPECIFIED.,.T.,.F.) B_SPLINE_CURVE_WITH_KNOTS((1,2
    ,2,2,2,1),(-2.094395102393,0.,2.094395102393,4.188790204786,
6.28318530718,8.377580409573),.UNSPECIFIED.) CURVE() 
GEOMETRIC_REPRESENTATION_ITEM() RATIONAL_B_SPLINE_CURVE((1.,0.5,1.,0.5,
1.,0.5,1.)) REPRESENTATION_ITEM('') );
#8023 = CARTESIAN_POINT('',(4.6,2.5));
#8024 = CARTESIAN_POINT('',(4.6,-1.137306695895));
#8025 = CARTESIAN_POINT('',(1.45,0.681346652053));
#8026 = CARTESIAN_POINT('',(-1.7,2.5));
#8027 = CARTESIAN_POINT('',(1.45,4.318653347947));
#8028 = CARTESIAN_POINT('',(4.6,6.137306695895));
#8029 = CARTESIAN_POINT('',(4.6,2.5));
#8030 = ( GEOMETRIC_REPRESENTATION_CONTEXT(2) 
PARAMETRIC_REPRESENTATION_CONTEXT() REPRESENTATION_CONTEXT('2D SPACE',''
  ) );
#8031 = ORIENTED_EDGE('',*,*,#8032,.T.);
#8032 = EDGE_CURVE('',#8000,#7662,#8033,.T.);
#8033 = SEAM_CURVE('',#8034,(#8038,#8045),.PCURVE_S1.);
#8034 = LINE('',#8035,#8036);
#8035 = CARTESIAN_POINT('',(-25.9,-18.,36.));
#8036 = VECTOR('',#8037,1.);
#8037 = DIRECTION('',(0.,0.,1.));
#8038 = PCURVE('',#7682,#8039);
#8039 = DEFINITIONAL_REPRESENTATION('',(#8040),#8044);
#8040 = LINE('',#8041,#8042);
#8041 = CARTESIAN_POINT('',(-6.28318530718,0.));
#8042 = VECTOR('',#8043,1.);
#8043 = DIRECTION('',(-0.,-1.));
#8044 = ( GEOMETRIC_REPRESENTATION_CONTEXT(2) 
PARAMETRIC_REPRESENTATION_CONTEXT() REPRESENTATION_CONTEXT('2D SPACE',''
  ) );
#8045 = PCURVE('',#7682,#8046);
#8046 = DEFINITIONAL_REPRESENTATION('',(#8047),#8051);
#8047 = LINE('',#8048,#8049);
#8048 = CARTESIAN_POINT('',(-0.,0.));
#8049 = VECTOR('',#8050,1.);
#8050 = DIRECTION('',(-0.,-1.));
#8051 = ( GEOMETRIC_REPRESENTATION_CONTEXT(2) 
PARAMETRIC_REPRESENTATION_CONTEXT() REPRESENTATION_CONTEXT('2D SPACE',''
  ) );
#8052 = ORIENTED_EDGE('',*,*,#7661,.F.);
#8053 = ORIENTED_EDGE('',*,*,#8032,.F.);
#8054 = ADVANCED_FACE('',(#8055),#7717,.F.);
#8055 = FACE_BOUND('',#8056,.T.);
#8056 = EDGE_LOOP('',(#8057,#8085,#8106,#8107));
#8057 = ORIENTED_EDGE('',*,*,#8058,.T.);
#8058 = EDGE_CURVE('',#8059,#8059,#8061,.T.);
#8059 = VERTEX_POINT('',#8060);
#8060 = CARTESIAN_POINT('',(30.1,-18.,37.));
#8061 = SURFACE_CURVE('',#8062,(#8067,#8074),.PCURVE_S1.);
#8062 = CIRCLE('',#8063,2.1);
#8063 = AXIS2_PLACEMENT_3D('',#8064,#8065,#8066);
#8064 = CARTESIAN_POINT('',(28.,-18.,37.));
#8065 = DIRECTION('',(0.,0.,-1.));
#8066 = DIRECTION('',(1.,0.,0.));
#8067 = PCURVE('',#7717,#8068);
#8068 = DEFINITIONAL_REPRESENTATION('',(#8069),#8073);
#8069 = LINE('',#8070,#8071);
#8070 = CARTESIAN_POINT('',(-6.28318530718,-1.));
#8071 = VECTOR('',#8072,1.);
#8072 = DIRECTION('',(1.,-0.));
#8073 = ( GEOMETRIC_REPRESENTATION_CONTEXT(2) 
PARAMETRIC_REPRESENTATION_CONTEXT() REPRESENTATION_CONTEXT('2D SPACE',''
  ) );
#8074 = PCURVE('',#8016,#8075);
#8075 = DEFINITIONAL_REPRESENTATION('',(#8076),#8084);
#8076 = ( BOUNDED_CURVE() B_SPLINE_CURVE(2,(#8077,#8078,#8079,#8080,
#8081,#8082,#8083),.UNSPECIFIED.,.T.,.F.) B_SPLINE_CURVE_WITH_KNOTS((1,2
    ,2,2,2,1),(-2.094395102393,0.,2.094395102393,4.188790204786,
6.28318530718,8.377580409573),.UNSPECIFIED.) CURVE() 
GEOMETRIC_REPRESENTATION_ITEM() RATIONAL_B_SPLINE_CURVE((1.,0.5,1.,0.5,
1.,0.5,1.)) REPRESENTATION_ITEM('') );
#8077 = CARTESIAN_POINT('',(60.6,2.5));
#8078 = CARTESIAN_POINT('',(60.6,-1.137306695895));
#8079 = CARTESIAN_POINT('',(57.45,0.681346652053));
#8080 = CARTESIAN_POINT('',(54.3,2.5));
#8081 = CARTESIAN_POINT('',(57.45,4.318653347947));
#8082 = CARTESIAN_POINT('',(60.6,6.137306695895));
#8083 = CARTESIAN_POINT('',(60.6,2.5));
#8084 = ( GEOMETRIC_REPRESENTATION_CONTEXT(2) 
PARAMETRIC_REPRESENTATION_CONTEXT() REPRESENTATION_CONTEXT('2D SPACE',''
  ) );
#8085 = ORIENTED_EDGE('',*,*,#8086,.T.);
#8086 = EDGE_CURVE('',#8059,#7697,#8087,.T.);
#8087 = SEAM_CURVE('',#8088,(#8092,#8099),.PCURVE_S1.);
#8088 = LINE('',#8089,#8090);
#8089 = CARTESIAN_POINT('',(30.1,-18.,36.));
#8090 = VECTOR('',#8091,1.);
#8091 = DIRECTION('',(0.,0.,1.));
#8092 = PCURVE('',#7717,#8093);
#8093 = DEFINITIONAL_REPRESENTATION('',(#8094),#8098);
#8094 = LINE('',#8095,#8096);
#8095 = CARTESIAN_POINT('',(-6.28318530718,0.));
#8096 = VECTOR('',#8097,1.);
#8097 = DIRECTION('',(-0.,-1.));
#8098 = ( GEOMETRIC_REPRESENTATION_CONTEXT(2) 
PARAMETRIC_REPRESENTATION_CONTEXT() REPRESENTATION_CONTEXT('2D SPACE',''
  ) );
#8099 = PCURVE('',#7717,#8100);
#8100 = DEFINITIONAL_REPRESENTATION('',(#8101),#8105);
#8101 = LINE('',#8102,#8103);
#8102 = CARTESIAN_POINT('',(-0.,0.));
#8103 = VECTOR('',#8104,1.);
#8104 = DIRECTION('',(-0.,-1.));
#8105 = ( GEOMETRIC_REPRESENTATION_CONTEXT(2) 
PARAMETRIC_REPRESENTATION_CONTEXT() REPRESENTATION_CONTEXT('2D SPACE',''
  ) );
#8106 = ORIENTED_EDGE('',*,*,#7696,.F.);
#8107 = ORIENTED_EDGE('',*,*,#8086,.F.);
#8108 = ADVANCED_FACE('',(#8109),#7752,.F.);
#8109 = FACE_BOUND('',#8110,.T.);
#8110 = EDGE_LOOP('',(#8111,#8139,#8160,#8161));
#8111 = ORIENTED_EDGE('',*,*,#8112,.T.);
#8112 = EDGE_CURVE('',#8113,#8113,#8115,.T.);
#8113 = VERTEX_POINT('',#8114);
#8114 = CARTESIAN_POINT('',(-25.9,18.,37.));
#8115 = SURFACE_CURVE('',#8116,(#8121,#8128),.PCURVE_S1.);
#8116 = CIRCLE('',#8117,2.1);
#8117 = AXIS2_PLACEMENT_3D('',#8118,#8119,#8120);
#8118 = CARTESIAN_POINT('',(-28.,18.,37.));
#8119 = DIRECTION('',(0.,0.,-1.));
#8120 = DIRECTION('',(1.,0.,0.));
#8121 = PCURVE('',#7752,#8122);
#8122 = DEFINITIONAL_REPRESENTATION('',(#8123),#8127);
#8123 = LINE('',#8124,#8125);
#8124 = CARTESIAN_POINT('',(-6.28318530718,-1.));
#8125 = VECTOR('',#8126,1.);
#8126 = DIRECTION('',(1.,-0.));
#8127 = ( GEOMETRIC_REPRESENTATION_CONTEXT(2) 
PARAMETRIC_REPRESENTATION_CONTEXT() REPRESENTATION_CONTEXT('2D SPACE',''
  ) );
#8128 = PCURVE('',#8016,#8129);
#8129 = DEFINITIONAL_REPRESENTATION('',(#8130),#8138);
#8130 = ( BOUNDED_CURVE() B_SPLINE_CURVE(2,(#8131,#8132,#8133,#8134,
#8135,#8136,#8137),.UNSPECIFIED.,.T.,.F.) B_SPLINE_CURVE_WITH_KNOTS((1,2
    ,2,2,2,1),(-2.094395102393,0.,2.094395102393,4.188790204786,
6.28318530718,8.377580409573),.UNSPECIFIED.) CURVE() 
GEOMETRIC_REPRESENTATION_ITEM() RATIONAL_B_SPLINE_CURVE((1.,0.5,1.,0.5,
1.,0.5,1.)) REPRESENTATION_ITEM('') );
#8131 = CARTESIAN_POINT('',(4.6,38.5));
#8132 = CARTESIAN_POINT('',(4.6,34.862693304105));
#8133 = CARTESIAN_POINT('',(1.45,36.681346652053));
#8134 = CARTESIAN_POINT('',(-1.7,38.5));
#8135 = CARTESIAN_POINT('',(1.45,40.318653347947));
#8136 = CARTESIAN_POINT('',(4.6,42.137306695895));
#8137 = CARTESIAN_POINT('',(4.6,38.5));
#8138 = ( GEOMETRIC_REPRESENTATION_CONTEXT(2) 
PARAMETRIC_REPRESENTATION_CONTEXT() REPRESENTATION_CONTEXT('2D SPACE',''
  ) );
#8139 = ORIENTED_EDGE('',*,*,#8140,.T.);
#8140 = EDGE_CURVE('',#8113,#7732,#8141,.T.);
#8141 = SEAM_CURVE('',#8142,(#8146,#8153),.PCURVE_S1.);
#8142 = LINE('',#8143,#8144);
#8143 = CARTESIAN_POINT('',(-25.9,18.,36.));
#8144 = VECTOR('',#8145,1.);
#8145 = DIRECTION('',(0.,0.,1.));
#8146 = PCURVE('',#7752,#8147);
#8147 = DEFINITIONAL_REPRESENTATION('',(#8148),#8152);
#8148 = LINE('',#8149,#8150);
#8149 = CARTESIAN_POINT('',(-6.28318530718,0.));
#8150 = VECTOR('',#8151,1.);
#8151 = DIRECTION('',(-0.,-1.));
#8152 = ( GEOMETRIC_REPRESENTATION_CONTEXT(2) 
PARAMETRIC_REPRESENTATION_CONTEXT() REPRESENTATION_CONTEXT('2D SPACE',''
  ) );
#8153 = PCURVE('',#7752,#8154);
#8154 = DEFINITIONAL_REPRESENTATION('',(#8155),#8159);
#8155 = LINE('',#8156,#8157);
#8156 = CARTESIAN_POINT('',(-0.,0.));
#8157 = VECTOR('',#8158,1.);
#8158 = DIRECTION('',(-0.,-1.));
#8159 = ( GEOMETRIC_REPRESENTATION_CONTEXT(2) 
PARAMETRIC_REPRESENTATION_CONTEXT() REPRESENTATION_CONTEXT('2D SPACE',''
  ) );
#8160 = ORIENTED_EDGE('',*,*,#7731,.F.);
#8161 = ORIENTED_EDGE('',*,*,#8140,.F.);
#8162 = ADVANCED_FACE('',(#8163),#7787,.F.);
#8163 = FACE_BOUND('',#8164,.T.);
#8164 = EDGE_LOOP('',(#8165,#8193,#8214,#8215));
#8165 = ORIENTED_EDGE('',*,*,#8166,.T.);
#8166 = EDGE_CURVE('',#8167,#8167,#8169,.T.);
#8167 = VERTEX_POINT('',#8168);
#8168 = CARTESIAN_POINT('',(30.1,18.,37.));
#8169 = SURFACE_CURVE('',#8170,(#8175,#8182),.PCURVE_S1.);
#8170 = CIRCLE('',#8171,2.1);
#8171 = AXIS2_PLACEMENT_3D('',#8172,#8173,#8174);
#8172 = CARTESIAN_POINT('',(28.,18.,37.));
#8173 = DIRECTION('',(0.,0.,-1.));
#8174 = DIRECTION('',(1.,0.,0.));
#8175 = PCURVE('',#7787,#8176);
#8176 = DEFINITIONAL_REPRESENTATION('',(#8177),#8181);
#8177 = LINE('',#8178,#8179);
#8178 = CARTESIAN_POINT('',(-6.28318530718,-1.));
#8179 = VECTOR('',#8180,1.);
#8180 = DIRECTION('',(1.,-0.));
#8181 = ( GEOMETRIC_REPRESENTATION_CONTEXT(2) 
PARAMETRIC_REPRESENTATION_CONTEXT() REPRESENTATION_CONTEXT('2D SPACE',''
  ) );
#8182 = PCURVE('',#8016,#8183);
#8183 = DEFINITIONAL_REPRESENTATION('',(#8184),#8192);
#8184 = ( BOUNDED_CURVE() B_SPLINE_CURVE(2,(#8185,#8186,#8187,#8188,
#8189,#8190,#8191),.UNSPECIFIED.,.T.,.F.) B_SPLINE_CURVE_WITH_KNOTS((1,2
    ,2,2,2,1),(-2.094395102393,0.,2.094395102393,4.188790204786,
6.28318530718,8.377580409573),.UNSPECIFIED.) CURVE() 
GEOMETRIC_REPRESENTATION_ITEM() RATIONAL_B_SPLINE_CURVE((1.,0.5,1.,0.5,
1.,0.5,1.)) REPRESENTATION_ITEM('') );
#8185 = CARTESIAN_POINT('',(60.6,38.5));
#8186 = CARTESIAN_POINT('',(60.6,34.862693304105));
#8187 = CARTESIAN_POINT('',(57.45,36.681346652053));
#8188 = CARTESIAN_POINT('',(54.3,38.5));
#8189 = CARTESIAN_POINT('',(57.45,40.318653347947));
#8190 = CARTESIAN_POINT('',(60.6,42.137306695895));
#8191 = CARTESIAN_POINT('',(60.6,38.5));
#8192 = ( GEOMETRIC_REPRESENTATION_CONTEXT(2) 
PARAMETRIC_REPRESENTATION_CONTEXT() REPRESENTATION_CONTEXT('2D SPACE',''
  ) );
#8193 = ORIENTED_EDGE('',*,*,#8194,.T.);
#8194 = EDGE_CURVE('',#8167,#7767,#8195,.T.);
#8195 = SEAM_CURVE('',#8196,(#8200,#8207),.PCURVE_S1.);
#8196 = LINE('',#8197,#8198);
#8197 = CARTESIAN_POINT('',(30.1,18.,36.));
#8198 = VECTOR('',#8199,1.);
#8199 = DIRECTION('',(0.,0.,1.));
#8200 = PCURVE('',#7787,#8201);
#8201 = DEFINITIONAL_REPRESENTATION('',(#8202),#8206);
#8202 = LINE('',#8203,#8204);
#8203 = CARTESIAN_POINT('',(-6.28318530718,0.));
#8204 = VECTOR('',#8205,1.);
#8205 = DIRECTION('',(-0.,-1.));
#8206 = ( GEOMETRIC_REPRESENTATION_CONTEXT(2) 
PARAMETRIC_REPRESENTATION_CONTEXT() REPRESENTATION_CONTEXT('2D SPACE',''
  ) );
#8207 = PCURVE('',#7787,#8208);
#8208 = DEFINITIONAL_REPRESENTATION('',(#8209),#8213);
#8209 = LINE('',#8210,#8211);
#8210 = CARTESIAN_POINT('',(-0.,0.));
#8211 = VECTOR('',#8212,1.);
#8212 = DIRECTION('',(-0.,-1.));
#8213 = ( GEOMETRIC_REPRESENTATION_CONTEXT(2) 
PARAMETRIC_REPRESENTATION_CONTEXT() REPRESENTATION_CONTEXT('2D SPACE',''
  ) );
#8214 = ORIENTED_EDGE('',*,*,#7766,.F.);
#8215 = ORIENTED_EDGE('',*,*,#8194,.F.);
#8216 = ADVANCED_FACE('',(#8217),#7895,.F.);
#8217 = FACE_BOUND('',#8218,.F.);
#8218 = EDGE_LOOP('',(#8219,#8242,#8265,#8286));
#8219 = ORIENTED_EDGE('',*,*,#8220,.F.);
#8220 = EDGE_CURVE('',#8221,#7878,#8223,.T.);
#8221 = VERTEX_POINT('',#8222);
#8222 = CARTESIAN_POINT('',(-30.5,-20.5,37.));
#8223 = SURFACE_CURVE('',#8224,(#8228,#8235),.PCURVE_S1.);
#8224 = LINE('',#8225,#8226);
#8225 = CARTESIAN_POINT('',(-30.5,-20.5,37.));
#8226 = VECTOR('',#8227,1.);
#8227 = DIRECTION('',(0.,0.,1.));
#8228 = PCURVE('',#7895,#8229);
#8229 = DEFINITIONAL_REPRESENTATION('',(#8230),#8234);
#8230 = LINE('',#8231,#8232);
#8231 = CARTESIAN_POINT('',(0.,0.));
#8232 = VECTOR('',#8233,1.);
#8233 = DIRECTION('',(1.,0.));
#8234 = ( GEOMETRIC_REPRESENTATION_CONTEXT(2) 
PARAMETRIC_REPRESENTATION_CONTEXT() REPRESENTATION_CONTEXT('2D SPACE',''
  ) );
#8235 = PCURVE('',#7977,#8236);
#8236 = DEFINITIONAL_REPRESENTATION('',(#8237),#8241);
#8237 = LINE('',#8238,#8239);
#8238 = CARTESIAN_POINT('',(0.,0.));
#8239 = VECTOR('',#8240,1.);
#8240 = DIRECTION('',(1.,0.));
#8241 = ( GEOMETRIC_REPRESENTATION_CONTEXT(2) 
PARAMETRIC_REPRESENTATION_CONTEXT() REPRESENTATION_CONTEXT('2D SPACE',''
  ) );
#8242 = ORIENTED_EDGE('',*,*,#8243,.T.);
#8243 = EDGE_CURVE('',#8221,#8244,#8246,.T.);
#8244 = VERTEX_POINT('',#8245);
#8245 = CARTESIAN_POINT('',(-30.5,20.5,37.));
#8246 = SURFACE_CURVE('',#8247,(#8251,#8258),.PCURVE_S1.);
#8247 = LINE('',#8248,#8249);
#8248 = CARTESIAN_POINT('',(-30.5,-20.5,37.));
#8249 = VECTOR('',#8250,1.);
#8250 = DIRECTION('',(0.,1.,0.));
#8251 = PCURVE('',#7895,#8252);
#8252 = DEFINITIONAL_REPRESENTATION('',(#8253),#8257);
#8253 = LINE('',#8254,#8255);
#8254 = CARTESIAN_POINT('',(0.,0.));
#8255 = VECTOR('',#8256,1.);
#8256 = DIRECTION('',(0.,-1.));
#8257 = ( GEOMETRIC_REPRESENTATION_CONTEXT(2) 
PARAMETRIC_REPRESENTATION_CONTEXT() REPRESENTATION_CONTEXT('2D SPACE',''
  ) );
#8258 = PCURVE('',#8016,#8259);
#8259 = DEFINITIONAL_REPRESENTATION('',(#8260),#8264);
#8260 = LINE('',#8261,#8262);
#8261 = CARTESIAN_POINT('',(0.,0.));
#8262 = VECTOR('',#8263,1.);
#8263 = DIRECTION('',(0.,1.));
#8264 = ( GEOMETRIC_REPRESENTATION_CONTEXT(2) 
PARAMETRIC_REPRESENTATION_CONTEXT() REPRESENTATION_CONTEXT('2D SPACE',''
  ) );
#8265 = ORIENTED_EDGE('',*,*,#8266,.T.);
#8266 = EDGE_CURVE('',#8244,#7880,#8267,.T.);
#8267 = SURFACE_CURVE('',#8268,(#8272,#8279),.PCURVE_S1.);
#8268 = LINE('',#8269,#8270);
#8269 = CARTESIAN_POINT('',(-30.5,20.5,37.));
#8270 = VECTOR('',#8271,1.);
#8271 = DIRECTION('',(0.,0.,1.));
#8272 = PCURVE('',#7895,#8273);
#8273 = DEFINITIONAL_REPRESENTATION('',(#8274),#8278);
#8274 = LINE('',#8275,#8276);
#8275 = CARTESIAN_POINT('',(0.,-41.));
#8276 = VECTOR('',#8277,1.);
#8277 = DIRECTION('',(1.,0.));
#8278 = ( GEOMETRIC_REPRESENTATION_CONTEXT(2) 
PARAMETRIC_REPRESENTATION_CONTEXT() REPRESENTATION_CONTEXT('2D SPACE',''
  ) );
#8279 = PCURVE('',#7923,#8280);
#8280 = DEFINITIONAL_REPRESENTATION('',(#8281),#8285);
#8281 = LINE('',#8282,#8283);
#8282 = CARTESIAN_POINT('',(0.,0.));
#8283 = VECTOR('',#8284,1.);
#8284 = DIRECTION('',(1.,0.));
#8285 = ( GEOMETRIC_REPRESENTATION_CONTEXT(2) 
PARAMETRIC_REPRESENTATION_CONTEXT() REPRESENTATION_CONTEXT('2D SPACE',''
  ) );
#8286 = ORIENTED_EDGE('',*,*,#7877,.F.);
#8287 = ADVANCED_FACE('',(#8288),#7977,.F.);
#8288 = FACE_BOUND('',#8289,.F.);
#8289 = EDGE_LOOP('',(#8290,#8313,#8314,#8315));
#8290 = ORIENTED_EDGE('',*,*,#8291,.F.);
#8291 = EDGE_CURVE('',#8221,#8292,#8294,.T.);
#8292 = VERTEX_POINT('',#8293);
#8293 = CARTESIAN_POINT('',(30.5,-20.5,37.));
#8294 = SURFACE_CURVE('',#8295,(#8299,#8306),.PCURVE_S1.);
#8295 = LINE('',#8296,#8297);
#8296 = CARTESIAN_POINT('',(-30.5,-20.5,37.));
#8297 = VECTOR('',#8298,1.);
#8298 = DIRECTION('',(1.,0.,0.));
#8299 = PCURVE('',#7977,#8300);
#8300 = DEFINITIONAL_REPRESENTATION('',(#8301),#8305);
#8301 = LINE('',#8302,#8303);
#8302 = CARTESIAN_POINT('',(0.,0.));
#8303 = VECTOR('',#8304,1.);
#8304 = DIRECTION('',(0.,1.));
#8305 = ( GEOMETRIC_REPRESENTATION_CONTEXT(2) 
PARAMETRIC_REPRESENTATION_CONTEXT() REPRESENTATION_CONTEXT('2D SPACE',''
  ) );
#8306 = PCURVE('',#8016,#8307);
#8307 = DEFINITIONAL_REPRESENTATION('',(#8308),#8312);
#8308 = LINE('',#8309,#8310);
#8309 = CARTESIAN_POINT('',(0.,0.));
#8310 = VECTOR('',#8311,1.);
#8311 = DIRECTION('',(1.,0.));
#8312 = ( GEOMETRIC_REPRESENTATION_CONTEXT(2) 
PARAMETRIC_REPRESENTATION_CONTEXT() REPRESENTATION_CONTEXT('2D SPACE',''
  ) );
#8313 = ORIENTED_EDGE('',*,*,#8220,.T.);
#8314 = ORIENTED_EDGE('',*,*,#7963,.T.);
#8315 = ORIENTED_EDGE('',*,*,#8316,.F.);
#8316 = EDGE_CURVE('',#8292,#7936,#8317,.T.);
#8317 = SURFACE_CURVE('',#8318,(#8322,#8329),.PCURVE_S1.);
#8318 = LINE('',#8319,#8320);
#8319 = CARTESIAN_POINT('',(30.5,-20.5,37.));
#8320 = VECTOR('',#8321,1.);
#8321 = DIRECTION('',(0.,0.,1.));
#8322 = PCURVE('',#7977,#8323);
#8323 = DEFINITIONAL_REPRESENTATION('',(#8324),#8328);
#8324 = LINE('',#8325,#8326);
#8325 = CARTESIAN_POINT('',(0.,61.));
#8326 = VECTOR('',#8327,1.);
#8327 = DIRECTION('',(1.,0.));
#8328 = ( GEOMETRIC_REPRESENTATION_CONTEXT(2) 
PARAMETRIC_REPRESENTATION_CONTEXT() REPRESENTATION_CONTEXT('2D SPACE',''
  ) );
#8329 = PCURVE('',#7951,#8330);
#8330 = DEFINITIONAL_REPRESENTATION('',(#8331),#8335);
#8331 = LINE('',#8332,#8333);
#8332 = CARTESIAN_POINT('',(0.,0.));
#8333 = VECTOR('',#8334,1.);
#8334 = DIRECTION('',(1.,0.));
#8335 = ( GEOMETRIC_REPRESENTATION_CONTEXT(2) 
PARAMETRIC_REPRESENTATION_CONTEXT() REPRESENTATION_CONTEXT('2D SPACE',''
  ) );
#8336 = ADVANCED_FACE('',(#8337),#7951,.T.);
#8337 = FACE_BOUND('',#8338,.T.);
#8338 = EDGE_LOOP('',(#8339,#8340,#8363,#8384));
#8339 = ORIENTED_EDGE('',*,*,#8316,.F.);
#8340 = ORIENTED_EDGE('',*,*,#8341,.T.);
#8341 = EDGE_CURVE('',#8292,#8342,#8344,.T.);
#8342 = VERTEX_POINT('',#8343);
#8343 = CARTESIAN_POINT('',(30.5,20.5,37.));
#8344 = SURFACE_CURVE('',#8345,(#8349,#8356),.PCURVE_S1.);
#8345 = LINE('',#8346,#8347);
#8346 = CARTESIAN_POINT('',(30.5,-20.5,37.));
#8347 = VECTOR('',#8348,1.);
#8348 = DIRECTION('',(0.,1.,0.));
#8349 = PCURVE('',#7951,#8350);
#8350 = DEFINITIONAL_REPRESENTATION('',(#8351),#8355);
#8351 = LINE('',#8352,#8353);
#8352 = CARTESIAN_POINT('',(0.,0.));
#8353 = VECTOR('',#8354,1.);
#8354 = DIRECTION('',(0.,-1.));
#8355 = ( GEOMETRIC_REPRESENTATION_CONTEXT(2) 
PARAMETRIC_REPRESENTATION_CONTEXT() REPRESENTATION_CONTEXT('2D SPACE',''
  ) );
#8356 = PCURVE('',#8016,#8357);
#8357 = DEFINITIONAL_REPRESENTATION('',(#8358),#8362);
#8358 = LINE('',#8359,#8360);
#8359 = CARTESIAN_POINT('',(61.,0.));
#8360 = VECTOR('',#8361,1.);
#8361 = DIRECTION('',(0.,1.));
#8362 = ( GEOMETRIC_REPRESENTATION_CONTEXT(2) 
PARAMETRIC_REPRESENTATION_CONTEXT() REPRESENTATION_CONTEXT('2D SPACE',''
  ) );
#8363 = ORIENTED_EDGE('',*,*,#8364,.T.);
#8364 = EDGE_CURVE('',#8342,#7908,#8365,.T.);
#8365 = SURFACE_CURVE('',#8366,(#8370,#8377),.PCURVE_S1.);
#8366 = LINE('',#8367,#8368);
#8367 = CARTESIAN_POINT('',(30.5,20.5,37.));
#8368 = VECTOR('',#8369,1.);
#8369 = DIRECTION('',(0.,0.,1.));
#8370 = PCURVE('',#7951,#8371);
#8371 = DEFINITIONAL_REPRESENTATION('',(#8372),#8376);
#8372 = LINE('',#8373,#8374);
#8373 = CARTESIAN_POINT('',(0.,-41.));
#8374 = VECTOR('',#8375,1.);
#8375 = DIRECTION('',(1.,0.));
#8376 = ( GEOMETRIC_REPRESENTATION_CONTEXT(2) 
PARAMETRIC_REPRESENTATION_CONTEXT() REPRESENTATION_CONTEXT('2D SPACE',''
  ) );
#8377 = PCURVE('',#7923,#8378);
#8378 = DEFINITIONAL_REPRESENTATION('',(#8379),#8383);
#8379 = LINE('',#8380,#8381);
#8380 = CARTESIAN_POINT('',(0.,61.));
#8381 = VECTOR('',#8382,1.);
#8382 = DIRECTION('',(1.,0.));
#8383 = ( GEOMETRIC_REPRESENTATION_CONTEXT(2) 
PARAMETRIC_REPRESENTATION_CONTEXT() REPRESENTATION_CONTEXT('2D SPACE',''
  ) );
#8384 = ORIENTED_EDGE('',*,*,#7935,.F.);
#8385 = ADVANCED_FACE('',(#8386),#7923,.T.);
#8386 = FACE_BOUND('',#8387,.T.);
#8387 = EDGE_LOOP('',(#8388,#8409,#8410,#8411));
#8388 = ORIENTED_EDGE('',*,*,#8389,.F.);
#8389 = EDGE_CURVE('',#8244,#8342,#8390,.T.);
#8390 = SURFACE_CURVE('',#8391,(#8395,#8402),.PCURVE_S1.);
#8391 = LINE('',#8392,#8393);
#8392 = CARTESIAN_POINT('',(-30.5,20.5,37.));
#8393 = VECTOR('',#8394,1.);
#8394 = DIRECTION('',(1.,0.,0.));
#8395 = PCURVE('',#7923,#8396);
#8396 = DEFINITIONAL_REPRESENTATION('',(#8397),#8401);
#8397 = LINE('',#8398,#8399);
#8398 = CARTESIAN_POINT('',(0.,0.));
#8399 = VECTOR('',#8400,1.);
#8400 = DIRECTION('',(0.,1.));
#8401 = ( GEOMETRIC_REPRESENTATION_CONTEXT(2) 
PARAMETRIC_REPRESENTATION_CONTEXT() REPRESENTATION_CONTEXT('2D SPACE',''
  ) );
#8402 = PCURVE('',#8016,#8403);
#8403 = DEFINITIONAL_REPRESENTATION('',(#8404),#8408);
#8404 = LINE('',#8405,#8406);
#8405 = CARTESIAN_POINT('',(0.,41.));
#8406 = VECTOR('',#8407,1.);
#8407 = DIRECTION('',(1.,0.));
#8408 = ( GEOMETRIC_REPRESENTATION_CONTEXT(2) 
PARAMETRIC_REPRESENTATION_CONTEXT() REPRESENTATION_CONTEXT('2D SPACE',''
  ) );
#8409 = ORIENTED_EDGE('',*,*,#8266,.T.);
#8410 = ORIENTED_EDGE('',*,*,#7907,.T.);
#8411 = ORIENTED_EDGE('',*,*,#8364,.F.);
#8412 = ADVANCED_FACE('',(#8413,#8419,#8422,#8425,#8428),#8016,.F.);
#8413 = FACE_BOUND('',#8414,.F.);
#8414 = EDGE_LOOP('',(#8415,#8416,#8417,#8418));
#8415 = ORIENTED_EDGE('',*,*,#8243,.F.);
#8416 = ORIENTED_EDGE('',*,*,#8291,.T.);
#8417 = ORIENTED_EDGE('',*,*,#8341,.T.);
#8418 = ORIENTED_EDGE('',*,*,#8389,.F.);
#8419 = FACE_BOUND('',#8420,.F.);
#8420 = EDGE_LOOP('',(#8421));
#8421 = ORIENTED_EDGE('',*,*,#7999,.T.);
#8422 = FACE_BOUND('',#8423,.F.);
#8423 = EDGE_LOOP('',(#8424));
#8424 = ORIENTED_EDGE('',*,*,#8058,.T.);
#8425 = FACE_BOUND('',#8426,.F.);
#8426 = EDGE_LOOP('',(#8427));
#8427 = ORIENTED_EDGE('',*,*,#8112,.T.);
#8428 = FACE_BOUND('',#8429,.F.);
#8429 = EDGE_LOOP('',(#8430));
#8430 = ORIENTED_EDGE('',*,*,#8166,.T.);
#8431 = ( GEOMETRIC_REPRESENTATION_CONTEXT(3) 
GLOBAL_UNCERTAINTY_ASSIGNED_CONTEXT((#8435)) 
GLOBAL_UNIT_ASSIGNED_CONTEXT((#8432,#8433,#8434)) REPRESENTATION_CONTEXT
('Context #1','3D Context with UNIT and UNCERTAINTY') );
#8432 = ( LENGTH_UNIT() NAMED_UNIT(*) SI_UNIT(.MILLI.,.METRE.) );
#8433 = ( NAMED_UNIT(*) PLANE_ANGLE_UNIT() SI_UNIT($,.RADIAN.) );
#8434 = ( NAMED_UNIT(*) SI_UNIT($,.STERADIAN.) SOLID_ANGLE_UNIT() );
#8435 = UNCERTAINTY_MEASURE_WITH_UNIT(LENGTH_MEASURE(1.E-07),#8432,
  'distance_accuracy_value','confusion accuracy');
#8436 = CONTEXT_DEPENDENT_SHAPE_REPRESENTATION(#8437,#8439);
#8437 = ( REPRESENTATION_RELATIONSHIP('','',#7410,#10) 
REPRESENTATION_RELATIONSHIP_WITH_TRANSFORMATION(#8438) 
SHAPE_REPRESENTATION_RELATIONSHIP() );
#8438 = ITEM_DEFINED_TRANSFORMATION('','',#11,#31);
#8439 = PRODUCT_DEFINITION_SHAPE('Placement','Placement of an item',
  #8440);
#8440 = NEXT_ASSEMBLY_USAGE_OCCURRENCE('7','Tampa','',#5,#7405,$);
#8441 = PRODUCT_RELATED_PRODUCT_CATEGORY('part',$,(#7407));
#8442 = SHAPE_DEFINITION_REPRESENTATION(#8443,#8449);
#8443 = PRODUCT_DEFINITION_SHAPE('','',#8444);
#8444 = PRODUCT_DEFINITION('design','',#8445,#8448);
#8445 = PRODUCT_DEFINITION_FORMATION('','',#8446);
#8446 = PRODUCT('Junta','Junta','',(#8447));
#8447 = PRODUCT_CONTEXT('',#2,'mechanical');
#8448 = PRODUCT_DEFINITION_CONTEXT('part definition',#2,'design');
#8449 = ADVANCED_BREP_SHAPE_REPRESENTATION('',(#11,#8450),#9096);
#8450 = MANIFOLD_SOLID_BREP('',#8451);
#8451 = CLOSED_SHELL('',(#8452,#8572,#8648,#8719,#8860,#8981,#8988,#9035
    ,#9062,#9089));
#8452 = ADVANCED_FACE('',(#8453),#8467,.F.);
#8453 = FACE_BOUND('',#8454,.F.);
#8454 = EDGE_LOOP('',(#8455,#8490,#8518,#8546));
#8455 = ORIENTED_EDGE('',*,*,#8456,.T.);
#8456 = EDGE_CURVE('',#8457,#8459,#8461,.T.);
#8457 = VERTEX_POINT('',#8458);
#8458 = CARTESIAN_POINT('',(-31.,-21.,37.));
#8459 = VERTEX_POINT('',#8460);
#8460 = CARTESIAN_POINT('',(-31.,-21.,38.));
#8461 = SURFACE_CURVE('',#8462,(#8466,#8478),.PCURVE_S1.);
#8462 = LINE('',#8463,#8464);
#8463 = CARTESIAN_POINT('',(-31.,-21.,37.));
#8464 = VECTOR('',#8465,1.);
#8465 = DIRECTION('',(0.,0.,1.));
#8466 = PCURVE('',#8467,#8472);
#8467 = PLANE('',#8468);
#8468 = AXIS2_PLACEMENT_3D('',#8469,#8470,#8471);
#8469 = CARTESIAN_POINT('',(-31.,-21.,37.));
#8470 = DIRECTION('',(0.,1.,0.));
#8471 = DIRECTION('',(1.,0.,0.));
#8472 = DEFINITIONAL_REPRESENTATION('',(#8473),#8477);
#8473 = LINE('',#8474,#8475);
#8474 = CARTESIAN_POINT('',(0.,0.));
#8475 = VECTOR('',#8476,1.);
#8476 = DIRECTION('',(0.,-1.));
#8477 = ( GEOMETRIC_REPRESENTATION_CONTEXT(2) 
PARAMETRIC_REPRESENTATION_CONTEXT() REPRESENTATION_CONTEXT('2D SPACE',''
  ) );
#8478 = PCURVE('',#8479,#8484);
#8479 = PLANE('',#8480);
#8480 = AXIS2_PLACEMENT_3D('',#8481,#8482,#8483);
#8481 = CARTESIAN_POINT('',(-31.,21.,37.));
#8482 = DIRECTION('',(1.,0.,-0.));
#8483 = DIRECTION('',(0.,-1.,0.));
#8484 = DEFINITIONAL_REPRESENTATION('',(#8485),#8489);
#8485 = LINE('',#8486,#8487);
#8486 = CARTESIAN_POINT('',(42.,0.));
#8487 = VECTOR('',#8488,1.);
#8488 = DIRECTION('',(0.,-1.));
#8489 = ( GEOMETRIC_REPRESENTATION_CONTEXT(2) 
PARAMETRIC_REPRESENTATION_CONTEXT() REPRESENTATION_CONTEXT('2D SPACE',''
  ) );
#8490 = ORIENTED_EDGE('',*,*,#8491,.T.);
#8491 = EDGE_CURVE('',#8459,#8492,#8494,.T.);
#8492 = VERTEX_POINT('',#8493);
#8493 = CARTESIAN_POINT('',(31.,-21.,38.));
#8494 = SURFACE_CURVE('',#8495,(#8499,#8506),.PCURVE_S1.);
#8495 = LINE('',#8496,#8497);
#8496 = CARTESIAN_POINT('',(-31.,-21.,38.));
#8497 = VECTOR('',#8498,1.);
#8498 = DIRECTION('',(1.,0.,0.));
#8499 = PCURVE('',#8467,#8500);
#8500 = DEFINITIONAL_REPRESENTATION('',(#8501),#8505);
#8501 = LINE('',#8502,#8503);
#8502 = CARTESIAN_POINT('',(0.,-1.));
#8503 = VECTOR('',#8504,1.);
#8504 = DIRECTION('',(1.,0.));
#8505 = ( GEOMETRIC_REPRESENTATION_CONTEXT(2) 
PARAMETRIC_REPRESENTATION_CONTEXT() REPRESENTATION_CONTEXT('2D SPACE',''
  ) );
#8506 = PCURVE('',#8507,#8512);
#8507 = PLANE('',#8508);
#8508 = AXIS2_PLACEMENT_3D('',#8509,#8510,#8511);
#8509 = CARTESIAN_POINT('',(0.,0.,38.));
#8510 = DIRECTION('',(0.,0.,1.));
#8511 = DIRECTION('',(1.,0.,-0.));
#8512 = DEFINITIONAL_REPRESENTATION('',(#8513),#8517);
#8513 = LINE('',#8514,#8515);
#8514 = CARTESIAN_POINT('',(-31.,-21.));
#8515 = VECTOR('',#8516,1.);
#8516 = DIRECTION('',(1.,0.));
#8517 = ( GEOMETRIC_REPRESENTATION_CONTEXT(2) 
PARAMETRIC_REPRESENTATION_CONTEXT() REPRESENTATION_CONTEXT('2D SPACE',''
  ) );
#8518 = ORIENTED_EDGE('',*,*,#8519,.F.);
#8519 = EDGE_CURVE('',#8520,#8492,#8522,.T.);
#8520 = VERTEX_POINT('',#8521);
#8521 = CARTESIAN_POINT('',(31.,-21.,37.));
#8522 = SURFACE_CURVE('',#8523,(#8527,#8534),.PCURVE_S1.);
#8523 = LINE('',#8524,#8525);
#8524 = CARTESIAN_POINT('',(31.,-21.,37.));
#8525 = VECTOR('',#8526,1.);
#8526 = DIRECTION('',(0.,0.,1.));
#8527 = PCURVE('',#8467,#8528);
#8528 = DEFINITIONAL_REPRESENTATION('',(#8529),#8533);
#8529 = LINE('',#8530,#8531);
#8530 = CARTESIAN_POINT('',(62.,0.));
#8531 = VECTOR('',#8532,1.);
#8532 = DIRECTION('',(0.,-1.));
#8533 = ( GEOMETRIC_REPRESENTATION_CONTEXT(2) 
PARAMETRIC_REPRESENTATION_CONTEXT() REPRESENTATION_CONTEXT('2D SPACE',''
  ) );
#8534 = PCURVE('',#8535,#8540);
#8535 = PLANE('',#8536);
#8536 = AXIS2_PLACEMENT_3D('',#8537,#8538,#8539);
#8537 = CARTESIAN_POINT('',(31.,-21.,37.));
#8538 = DIRECTION('',(-1.,0.,0.));
#8539 = DIRECTION('',(0.,1.,0.));
#8540 = DEFINITIONAL_REPRESENTATION('',(#8541),#8545);
#8541 = LINE('',#8542,#8543);
#8542 = CARTESIAN_POINT('',(0.,0.));
#8543 = VECTOR('',#8544,1.);
#8544 = DIRECTION('',(0.,-1.));
#8545 = ( GEOMETRIC_REPRESENTATION_CONTEXT(2) 
PARAMETRIC_REPRESENTATION_CONTEXT() REPRESENTATION_CONTEXT('2D SPACE',''
  ) );
#8546 = ORIENTED_EDGE('',*,*,#8547,.F.);
#8547 = EDGE_CURVE('',#8457,#8520,#8548,.T.);
#8548 = SURFACE_CURVE('',#8549,(#8553,#8560),.PCURVE_S1.);
#8549 = LINE('',#8550,#8551);
#8550 = CARTESIAN_POINT('',(-31.,-21.,37.));
#8551 = VECTOR('',#8552,1.);
#8552 = DIRECTION('',(1.,0.,0.));
#8553 = PCURVE('',#8467,#8554);
#8554 = DEFINITIONAL_REPRESENTATION('',(#8555),#8559);
#8555 = LINE('',#8556,#8557);
#8556 = CARTESIAN_POINT('',(0.,0.));
#8557 = VECTOR('',#8558,1.);
#8558 = DIRECTION('',(1.,0.));
#8559 = ( GEOMETRIC_REPRESENTATION_CONTEXT(2) 
PARAMETRIC_REPRESENTATION_CONTEXT() REPRESENTATION_CONTEXT('2D SPACE',''
  ) );
#8560 = PCURVE('',#8561,#8566);
#8561 = PLANE('',#8562);
#8562 = AXIS2_PLACEMENT_3D('',#8563,#8564,#8565);
#8563 = CARTESIAN_POINT('',(0.,0.,37.));
#8564 = DIRECTION('',(0.,0.,1.));
#8565 = DIRECTION('',(1.,0.,-0.));
#8566 = DEFINITIONAL_REPRESENTATION('',(#8567),#8571);
#8567 = LINE('',#8568,#8569);
#8568 = CARTESIAN_POINT('',(-31.,-21.));
#8569 = VECTOR('',#8570,1.);
#8570 = DIRECTION('',(1.,0.));
#8571 = ( GEOMETRIC_REPRESENTATION_CONTEXT(2) 
PARAMETRIC_REPRESENTATION_CONTEXT() REPRESENTATION_CONTEXT('2D SPACE',''
  ) );
#8572 = ADVANCED_FACE('',(#8573),#8479,.F.);
#8573 = FACE_BOUND('',#8574,.F.);
#8574 = EDGE_LOOP('',(#8575,#8605,#8626,#8627));
#8575 = ORIENTED_EDGE('',*,*,#8576,.T.);
#8576 = EDGE_CURVE('',#8577,#8579,#8581,.T.);
#8577 = VERTEX_POINT('',#8578);
#8578 = CARTESIAN_POINT('',(-31.,21.,37.));
#8579 = VERTEX_POINT('',#8580);
#8580 = CARTESIAN_POINT('',(-31.,21.,38.));
#8581 = SURFACE_CURVE('',#8582,(#8586,#8593),.PCURVE_S1.);
#8582 = LINE('',#8583,#8584);
#8583 = CARTESIAN_POINT('',(-31.,21.,37.));
#8584 = VECTOR('',#8585,1.);
#8585 = DIRECTION('',(0.,0.,1.));
#8586 = PCURVE('',#8479,#8587);
#8587 = DEFINITIONAL_REPRESENTATION('',(#8588),#8592);
#8588 = LINE('',#8589,#8590);
#8589 = CARTESIAN_POINT('',(0.,0.));
#8590 = VECTOR('',#8591,1.);
#8591 = DIRECTION('',(0.,-1.));
#8592 = ( GEOMETRIC_REPRESENTATION_CONTEXT(2) 
PARAMETRIC_REPRESENTATION_CONTEXT() REPRESENTATION_CONTEXT('2D SPACE',''
  ) );
#8593 = PCURVE('',#8594,#8599);
#8594 = PLANE('',#8595);
#8595 = AXIS2_PLACEMENT_3D('',#8596,#8597,#8598);
#8596 = CARTESIAN_POINT('',(31.,21.,37.));
#8597 = DIRECTION('',(0.,-1.,0.));
#8598 = DIRECTION('',(-1.,0.,0.));
#8599 = DEFINITIONAL_REPRESENTATION('',(#8600),#8604);
#8600 = LINE('',#8601,#8602);
#8601 = CARTESIAN_POINT('',(62.,0.));
#8602 = VECTOR('',#8603,1.);
#8603 = DIRECTION('',(0.,-1.));
#8604 = ( GEOMETRIC_REPRESENTATION_CONTEXT(2) 
PARAMETRIC_REPRESENTATION_CONTEXT() REPRESENTATION_CONTEXT('2D SPACE',''
  ) );
#8605 = ORIENTED_EDGE('',*,*,#8606,.T.);
#8606 = EDGE_CURVE('',#8579,#8459,#8607,.T.);
#8607 = SURFACE_CURVE('',#8608,(#8612,#8619),.PCURVE_S1.);
#8608 = LINE('',#8609,#8610);
#8609 = CARTESIAN_POINT('',(-31.,21.,38.));
#8610 = VECTOR('',#8611,1.);
#8611 = DIRECTION('',(0.,-1.,0.));
#8612 = PCURVE('',#8479,#8613);
#8613 = DEFINITIONAL_REPRESENTATION('',(#8614),#8618);
#8614 = LINE('',#8615,#8616);
#8615 = CARTESIAN_POINT('',(0.,-1.));
#8616 = VECTOR('',#8617,1.);
#8617 = DIRECTION('',(1.,0.));
#8618 = ( GEOMETRIC_REPRESENTATION_CONTEXT(2) 
PARAMETRIC_REPRESENTATION_CONTEXT() REPRESENTATION_CONTEXT('2D SPACE',''
  ) );
#8619 = PCURVE('',#8507,#8620);
#8620 = DEFINITIONAL_REPRESENTATION('',(#8621),#8625);
#8621 = LINE('',#8622,#8623);
#8622 = CARTESIAN_POINT('',(-31.,21.));
#8623 = VECTOR('',#8624,1.);
#8624 = DIRECTION('',(0.,-1.));
#8625 = ( GEOMETRIC_REPRESENTATION_CONTEXT(2) 
PARAMETRIC_REPRESENTATION_CONTEXT() REPRESENTATION_CONTEXT('2D SPACE',''
  ) );
#8626 = ORIENTED_EDGE('',*,*,#8456,.F.);
#8627 = ORIENTED_EDGE('',*,*,#8628,.F.);
#8628 = EDGE_CURVE('',#8577,#8457,#8629,.T.);
#8629 = SURFACE_CURVE('',#8630,(#8634,#8641),.PCURVE_S1.);
#8630 = LINE('',#8631,#8632);
#8631 = CARTESIAN_POINT('',(-31.,21.,37.));
#8632 = VECTOR('',#8633,1.);
#8633 = DIRECTION('',(0.,-1.,0.));
#8634 = PCURVE('',#8479,#8635);
#8635 = DEFINITIONAL_REPRESENTATION('',(#8636),#8640);
#8636 = LINE('',#8637,#8638);
#8637 = CARTESIAN_POINT('',(0.,0.));
#8638 = VECTOR('',#8639,1.);
#8639 = DIRECTION('',(1.,0.));
#8640 = ( GEOMETRIC_REPRESENTATION_CONTEXT(2) 
PARAMETRIC_REPRESENTATION_CONTEXT() REPRESENTATION_CONTEXT('2D SPACE',''
  ) );
#8641 = PCURVE('',#8561,#8642);
#8642 = DEFINITIONAL_REPRESENTATION('',(#8643),#8647);
#8643 = LINE('',#8644,#8645);
#8644 = CARTESIAN_POINT('',(-31.,21.));
#8645 = VECTOR('',#8646,1.);
#8646 = DIRECTION('',(0.,-1.));
#8647 = ( GEOMETRIC_REPRESENTATION_CONTEXT(2) 
PARAMETRIC_REPRESENTATION_CONTEXT() REPRESENTATION_CONTEXT('2D SPACE',''
  ) );
#8648 = ADVANCED_FACE('',(#8649),#8535,.F.);
#8649 = FACE_BOUND('',#8650,.F.);
#8650 = EDGE_LOOP('',(#8651,#8652,#8675,#8698));
#8651 = ORIENTED_EDGE('',*,*,#8519,.T.);
#8652 = ORIENTED_EDGE('',*,*,#8653,.T.);
#8653 = EDGE_CURVE('',#8492,#8654,#8656,.T.);
#8654 = VERTEX_POINT('',#8655);
#8655 = CARTESIAN_POINT('',(31.,21.,38.));
#8656 = SURFACE_CURVE('',#8657,(#8661,#8668),.PCURVE_S1.);
#8657 = LINE('',#8658,#8659);
#8658 = CARTESIAN_POINT('',(31.,-21.,38.));
#8659 = VECTOR('',#8660,1.);
#8660 = DIRECTION('',(0.,1.,0.));
#8661 = PCURVE('',#8535,#8662);
#8662 = DEFINITIONAL_REPRESENTATION('',(#8663),#8667);
#8663 = LINE('',#8664,#8665);
#8664 = CARTESIAN_POINT('',(0.,-1.));
#8665 = VECTOR('',#8666,1.);
#8666 = DIRECTION('',(1.,0.));
#8667 = ( GEOMETRIC_REPRESENTATION_CONTEXT(2) 
PARAMETRIC_REPRESENTATION_CONTEXT() REPRESENTATION_CONTEXT('2D SPACE',''
  ) );
#8668 = PCURVE('',#8507,#8669);
#8669 = DEFINITIONAL_REPRESENTATION('',(#8670),#8674);
#8670 = LINE('',#8671,#8672);
#8671 = CARTESIAN_POINT('',(31.,-21.));
#8672 = VECTOR('',#8673,1.);
#8673 = DIRECTION('',(0.,1.));
#8674 = ( GEOMETRIC_REPRESENTATION_CONTEXT(2) 
PARAMETRIC_REPRESENTATION_CONTEXT() REPRESENTATION_CONTEXT('2D SPACE',''
  ) );
#8675 = ORIENTED_EDGE('',*,*,#8676,.F.);
#8676 = EDGE_CURVE('',#8677,#8654,#8679,.T.);
#8677 = VERTEX_POINT('',#8678);
#8678 = CARTESIAN_POINT('',(31.,21.,37.));
#8679 = SURFACE_CURVE('',#8680,(#8684,#8691),.PCURVE_S1.);
#8680 = LINE('',#8681,#8682);
#8681 = CARTESIAN_POINT('',(31.,21.,37.));
#8682 = VECTOR('',#8683,1.);
#8683 = DIRECTION('',(0.,0.,1.));
#8684 = PCURVE('',#8535,#8685);
#8685 = DEFINITIONAL_REPRESENTATION('',(#8686),#8690);
#8686 = LINE('',#8687,#8688);
#8687 = CARTESIAN_POINT('',(42.,0.));
#8688 = VECTOR('',#8689,1.);
#8689 = DIRECTION('',(0.,-1.));
#8690 = ( GEOMETRIC_REPRESENTATION_CONTEXT(2) 
PARAMETRIC_REPRESENTATION_CONTEXT() REPRESENTATION_CONTEXT('2D SPACE',''
  ) );
#8691 = PCURVE('',#8594,#8692);
#8692 = DEFINITIONAL_REPRESENTATION('',(#8693),#8697);
#8693 = LINE('',#8694,#8695);
#8694 = CARTESIAN_POINT('',(0.,-0.));
#8695 = VECTOR('',#8696,1.);
#8696 = DIRECTION('',(0.,-1.));
#8697 = ( GEOMETRIC_REPRESENTATION_CONTEXT(2) 
PARAMETRIC_REPRESENTATION_CONTEXT() REPRESENTATION_CONTEXT('2D SPACE',''
  ) );
#8698 = ORIENTED_EDGE('',*,*,#8699,.F.);
#8699 = EDGE_CURVE('',#8520,#8677,#8700,.T.);
#8700 = SURFACE_CURVE('',#8701,(#8705,#8712),.PCURVE_S1.);
#8701 = LINE('',#8702,#8703);
#8702 = CARTESIAN_POINT('',(31.,-21.,37.));
#8703 = VECTOR('',#8704,1.);
#8704 = DIRECTION('',(0.,1.,0.));
#8705 = PCURVE('',#8535,#8706);
#8706 = DEFINITIONAL_REPRESENTATION('',(#8707),#8711);
#8707 = LINE('',#8708,#8709);
#8708 = CARTESIAN_POINT('',(0.,0.));
#8709 = VECTOR('',#8710,1.);
#8710 = DIRECTION('',(1.,0.));
#8711 = ( GEOMETRIC_REPRESENTATION_CONTEXT(2) 
PARAMETRIC_REPRESENTATION_CONTEXT() REPRESENTATION_CONTEXT('2D SPACE',''
  ) );
#8712 = PCURVE('',#8561,#8713);
#8713 = DEFINITIONAL_REPRESENTATION('',(#8714),#8718);
#8714 = LINE('',#8715,#8716);
#8715 = CARTESIAN_POINT('',(31.,-21.));
#8716 = VECTOR('',#8717,1.);
#8717 = DIRECTION('',(0.,1.));
#8718 = ( GEOMETRIC_REPRESENTATION_CONTEXT(2) 
PARAMETRIC_REPRESENTATION_CONTEXT() REPRESENTATION_CONTEXT('2D SPACE',''
  ) );
#8719 = ADVANCED_FACE('',(#8720,#8746),#8561,.F.);
#8720 = FACE_BOUND('',#8721,.F.);
#8721 = EDGE_LOOP('',(#8722,#8723,#8724,#8745));
#8722 = ORIENTED_EDGE('',*,*,#8547,.T.);
#8723 = ORIENTED_EDGE('',*,*,#8699,.T.);
#8724 = ORIENTED_EDGE('',*,*,#8725,.T.);
#8725 = EDGE_CURVE('',#8677,#8577,#8726,.T.);
#8726 = SURFACE_CURVE('',#8727,(#8731,#8738),.PCURVE_S1.);
#8727 = LINE('',#8728,#8729);
#8728 = CARTESIAN_POINT('',(31.,21.,37.));
#8729 = VECTOR('',#8730,1.);
#8730 = DIRECTION('',(-1.,0.,0.));
#8731 = PCURVE('',#8561,#8732);
#8732 = DEFINITIONAL_REPRESENTATION('',(#8733),#8737);
#8733 = LINE('',#8734,#8735);
#8734 = CARTESIAN_POINT('',(31.,21.));
#8735 = VECTOR('',#8736,1.);
#8736 = DIRECTION('',(-1.,0.));
#8737 = ( GEOMETRIC_REPRESENTATION_CONTEXT(2) 
PARAMETRIC_REPRESENTATION_CONTEXT() REPRESENTATION_CONTEXT('2D SPACE',''
  ) );
#8738 = PCURVE('',#8594,#8739);
#8739 = DEFINITIONAL_REPRESENTATION('',(#8740),#8744);
#8740 = LINE('',#8741,#8742);
#8741 = CARTESIAN_POINT('',(0.,-0.));
#8742 = VECTOR('',#8743,1.);
#8743 = DIRECTION('',(1.,0.));
#8744 = ( GEOMETRIC_REPRESENTATION_CONTEXT(2) 
PARAMETRIC_REPRESENTATION_CONTEXT() REPRESENTATION_CONTEXT('2D SPACE',''
  ) );
#8745 = ORIENTED_EDGE('',*,*,#8628,.T.);
#8746 = FACE_BOUND('',#8747,.F.);
#8747 = EDGE_LOOP('',(#8748,#8778,#8806,#8834));
#8748 = ORIENTED_EDGE('',*,*,#8749,.F.);
#8749 = EDGE_CURVE('',#8750,#8752,#8754,.T.);
#8750 = VERTEX_POINT('',#8751);
#8751 = CARTESIAN_POINT('',(-28.5,-18.5,37.));
#8752 = VERTEX_POINT('',#8753);
#8753 = CARTESIAN_POINT('',(28.5,-18.5,37.));
#8754 = SURFACE_CURVE('',#8755,(#8759,#8766),.PCURVE_S1.);
#8755 = LINE('',#8756,#8757);
#8756 = CARTESIAN_POINT('',(-28.5,-18.5,37.));
#8757 = VECTOR('',#8758,1.);
#8758 = DIRECTION('',(1.,0.,0.));
#8759 = PCURVE('',#8561,#8760);
#8760 = DEFINITIONAL_REPRESENTATION('',(#8761),#8765);
#8761 = LINE('',#8762,#8763);
#8762 = CARTESIAN_POINT('',(-28.5,-18.5));
#8763 = VECTOR('',#8764,1.);
#8764 = DIRECTION('',(1.,0.));
#8765 = ( GEOMETRIC_REPRESENTATION_CONTEXT(2) 
PARAMETRIC_REPRESENTATION_CONTEXT() REPRESENTATION_CONTEXT('2D SPACE',''
  ) );
#8766 = PCURVE('',#8767,#8772);
#8767 = PLANE('',#8768);
#8768 = AXIS2_PLACEMENT_3D('',#8769,#8770,#8771);
#8769 = CARTESIAN_POINT('',(-28.5,-18.5,37.));
#8770 = DIRECTION('',(0.,1.,0.));
#8771 = DIRECTION('',(1.,0.,0.));
#8772 = DEFINITIONAL_REPRESENTATION('',(#8773),#8777);
#8773 = LINE('',#8774,#8775);
#8774 = CARTESIAN_POINT('',(0.,0.));
#8775 = VECTOR('',#8776,1.);
#8776 = DIRECTION('',(1.,0.));
#8777 = ( GEOMETRIC_REPRESENTATION_CONTEXT(2) 
PARAMETRIC_REPRESENTATION_CONTEXT() REPRESENTATION_CONTEXT('2D SPACE',''
  ) );
#8778 = ORIENTED_EDGE('',*,*,#8779,.F.);
#8779 = EDGE_CURVE('',#8780,#8750,#8782,.T.);
#8780 = VERTEX_POINT('',#8781);
#8781 = CARTESIAN_POINT('',(-28.5,18.5,37.));
#8782 = SURFACE_CURVE('',#8783,(#8787,#8794),.PCURVE_S1.);
#8783 = LINE('',#8784,#8785);
#8784 = CARTESIAN_POINT('',(-28.5,18.5,37.));
#8785 = VECTOR('',#8786,1.);
#8786 = DIRECTION('',(0.,-1.,0.));
#8787 = PCURVE('',#8561,#8788);
#8788 = DEFINITIONAL_REPRESENTATION('',(#8789),#8793);
#8789 = LINE('',#8790,#8791);
#8790 = CARTESIAN_POINT('',(-28.5,18.5));
#8791 = VECTOR('',#8792,1.);
#8792 = DIRECTION('',(0.,-1.));
#8793 = ( GEOMETRIC_REPRESENTATION_CONTEXT(2) 
PARAMETRIC_REPRESENTATION_CONTEXT() REPRESENTATION_CONTEXT('2D SPACE',''
  ) );
#8794 = PCURVE('',#8795,#8800);
#8795 = PLANE('',#8796);
#8796 = AXIS2_PLACEMENT_3D('',#8797,#8798,#8799);
#8797 = CARTESIAN_POINT('',(-28.5,18.5,37.));
#8798 = DIRECTION('',(1.,0.,-0.));
#8799 = DIRECTION('',(0.,-1.,0.));
#8800 = DEFINITIONAL_REPRESENTATION('',(#8801),#8805);
#8801 = LINE('',#8802,#8803);
#8802 = CARTESIAN_POINT('',(0.,0.));
#8803 = VECTOR('',#8804,1.);
#8804 = DIRECTION('',(1.,0.));
#8805 = ( GEOMETRIC_REPRESENTATION_CONTEXT(2) 
PARAMETRIC_REPRESENTATION_CONTEXT() REPRESENTATION_CONTEXT('2D SPACE',''
  ) );
#8806 = ORIENTED_EDGE('',*,*,#8807,.F.);
#8807 = EDGE_CURVE('',#8808,#8780,#8810,.T.);
#8808 = VERTEX_POINT('',#8809);
#8809 = CARTESIAN_POINT('',(28.5,18.5,37.));
#8810 = SURFACE_CURVE('',#8811,(#8815,#8822),.PCURVE_S1.);
#8811 = LINE('',#8812,#8813);
#8812 = CARTESIAN_POINT('',(28.5,18.5,37.));
#8813 = VECTOR('',#8814,1.);
#8814 = DIRECTION('',(-1.,0.,0.));
#8815 = PCURVE('',#8561,#8816);
#8816 = DEFINITIONAL_REPRESENTATION('',(#8817),#8821);
#8817 = LINE('',#8818,#8819);
#8818 = CARTESIAN_POINT('',(28.5,18.5));
#8819 = VECTOR('',#8820,1.);
#8820 = DIRECTION('',(-1.,0.));
#8821 = ( GEOMETRIC_REPRESENTATION_CONTEXT(2) 
PARAMETRIC_REPRESENTATION_CONTEXT() REPRESENTATION_CONTEXT('2D SPACE',''
  ) );
#8822 = PCURVE('',#8823,#8828);
#8823 = PLANE('',#8824);
#8824 = AXIS2_PLACEMENT_3D('',#8825,#8826,#8827);
#8825 = CARTESIAN_POINT('',(28.5,18.5,37.));
#8826 = DIRECTION('',(0.,-1.,0.));
#8827 = DIRECTION('',(-1.,0.,0.));
#8828 = DEFINITIONAL_REPRESENTATION('',(#8829),#8833);
#8829 = LINE('',#8830,#8831);
#8830 = CARTESIAN_POINT('',(0.,-0.));
#8831 = VECTOR('',#8832,1.);
#8832 = DIRECTION('',(1.,0.));
#8833 = ( GEOMETRIC_REPRESENTATION_CONTEXT(2) 
PARAMETRIC_REPRESENTATION_CONTEXT() REPRESENTATION_CONTEXT('2D SPACE',''
  ) );
#8834 = ORIENTED_EDGE('',*,*,#8835,.F.);
#8835 = EDGE_CURVE('',#8752,#8808,#8836,.T.);
#8836 = SURFACE_CURVE('',#8837,(#8841,#8848),.PCURVE_S1.);
#8837 = LINE('',#8838,#8839);
#8838 = CARTESIAN_POINT('',(28.5,-18.5,37.));
#8839 = VECTOR('',#8840,1.);
#8840 = DIRECTION('',(0.,1.,0.));
#8841 = PCURVE('',#8561,#8842);
#8842 = DEFINITIONAL_REPRESENTATION('',(#8843),#8847);
#8843 = LINE('',#8844,#8845);
#8844 = CARTESIAN_POINT('',(28.5,-18.5));
#8845 = VECTOR('',#8846,1.);
#8846 = DIRECTION('',(0.,1.));
#8847 = ( GEOMETRIC_REPRESENTATION_CONTEXT(2) 
PARAMETRIC_REPRESENTATION_CONTEXT() REPRESENTATION_CONTEXT('2D SPACE',''
  ) );
#8848 = PCURVE('',#8849,#8854);
#8849 = PLANE('',#8850);
#8850 = AXIS2_PLACEMENT_3D('',#8851,#8852,#8853);
#8851 = CARTESIAN_POINT('',(28.5,-18.5,37.));
#8852 = DIRECTION('',(-1.,0.,0.));
#8853 = DIRECTION('',(0.,1.,0.));
#8854 = DEFINITIONAL_REPRESENTATION('',(#8855),#8859);
#8855 = LINE('',#8856,#8857);
#8856 = CARTESIAN_POINT('',(0.,0.));
#8857 = VECTOR('',#8858,1.);
#8858 = DIRECTION('',(1.,0.));
#8859 = ( GEOMETRIC_REPRESENTATION_CONTEXT(2) 
PARAMETRIC_REPRESENTATION_CONTEXT() REPRESENTATION_CONTEXT('2D SPACE',''
  ) );
#8860 = ADVANCED_FACE('',(#8861,#8887),#8507,.T.);
#8861 = FACE_BOUND('',#8862,.T.);
#8862 = EDGE_LOOP('',(#8863,#8864,#8865,#8886));
#8863 = ORIENTED_EDGE('',*,*,#8491,.T.);
#8864 = ORIENTED_EDGE('',*,*,#8653,.T.);
#8865 = ORIENTED_EDGE('',*,*,#8866,.T.);
#8866 = EDGE_CURVE('',#8654,#8579,#8867,.T.);
#8867 = SURFACE_CURVE('',#8868,(#8872,#8879),.PCURVE_S1.);
#8868 = LINE('',#8869,#8870);
#8869 = CARTESIAN_POINT('',(31.,21.,38.));
#8870 = VECTOR('',#8871,1.);
#8871 = DIRECTION('',(-1.,0.,0.));
#8872 = PCURVE('',#8507,#8873);
#8873 = DEFINITIONAL_REPRESENTATION('',(#8874),#8878);
#8874 = LINE('',#8875,#8876);
#8875 = CARTESIAN_POINT('',(31.,21.));
#8876 = VECTOR('',#8877,1.);
#8877 = DIRECTION('',(-1.,0.));
#8878 = ( GEOMETRIC_REPRESENTATION_CONTEXT(2) 
PARAMETRIC_REPRESENTATION_CONTEXT() REPRESENTATION_CONTEXT('2D SPACE',''
  ) );
#8879 = PCURVE('',#8594,#8880);
#8880 = DEFINITIONAL_REPRESENTATION('',(#8881),#8885);
#8881 = LINE('',#8882,#8883);
#8882 = CARTESIAN_POINT('',(0.,-1.));
#8883 = VECTOR('',#8884,1.);
#8884 = DIRECTION('',(1.,0.));
#8885 = ( GEOMETRIC_REPRESENTATION_CONTEXT(2) 
PARAMETRIC_REPRESENTATION_CONTEXT() REPRESENTATION_CONTEXT('2D SPACE',''
  ) );
#8886 = ORIENTED_EDGE('',*,*,#8606,.T.);
#8887 = FACE_BOUND('',#8888,.T.);
#8888 = EDGE_LOOP('',(#8889,#8914,#8937,#8960));
#8889 = ORIENTED_EDGE('',*,*,#8890,.F.);
#8890 = EDGE_CURVE('',#8891,#8893,#8895,.T.);
#8891 = VERTEX_POINT('',#8892);
#8892 = CARTESIAN_POINT('',(-28.5,-18.5,38.));
#8893 = VERTEX_POINT('',#8894);
#8894 = CARTESIAN_POINT('',(28.5,-18.5,38.));
#8895 = SURFACE_CURVE('',#8896,(#8900,#8907),.PCURVE_S1.);
#8896 = LINE('',#8897,#8898);
#8897 = CARTESIAN_POINT('',(-28.5,-18.5,38.));
#8898 = VECTOR('',#8899,1.);
#8899 = DIRECTION('',(1.,0.,0.));
#8900 = PCURVE('',#8507,#8901);
#8901 = DEFINITIONAL_REPRESENTATION('',(#8902),#8906);
#8902 = LINE('',#8903,#8904);
#8903 = CARTESIAN_POINT('',(-28.5,-18.5));
#8904 = VECTOR('',#8905,1.);
#8905 = DIRECTION('',(1.,0.));
#8906 = ( GEOMETRIC_REPRESENTATION_CONTEXT(2) 
PARAMETRIC_REPRESENTATION_CONTEXT() REPRESENTATION_CONTEXT('2D SPACE',''
  ) );
#8907 = PCURVE('',#8767,#8908);
#8908 = DEFINITIONAL_REPRESENTATION('',(#8909),#8913);
#8909 = LINE('',#8910,#8911);
#8910 = CARTESIAN_POINT('',(0.,-1.));
#8911 = VECTOR('',#8912,1.);
#8912 = DIRECTION('',(1.,0.));
#8913 = ( GEOMETRIC_REPRESENTATION_CONTEXT(2) 
PARAMETRIC_REPRESENTATION_CONTEXT() REPRESENTATION_CONTEXT('2D SPACE',''
  ) );
#8914 = ORIENTED_EDGE('',*,*,#8915,.F.);
#8915 = EDGE_CURVE('',#8916,#8891,#8918,.T.);
#8916 = VERTEX_POINT('',#8917);
#8917 = CARTESIAN_POINT('',(-28.5,18.5,38.));
#8918 = SURFACE_CURVE('',#8919,(#8923,#8930),.PCURVE_S1.);
#8919 = LINE('',#8920,#8921);
#8920 = CARTESIAN_POINT('',(-28.5,18.5,38.));
#8921 = VECTOR('',#8922,1.);
#8922 = DIRECTION('',(0.,-1.,0.));
#8923 = PCURVE('',#8507,#8924);
#8924 = DEFINITIONAL_REPRESENTATION('',(#8925),#8929);
#8925 = LINE('',#8926,#8927);
#8926 = CARTESIAN_POINT('',(-28.5,18.5));
#8927 = VECTOR('',#8928,1.);
#8928 = DIRECTION('',(0.,-1.));
#8929 = ( GEOMETRIC_REPRESENTATION_CONTEXT(2) 
PARAMETRIC_REPRESENTATION_CONTEXT() REPRESENTATION_CONTEXT('2D SPACE',''
  ) );
#8930 = PCURVE('',#8795,#8931);
#8931 = DEFINITIONAL_REPRESENTATION('',(#8932),#8936);
#8932 = LINE('',#8933,#8934);
#8933 = CARTESIAN_POINT('',(0.,-1.));
#8934 = VECTOR('',#8935,1.);
#8935 = DIRECTION('',(1.,0.));
#8936 = ( GEOMETRIC_REPRESENTATION_CONTEXT(2) 
PARAMETRIC_REPRESENTATION_CONTEXT() REPRESENTATION_CONTEXT('2D SPACE',''
  ) );
#8937 = ORIENTED_EDGE('',*,*,#8938,.F.);
#8938 = EDGE_CURVE('',#8939,#8916,#8941,.T.);
#8939 = VERTEX_POINT('',#8940);
#8940 = CARTESIAN_POINT('',(28.5,18.5,38.));
#8941 = SURFACE_CURVE('',#8942,(#8946,#8953),.PCURVE_S1.);
#8942 = LINE('',#8943,#8944);
#8943 = CARTESIAN_POINT('',(28.5,18.5,38.));
#8944 = VECTOR('',#8945,1.);
#8945 = DIRECTION('',(-1.,0.,0.));
#8946 = PCURVE('',#8507,#8947);
#8947 = DEFINITIONAL_REPRESENTATION('',(#8948),#8952);
#8948 = LINE('',#8949,#8950);
#8949 = CARTESIAN_POINT('',(28.5,18.5));
#8950 = VECTOR('',#8951,1.);
#8951 = DIRECTION('',(-1.,0.));
#8952 = ( GEOMETRIC_REPRESENTATION_CONTEXT(2) 
PARAMETRIC_REPRESENTATION_CONTEXT() REPRESENTATION_CONTEXT('2D SPACE',''
  ) );
#8953 = PCURVE('',#8823,#8954);
#8954 = DEFINITIONAL_REPRESENTATION('',(#8955),#8959);
#8955 = LINE('',#8956,#8957);
#8956 = CARTESIAN_POINT('',(0.,-1.));
#8957 = VECTOR('',#8958,1.);
#8958 = DIRECTION('',(1.,0.));
#8959 = ( GEOMETRIC_REPRESENTATION_CONTEXT(2) 
PARAMETRIC_REPRESENTATION_CONTEXT() REPRESENTATION_CONTEXT('2D SPACE',''
  ) );
#8960 = ORIENTED_EDGE('',*,*,#8961,.F.);
#8961 = EDGE_CURVE('',#8893,#8939,#8962,.T.);
#8962 = SURFACE_CURVE('',#8963,(#8967,#8974),.PCURVE_S1.);
#8963 = LINE('',#8964,#8965);
#8964 = CARTESIAN_POINT('',(28.5,-18.5,38.));
#8965 = VECTOR('',#8966,1.);
#8966 = DIRECTION('',(0.,1.,0.));
#8967 = PCURVE('',#8507,#8968);
#8968 = DEFINITIONAL_REPRESENTATION('',(#8969),#8973);
#8969 = LINE('',#8970,#8971);
#8970 = CARTESIAN_POINT('',(28.5,-18.5));
#8971 = VECTOR('',#8972,1.);
#8972 = DIRECTION('',(0.,1.));
#8973 = ( GEOMETRIC_REPRESENTATION_CONTEXT(2) 
PARAMETRIC_REPRESENTATION_CONTEXT() REPRESENTATION_CONTEXT('2D SPACE',''
  ) );
#8974 = PCURVE('',#8849,#8975);
#8975 = DEFINITIONAL_REPRESENTATION('',(#8976),#8980);
#8976 = LINE('',#8977,#8978);
#8977 = CARTESIAN_POINT('',(0.,-1.));
#8978 = VECTOR('',#8979,1.);
#8979 = DIRECTION('',(1.,0.));
#8980 = ( GEOMETRIC_REPRESENTATION_CONTEXT(2) 
PARAMETRIC_REPRESENTATION_CONTEXT() REPRESENTATION_CONTEXT('2D SPACE',''
  ) );
#8981 = ADVANCED_FACE('',(#8982),#8594,.F.);
#8982 = FACE_BOUND('',#8983,.F.);
#8983 = EDGE_LOOP('',(#8984,#8985,#8986,#8987));
#8984 = ORIENTED_EDGE('',*,*,#8676,.T.);
#8985 = ORIENTED_EDGE('',*,*,#8866,.T.);
#8986 = ORIENTED_EDGE('',*,*,#8576,.F.);
#8987 = ORIENTED_EDGE('',*,*,#8725,.F.);
#8988 = ADVANCED_FACE('',(#8989),#8767,.T.);
#8989 = FACE_BOUND('',#8990,.T.);
#8990 = EDGE_LOOP('',(#8991,#9012,#9013,#9034));
#8991 = ORIENTED_EDGE('',*,*,#8992,.T.);
#8992 = EDGE_CURVE('',#8750,#8891,#8993,.T.);
#8993 = SURFACE_CURVE('',#8994,(#8998,#9005),.PCURVE_S1.);
#8994 = LINE('',#8995,#8996);
#8995 = CARTESIAN_POINT('',(-28.5,-18.5,37.));
#8996 = VECTOR('',#8997,1.);
#8997 = DIRECTION('',(0.,0.,1.));
#8998 = PCURVE('',#8767,#8999);
#8999 = DEFINITIONAL_REPRESENTATION('',(#9000),#9004);
#9000 = LINE('',#9001,#9002);
#9001 = CARTESIAN_POINT('',(0.,0.));
#9002 = VECTOR('',#9003,1.);
#9003 = DIRECTION('',(0.,-1.));
#9004 = ( GEOMETRIC_REPRESENTATION_CONTEXT(2) 
PARAMETRIC_REPRESENTATION_CONTEXT() REPRESENTATION_CONTEXT('2D SPACE',''
  ) );
#9005 = PCURVE('',#8795,#9006);
#9006 = DEFINITIONAL_REPRESENTATION('',(#9007),#9011);
#9007 = LINE('',#9008,#9009);
#9008 = CARTESIAN_POINT('',(37.,0.));
#9009 = VECTOR('',#9010,1.);
#9010 = DIRECTION('',(0.,-1.));
#9011 = ( GEOMETRIC_REPRESENTATION_CONTEXT(2) 
PARAMETRIC_REPRESENTATION_CONTEXT() REPRESENTATION_CONTEXT('2D SPACE',''
  ) );
#9012 = ORIENTED_EDGE('',*,*,#8890,.T.);
#9013 = ORIENTED_EDGE('',*,*,#9014,.F.);
#9014 = EDGE_CURVE('',#8752,#8893,#9015,.T.);
#9015 = SURFACE_CURVE('',#9016,(#9020,#9027),.PCURVE_S1.);
#9016 = LINE('',#9017,#9018);
#9017 = CARTESIAN_POINT('',(28.5,-18.5,37.));
#9018 = VECTOR('',#9019,1.);
#9019 = DIRECTION('',(0.,0.,1.));
#9020 = PCURVE('',#8767,#9021);
#9021 = DEFINITIONAL_REPRESENTATION('',(#9022),#9026);
#9022 = LINE('',#9023,#9024);
#9023 = CARTESIAN_POINT('',(57.,0.));
#9024 = VECTOR('',#9025,1.);
#9025 = DIRECTION('',(0.,-1.));
#9026 = ( GEOMETRIC_REPRESENTATION_CONTEXT(2) 
PARAMETRIC_REPRESENTATION_CONTEXT() REPRESENTATION_CONTEXT('2D SPACE',''
  ) );
#9027 = PCURVE('',#8849,#9028);
#9028 = DEFINITIONAL_REPRESENTATION('',(#9029),#9033);
#9029 = LINE('',#9030,#9031);
#9030 = CARTESIAN_POINT('',(0.,0.));
#9031 = VECTOR('',#9032,1.);
#9032 = DIRECTION('',(0.,-1.));
#9033 = ( GEOMETRIC_REPRESENTATION_CONTEXT(2) 
PARAMETRIC_REPRESENTATION_CONTEXT() REPRESENTATION_CONTEXT('2D SPACE',''
  ) );
#9034 = ORIENTED_EDGE('',*,*,#8749,.F.);
#9035 = ADVANCED_FACE('',(#9036),#8849,.T.);
#9036 = FACE_BOUND('',#9037,.T.);
#9037 = EDGE_LOOP('',(#9038,#9039,#9040,#9061));
#9038 = ORIENTED_EDGE('',*,*,#9014,.T.);
#9039 = ORIENTED_EDGE('',*,*,#8961,.T.);
#9040 = ORIENTED_EDGE('',*,*,#9041,.F.);
#9041 = EDGE_CURVE('',#8808,#8939,#9042,.T.);
#9042 = SURFACE_CURVE('',#9043,(#9047,#9054),.PCURVE_S1.);
#9043 = LINE('',#9044,#9045);
#9044 = CARTESIAN_POINT('',(28.5,18.5,37.));
#9045 = VECTOR('',#9046,1.);
#9046 = DIRECTION('',(0.,0.,1.));
#9047 = PCURVE('',#8849,#9048);
#9048 = DEFINITIONAL_REPRESENTATION('',(#9049),#9053);
#9049 = LINE('',#9050,#9051);
#9050 = CARTESIAN_POINT('',(37.,0.));
#9051 = VECTOR('',#9052,1.);
#9052 = DIRECTION('',(0.,-1.));
#9053 = ( GEOMETRIC_REPRESENTATION_CONTEXT(2) 
PARAMETRIC_REPRESENTATION_CONTEXT() REPRESENTATION_CONTEXT('2D SPACE',''
  ) );
#9054 = PCURVE('',#8823,#9055);
#9055 = DEFINITIONAL_REPRESENTATION('',(#9056),#9060);
#9056 = LINE('',#9057,#9058);
#9057 = CARTESIAN_POINT('',(0.,-0.));
#9058 = VECTOR('',#9059,1.);
#9059 = DIRECTION('',(0.,-1.));
#9060 = ( GEOMETRIC_REPRESENTATION_CONTEXT(2) 
PARAMETRIC_REPRESENTATION_CONTEXT() REPRESENTATION_CONTEXT('2D SPACE',''
  ) );
#9061 = ORIENTED_EDGE('',*,*,#8835,.F.);
#9062 = ADVANCED_FACE('',(#9063),#8823,.T.);
#9063 = FACE_BOUND('',#9064,.T.);
#9064 = EDGE_LOOP('',(#9065,#9066,#9067,#9088));
#9065 = ORIENTED_EDGE('',*,*,#9041,.T.);
#9066 = ORIENTED_EDGE('',*,*,#8938,.T.);
#9067 = ORIENTED_EDGE('',*,*,#9068,.F.);
#9068 = EDGE_CURVE('',#8780,#8916,#9069,.T.);
#9069 = SURFACE_CURVE('',#9070,(#9074,#9081),.PCURVE_S1.);
#9070 = LINE('',#9071,#9072);
#9071 = CARTESIAN_POINT('',(-28.5,18.5,37.));
#9072 = VECTOR('',#9073,1.);
#9073 = DIRECTION('',(0.,0.,1.));
#9074 = PCURVE('',#8823,#9075);
#9075 = DEFINITIONAL_REPRESENTATION('',(#9076),#9080);
#9076 = LINE('',#9077,#9078);
#9077 = CARTESIAN_POINT('',(57.,0.));
#9078 = VECTOR('',#9079,1.);
#9079 = DIRECTION('',(0.,-1.));
#9080 = ( GEOMETRIC_REPRESENTATION_CONTEXT(2) 
PARAMETRIC_REPRESENTATION_CONTEXT() REPRESENTATION_CONTEXT('2D SPACE',''
  ) );
#9081 = PCURVE('',#8795,#9082);
#9082 = DEFINITIONAL_REPRESENTATION('',(#9083),#9087);
#9083 = LINE('',#9084,#9085);
#9084 = CARTESIAN_POINT('',(0.,0.));
#9085 = VECTOR('',#9086,1.);
#9086 = DIRECTION('',(0.,-1.));
#9087 = ( GEOMETRIC_REPRESENTATION_CONTEXT(2) 
PARAMETRIC_REPRESENTATION_CONTEXT() REPRESENTATION_CONTEXT('2D SPACE',''
  ) );
#9088 = ORIENTED_EDGE('',*,*,#8807,.F.);
#9089 = ADVANCED_FACE('',(#9090),#8795,.T.);
#9090 = FACE_BOUND('',#9091,.T.);
#9091 = EDGE_LOOP('',(#9092,#9093,#9094,#9095));
#9092 = ORIENTED_EDGE('',*,*,#9068,.T.);
#9093 = ORIENTED_EDGE('',*,*,#8915,.T.);
#9094 = ORIENTED_EDGE('',*,*,#8992,.F.);
#9095 = ORIENTED_EDGE('',*,*,#8779,.F.);
#9096 = ( GEOMETRIC_REPRESENTATION_CONTEXT(3) 
GLOBAL_UNCERTAINTY_ASSIGNED_CONTEXT((#9100)) 
GLOBAL_UNIT_ASSIGNED_CONTEXT((#9097,#9098,#9099)) REPRESENTATION_CONTEXT
('Context #1','3D Context with UNIT and UNCERTAINTY') );
#9097 = ( LENGTH_UNIT() NAMED_UNIT(*) SI_UNIT(.MILLI.,.METRE.) );
#9098 = ( NAMED_UNIT(*) PLANE_ANGLE_UNIT() SI_UNIT($,.RADIAN.) );
#9099 = ( NAMED_UNIT(*) SI_UNIT($,.STERADIAN.) SOLID_ANGLE_UNIT() );
#9100 = UNCERTAINTY_MEASURE_WITH_UNIT(LENGTH_MEASURE(1.E-07),#9097,
  'distance_accuracy_value','confusion accuracy');
#9101 = CONTEXT_DEPENDENT_SHAPE_REPRESENTATION(#9102,#9104);
#9102 = ( REPRESENTATION_RELATIONSHIP('','',#8449,#10) 
REPRESENTATION_RELATIONSHIP_WITH_TRANSFORMATION(#9103) 
SHAPE_REPRESENTATION_RELATIONSHIP() );
#9103 = ITEM_DEFINED_TRANSFORMATION('','',#11,#35);
#9104 = PRODUCT_DEFINITION_SHAPE('Placement','Placement of an item',
  #9105);
#9105 = NEXT_ASSEMBLY_USAGE_OCCURRENCE('8','Junta','',#5,#8444,$);
#9106 = PRODUCT_RELATED_PRODUCT_CATEGORY('part',$,(#8446));
#9107 = SHAPE_DEFINITION_REPRESENTATION(#9108,#9114);
#9108 = PRODUCT_DEFINITION_SHAPE('','',#9109);
#9109 = PRODUCT_DEFINITION('design','',#9110,#9113);
#9110 = PRODUCT_DEFINITION_FORMATION('','',#9111);
#9111 = PRODUCT('Placa_Sensores','Placa_Sensores','',(#9112));
#9112 = PRODUCT_CONTEXT('',#2,'mechanical');
#9113 = PRODUCT_DEFINITION_CONTEXT('part definition',#2,'design');
#9114 = ADVANCED_BREP_SHAPE_REPRESENTATION('',(#11,#9115),#9813);
#9115 = MANIFOLD_SOLID_BREP('',#9116);
#9116 = CLOSED_SHELL('',(#9117,#9237,#9313,#9502,#9551,#9698,#9705,#9732
    ,#9759,#9786));
#9117 = ADVANCED_FACE('',(#9118),#9132,.F.);
#9118 = FACE_BOUND('',#9119,.F.);
#9119 = EDGE_LOOP('',(#9120,#9155,#9183,#9211));
#9120 = ORIENTED_EDGE('',*,*,#9121,.F.);
#9121 = EDGE_CURVE('',#9122,#9124,#9126,.T.);
#9122 = VERTEX_POINT('',#9123);
#9123 = CARTESIAN_POINT('',(-27.,-17.,20.));
#9124 = VERTEX_POINT('',#9125);
#9125 = CARTESIAN_POINT('',(-27.,-17.,23.));
#9126 = SURFACE_CURVE('',#9127,(#9131,#9143),.PCURVE_S1.);
#9127 = LINE('',#9128,#9129);
#9128 = CARTESIAN_POINT('',(-27.,-17.,20.));
#9129 = VECTOR('',#9130,1.);
#9130 = DIRECTION('',(0.,0.,1.));
#9131 = PCURVE('',#9132,#9137);
#9132 = PLANE('',#9133);
#9133 = AXIS2_PLACEMENT_3D('',#9134,#9135,#9136);
#9134 = CARTESIAN_POINT('',(-27.,-17.,20.));
#9135 = DIRECTION('',(1.,0.,0.));
#9136 = DIRECTION('',(0.,0.,1.));
#9137 = DEFINITIONAL_REPRESENTATION('',(#9138),#9142);
#9138 = LINE('',#9139,#9140);
#9139 = CARTESIAN_POINT('',(0.,0.));
#9140 = VECTOR('',#9141,1.);
#9141 = DIRECTION('',(1.,0.));
#9142 = ( GEOMETRIC_REPRESENTATION_CONTEXT(2) 
PARAMETRIC_REPRESENTATION_CONTEXT() REPRESENTATION_CONTEXT('2D SPACE',''
  ) );
#9143 = PCURVE('',#9144,#9149);
#9144 = PLANE('',#9145);
#9145 = AXIS2_PLACEMENT_3D('',#9146,#9147,#9148);
#9146 = CARTESIAN_POINT('',(-27.,-17.,20.));
#9147 = DIRECTION('',(0.,1.,0.));
#9148 = DIRECTION('',(0.,0.,1.));
#9149 = DEFINITIONAL_REPRESENTATION('',(#9150),#9154);
#9150 = LINE('',#9151,#9152);
#9151 = CARTESIAN_POINT('',(0.,0.));
#9152 = VECTOR('',#9153,1.);
#9153 = DIRECTION('',(1.,0.));
#9154 = ( GEOMETRIC_REPRESENTATION_CONTEXT(2) 
PARAMETRIC_REPRESENTATION_CONTEXT() REPRESENTATION_CONTEXT('2D SPACE',''
  ) );
#9155 = ORIENTED_EDGE('',*,*,#9156,.T.);
#9156 = EDGE_CURVE('',#9122,#9157,#9159,.T.);
#9157 = VERTEX_POINT('',#9158);
#9158 = CARTESIAN_POINT('',(-27.,17.,20.));
#9159 = SURFACE_CURVE('',#9160,(#9164,#9171),.PCURVE_S1.);
#9160 = LINE('',#9161,#9162);
#9161 = CARTESIAN_POINT('',(-27.,-17.,20.));
#9162 = VECTOR('',#9163,1.);
#9163 = DIRECTION('',(0.,1.,0.));
#9164 = PCURVE('',#9132,#9165);
#9165 = DEFINITIONAL_REPRESENTATION('',(#9166),#9170);
#9166 = LINE('',#9167,#9168);
#9167 = CARTESIAN_POINT('',(0.,0.));
#9168 = VECTOR('',#9169,1.);
#9169 = DIRECTION('',(0.,-1.));
#9170 = ( GEOMETRIC_REPRESENTATION_CONTEXT(2) 
PARAMETRIC_REPRESENTATION_CONTEXT() REPRESENTATION_CONTEXT('2D SPACE',''
  ) );
#9171 = PCURVE('',#9172,#9177);
#9172 = PLANE('',#9173);
#9173 = AXIS2_PLACEMENT_3D('',#9174,#9175,#9176);
#9174 = CARTESIAN_POINT('',(-27.,-17.,20.));
#9175 = DIRECTION('',(0.,0.,1.));
#9176 = DIRECTION('',(1.,0.,0.));
#9177 = DEFINITIONAL_REPRESENTATION('',(#9178),#9182);
#9178 = LINE('',#9179,#9180);
#9179 = CARTESIAN_POINT('',(0.,0.));
#9180 = VECTOR('',#9181,1.);
#9181 = DIRECTION('',(0.,1.));
#9182 = ( GEOMETRIC_REPRESENTATION_CONTEXT(2) 
PARAMETRIC_REPRESENTATION_CONTEXT() REPRESENTATION_CONTEXT('2D SPACE',''
  ) );
#9183 = ORIENTED_EDGE('',*,*,#9184,.T.);
#9184 = EDGE_CURVE('',#9157,#9185,#9187,.T.);
#9185 = VERTEX_POINT('',#9186);
#9186 = CARTESIAN_POINT('',(-27.,17.,23.));
#9187 = SURFACE_CURVE('',#9188,(#9192,#9199),.PCURVE_S1.);
#9188 = LINE('',#9189,#9190);
#9189 = CARTESIAN_POINT('',(-27.,17.,20.));
#9190 = VECTOR('',#9191,1.);
#9191 = DIRECTION('',(0.,0.,1.));
#9192 = PCURVE('',#9132,#9193);
#9193 = DEFINITIONAL_REPRESENTATION('',(#9194),#9198);
#9194 = LINE('',#9195,#9196);
#9195 = CARTESIAN_POINT('',(0.,-34.));
#9196 = VECTOR('',#9197,1.);
#9197 = DIRECTION('',(1.,0.));
#9198 = ( GEOMETRIC_REPRESENTATION_CONTEXT(2) 
PARAMETRIC_REPRESENTATION_CONTEXT() REPRESENTATION_CONTEXT('2D SPACE',''
  ) );
#9199 = PCURVE('',#9200,#9205);
#9200 = PLANE('',#9201);
#9201 = AXIS2_PLACEMENT_3D('',#9202,#9203,#9204);
#9202 = CARTESIAN_POINT('',(-27.,17.,20.));
#9203 = DIRECTION('',(0.,1.,0.));
#9204 = DIRECTION('',(0.,0.,1.));
#9205 = DEFINITIONAL_REPRESENTATION('',(#9206),#9210);
#9206 = LINE('',#9207,#9208);
#9207 = CARTESIAN_POINT('',(0.,0.));
#9208 = VECTOR('',#9209,1.);
#9209 = DIRECTION('',(1.,0.));
#9210 = ( GEOMETRIC_REPRESENTATION_CONTEXT(2) 
PARAMETRIC_REPRESENTATION_CONTEXT() REPRESENTATION_CONTEXT('2D SPACE',''
  ) );
#9211 = ORIENTED_EDGE('',*,*,#9212,.F.);
#9212 = EDGE_CURVE('',#9124,#9185,#9213,.T.);
#9213 = SURFACE_CURVE('',#9214,(#9218,#9225),.PCURVE_S1.);
#9214 = LINE('',#9215,#9216);
#9215 = CARTESIAN_POINT('',(-27.,-17.,23.));
#9216 = VECTOR('',#9217,1.);
#9217 = DIRECTION('',(0.,1.,0.));
#9218 = PCURVE('',#9132,#9219);
#9219 = DEFINITIONAL_REPRESENTATION('',(#9220),#9224);
#9220 = LINE('',#9221,#9222);
#9221 = CARTESIAN_POINT('',(3.,0.));
#9222 = VECTOR('',#9223,1.);
#9223 = DIRECTION('',(0.,-1.));
#9224 = ( GEOMETRIC_REPRESENTATION_CONTEXT(2) 
PARAMETRIC_REPRESENTATION_CONTEXT() REPRESENTATION_CONTEXT('2D SPACE',''
  ) );
#9225 = PCURVE('',#9226,#9231);
#9226 = PLANE('',#9227);
#9227 = AXIS2_PLACEMENT_3D('',#9228,#9229,#9230);
#9228 = CARTESIAN_POINT('',(-27.,-17.,23.));
#9229 = DIRECTION('',(0.,0.,1.));
#9230 = DIRECTION('',(1.,0.,0.));
#9231 = DEFINITIONAL_REPRESENTATION('',(#9232),#9236);
#9232 = LINE('',#9233,#9234);
#9233 = CARTESIAN_POINT('',(0.,0.));
#9234 = VECTOR('',#9235,1.);
#9235 = DIRECTION('',(0.,1.));
#9236 = ( GEOMETRIC_REPRESENTATION_CONTEXT(2) 
PARAMETRIC_REPRESENTATION_CONTEXT() REPRESENTATION_CONTEXT('2D SPACE',''
  ) );
#9237 = ADVANCED_FACE('',(#9238),#9144,.F.);
#9238 = FACE_BOUND('',#9239,.F.);
#9239 = EDGE_LOOP('',(#9240,#9263,#9264,#9287));
#9240 = ORIENTED_EDGE('',*,*,#9241,.F.);
#9241 = EDGE_CURVE('',#9122,#9242,#9244,.T.);
#9242 = VERTEX_POINT('',#9243);
#9243 = CARTESIAN_POINT('',(27.,-17.,20.));
#9244 = SURFACE_CURVE('',#9245,(#9249,#9256),.PCURVE_S1.);
#9245 = LINE('',#9246,#9247);
#9246 = CARTESIAN_POINT('',(-27.,-17.,20.));
#9247 = VECTOR('',#9248,1.);
#9248 = DIRECTION('',(1.,0.,0.));
#9249 = PCURVE('',#9144,#9250);
#9250 = DEFINITIONAL_REPRESENTATION('',(#9251),#9255);
#9251 = LINE('',#9252,#9253);
#9252 = CARTESIAN_POINT('',(0.,0.));
#9253 = VECTOR('',#9254,1.);
#9254 = DIRECTION('',(0.,1.));
#9255 = ( GEOMETRIC_REPRESENTATION_CONTEXT(2) 
PARAMETRIC_REPRESENTATION_CONTEXT() REPRESENTATION_CONTEXT('2D SPACE',''
  ) );
#9256 = PCURVE('',#9172,#9257);
#9257 = DEFINITIONAL_REPRESENTATION('',(#9258),#9262);
#9258 = LINE('',#9259,#9260);
#9259 = CARTESIAN_POINT('',(0.,0.));
#9260 = VECTOR('',#9261,1.);
#9261 = DIRECTION('',(1.,0.));
#9262 = ( GEOMETRIC_REPRESENTATION_CONTEXT(2) 
PARAMETRIC_REPRESENTATION_CONTEXT() REPRESENTATION_CONTEXT('2D SPACE',''
  ) );
#9263 = ORIENTED_EDGE('',*,*,#9121,.T.);
#9264 = ORIENTED_EDGE('',*,*,#9265,.T.);
#9265 = EDGE_CURVE('',#9124,#9266,#9268,.T.);
#9266 = VERTEX_POINT('',#9267);
#9267 = CARTESIAN_POINT('',(27.,-17.,23.));
#9268 = SURFACE_CURVE('',#9269,(#9273,#9280),.PCURVE_S1.);
#9269 = LINE('',#9270,#9271);
#9270 = CARTESIAN_POINT('',(-27.,-17.,23.));
#9271 = VECTOR('',#9272,1.);
#9272 = DIRECTION('',(1.,0.,0.));
#9273 = PCURVE('',#9144,#9274);
#9274 = DEFINITIONAL_REPRESENTATION('',(#9275),#9279);
#9275 = LINE('',#9276,#9277);
#9276 = CARTESIAN_POINT('',(3.,0.));
#9277 = VECTOR('',#9278,1.);
#9278 = DIRECTION('',(0.,1.));
#9279 = ( GEOMETRIC_REPRESENTATION_CONTEXT(2) 
PARAMETRIC_REPRESENTATION_CONTEXT() REPRESENTATION_CONTEXT('2D SPACE',''
  ) );
#9280 = PCURVE('',#9226,#9281);
#9281 = DEFINITIONAL_REPRESENTATION('',(#9282),#9286);
#9282 = LINE('',#9283,#9284);
#9283 = CARTESIAN_POINT('',(0.,0.));
#9284 = VECTOR('',#9285,1.);
#9285 = DIRECTION('',(1.,0.));
#9286 = ( GEOMETRIC_REPRESENTATION_CONTEXT(2) 
PARAMETRIC_REPRESENTATION_CONTEXT() REPRESENTATION_CONTEXT('2D SPACE',''
  ) );
#9287 = ORIENTED_EDGE('',*,*,#9288,.F.);
#9288 = EDGE_CURVE('',#9242,#9266,#9289,.T.);
#9289 = SURFACE_CURVE('',#9290,(#9294,#9301),.PCURVE_S1.);
#9290 = LINE('',#9291,#9292);
#9291 = CARTESIAN_POINT('',(27.,-17.,20.));
#9292 = VECTOR('',#9293,1.);
#9293 = DIRECTION('',(0.,0.,1.));
#9294 = PCURVE('',#9144,#9295);
#9295 = DEFINITIONAL_REPRESENTATION('',(#9296),#9300);
#9296 = LINE('',#9297,#9298);
#9297 = CARTESIAN_POINT('',(0.,54.));
#9298 = VECTOR('',#9299,1.);
#9299 = DIRECTION('',(1.,0.));
#9300 = ( GEOMETRIC_REPRESENTATION_CONTEXT(2) 
PARAMETRIC_REPRESENTATION_CONTEXT() REPRESENTATION_CONTEXT('2D SPACE',''
  ) );
#9301 = PCURVE('',#9302,#9307);
#9302 = PLANE('',#9303);
#9303 = AXIS2_PLACEMENT_3D('',#9304,#9305,#9306);
#9304 = CARTESIAN_POINT('',(27.,-17.,20.));
#9305 = DIRECTION('',(1.,0.,0.));
#9306 = DIRECTION('',(0.,0.,1.));
#9307 = DEFINITIONAL_REPRESENTATION('',(#9308),#9312);
#9308 = LINE('',#9309,#9310);
#9309 = CARTESIAN_POINT('',(0.,0.));
#9310 = VECTOR('',#9311,1.);
#9311 = DIRECTION('',(1.,0.));
#9312 = ( GEOMETRIC_REPRESENTATION_CONTEXT(2) 
PARAMETRIC_REPRESENTATION_CONTEXT() REPRESENTATION_CONTEXT('2D SPACE',''
  ) );
#9313 = ADVANCED_FACE('',(#9314,#9362,#9397,#9432,#9467),#9226,.T.);
#9314 = FACE_BOUND('',#9315,.T.);
#9315 = EDGE_LOOP('',(#9316,#9317,#9318,#9341));
#9316 = ORIENTED_EDGE('',*,*,#9212,.F.);
#9317 = ORIENTED_EDGE('',*,*,#9265,.T.);
#9318 = ORIENTED_EDGE('',*,*,#9319,.T.);
#9319 = EDGE_CURVE('',#9266,#9320,#9322,.T.);
#9320 = VERTEX_POINT('',#9321);
#9321 = CARTESIAN_POINT('',(27.,17.,23.));
#9322 = SURFACE_CURVE('',#9323,(#9327,#9334),.PCURVE_S1.);
#9323 = LINE('',#9324,#9325);
#9324 = CARTESIAN_POINT('',(27.,-17.,23.));
#9325 = VECTOR('',#9326,1.);
#9326 = DIRECTION('',(0.,1.,0.));
#9327 = PCURVE('',#9226,#9328);
#9328 = DEFINITIONAL_REPRESENTATION('',(#9329),#9333);
#9329 = LINE('',#9330,#9331);
#9330 = CARTESIAN_POINT('',(54.,0.));
#9331 = VECTOR('',#9332,1.);
#9332 = DIRECTION('',(0.,1.));
#9333 = ( GEOMETRIC_REPRESENTATION_CONTEXT(2) 
PARAMETRIC_REPRESENTATION_CONTEXT() REPRESENTATION_CONTEXT('2D SPACE',''
  ) );
#9334 = PCURVE('',#9302,#9335);
#9335 = DEFINITIONAL_REPRESENTATION('',(#9336),#9340);
#9336 = LINE('',#9337,#9338);
#9337 = CARTESIAN_POINT('',(3.,0.));
#9338 = VECTOR('',#9339,1.);
#9339 = DIRECTION('',(0.,-1.));
#9340 = ( GEOMETRIC_REPRESENTATION_CONTEXT(2) 
PARAMETRIC_REPRESENTATION_CONTEXT() REPRESENTATION_CONTEXT('2D SPACE',''
  ) );
#9341 = ORIENTED_EDGE('',*,*,#9342,.F.);
#9342 = EDGE_CURVE('',#9185,#9320,#9343,.T.);
#9343 = SURFACE_CURVE('',#9344,(#9348,#9355),.PCURVE_S1.);
#9344 = LINE('',#9345,#9346);
#9345 = CARTESIAN_POINT('',(-27.,17.,23.));
#9346 = VECTOR('',#9347,1.);
#9347 = DIRECTION('',(1.,0.,0.));
#9348 = PCURVE('',#9226,#9349);
#9349 = DEFINITIONAL_REPRESENTATION('',(#9350),#9354);
#9350 = LINE('',#9351,#9352);
#9351 = CARTESIAN_POINT('',(0.,34.));
#9352 = VECTOR('',#9353,1.);
#9353 = DIRECTION('',(1.,0.));
#9354 = ( GEOMETRIC_REPRESENTATION_CONTEXT(2) 
PARAMETRIC_REPRESENTATION_CONTEXT() REPRESENTATION_CONTEXT('2D SPACE',''
  ) );
#9355 = PCURVE('',#9200,#9356);
#9356 = DEFINITIONAL_REPRESENTATION('',(#9357),#9361);
#9357 = LINE('',#9358,#9359);
#9358 = CARTESIAN_POINT('',(3.,0.));
#9359 = VECTOR('',#9360,1.);
#9360 = DIRECTION('',(0.,1.));
#9361 = ( GEOMETRIC_REPRESENTATION_CONTEXT(2) 
PARAMETRIC_REPRESENTATION_CONTEXT() REPRESENTATION_CONTEXT('2D SPACE',''
  ) );
#9362 = FACE_BOUND('',#9363,.T.);
#9363 = EDGE_LOOP('',(#9364));
#9364 = ORIENTED_EDGE('',*,*,#9365,.T.);
#9365 = EDGE_CURVE('',#9366,#9366,#9368,.T.);
#9366 = VERTEX_POINT('',#9367);
#9367 = CARTESIAN_POINT('',(-18.,-12.,23.));
#9368 = SURFACE_CURVE('',#9369,(#9374,#9385),.PCURVE_S1.);
#9369 = CIRCLE('',#9370,2.);
#9370 = AXIS2_PLACEMENT_3D('',#9371,#9372,#9373);
#9371 = CARTESIAN_POINT('',(-20.,-12.,23.));
#9372 = DIRECTION('',(0.,0.,-1.));
#9373 = DIRECTION('',(1.,0.,0.));
#9374 = PCURVE('',#9226,#9375);
#9375 = DEFINITIONAL_REPRESENTATION('',(#9376),#9384);
#9376 = ( BOUNDED_CURVE() B_SPLINE_CURVE(2,(#9377,#9378,#9379,#9380,
#9381,#9382,#9383),.UNSPECIFIED.,.T.,.F.) B_SPLINE_CURVE_WITH_KNOTS((1,2
    ,2,2,2,1),(-2.094395102393,0.,2.094395102393,4.188790204786,
6.28318530718,8.377580409573),.UNSPECIFIED.) CURVE() 
GEOMETRIC_REPRESENTATION_ITEM() RATIONAL_B_SPLINE_CURVE((1.,0.5,1.,0.5,
1.,0.5,1.)) REPRESENTATION_ITEM('') );
#9377 = CARTESIAN_POINT('',(9.,5.));
#9378 = CARTESIAN_POINT('',(9.,1.535898384862));
#9379 = CARTESIAN_POINT('',(6.,3.267949192431));
#9380 = CARTESIAN_POINT('',(3.,5.));
#9381 = CARTESIAN_POINT('',(6.,6.732050807569));
#9382 = CARTESIAN_POINT('',(9.,8.464101615138));
#9383 = CARTESIAN_POINT('',(9.,5.));
#9384 = ( GEOMETRIC_REPRESENTATION_CONTEXT(2) 
PARAMETRIC_REPRESENTATION_CONTEXT() REPRESENTATION_CONTEXT('2D SPACE',''
  ) );
#9385 = PCURVE('',#9386,#9391);
#9386 = CYLINDRICAL_SURFACE('',#9387,2.);
#9387 = AXIS2_PLACEMENT_3D('',#9388,#9389,#9390);
#9388 = CARTESIAN_POINT('',(-20.,-12.,19.));
#9389 = DIRECTION('',(-0.,-0.,-1.));
#9390 = DIRECTION('',(1.,0.,0.));
#9391 = DEFINITIONAL_REPRESENTATION('',(#9392),#9396);
#9392 = LINE('',#9393,#9394);
#9393 = CARTESIAN_POINT('',(-6.28318530718,-4.));
#9394 = VECTOR('',#9395,1.);
#9395 = DIRECTION('',(1.,-0.));
#9396 = ( GEOMETRIC_REPRESENTATION_CONTEXT(2) 
PARAMETRIC_REPRESENTATION_CONTEXT() REPRESENTATION_CONTEXT('2D SPACE',''
  ) );
#9397 = FACE_BOUND('',#9398,.T.);
#9398 = EDGE_LOOP('',(#9399));
#9399 = ORIENTED_EDGE('',*,*,#9400,.T.);
#9400 = EDGE_CURVE('',#9401,#9401,#9403,.T.);
#9401 = VERTEX_POINT('',#9402);
#9402 = CARTESIAN_POINT('',(22.,-12.,23.));
#9403 = SURFACE_CURVE('',#9404,(#9409,#9420),.PCURVE_S1.);
#9404 = CIRCLE('',#9405,2.);
#9405 = AXIS2_PLACEMENT_3D('',#9406,#9407,#9408);
#9406 = CARTESIAN_POINT('',(20.,-12.,23.));
#9407 = DIRECTION('',(0.,0.,-1.));
#9408 = DIRECTION('',(1.,0.,0.));
#9409 = PCURVE('',#9226,#9410);
#9410 = DEFINITIONAL_REPRESENTATION('',(#9411),#9419);
#9411 = ( BOUNDED_CURVE() B_SPLINE_CURVE(2,(#9412,#9413,#9414,#9415,
#9416,#9417,#9418),.UNSPECIFIED.,.T.,.F.) B_SPLINE_CURVE_WITH_KNOTS((1,2
    ,2,2,2,1),(-2.094395102393,0.,2.094395102393,4.188790204786,
6.28318530718,8.377580409573),.UNSPECIFIED.) CURVE() 
GEOMETRIC_REPRESENTATION_ITEM() RATIONAL_B_SPLINE_CURVE((1.,0.5,1.,0.5,
1.,0.5,1.)) REPRESENTATION_ITEM('') );
#9412 = CARTESIAN_POINT('',(49.,5.));
#9413 = CARTESIAN_POINT('',(49.,1.535898384862));
#9414 = CARTESIAN_POINT('',(46.,3.267949192431));
#9415 = CARTESIAN_POINT('',(43.,5.));
#9416 = CARTESIAN_POINT('',(46.,6.732050807569));
#9417 = CARTESIAN_POINT('',(49.,8.464101615138));
#9418 = CARTESIAN_POINT('',(49.,5.));
#9419 = ( GEOMETRIC_REPRESENTATION_CONTEXT(2) 
PARAMETRIC_REPRESENTATION_CONTEXT() REPRESENTATION_CONTEXT('2D SPACE',''
  ) );
#9420 = PCURVE('',#9421,#9426);
#9421 = CYLINDRICAL_SURFACE('',#9422,2.);
#9422 = AXIS2_PLACEMENT_3D('',#9423,#9424,#9425);
#9423 = CARTESIAN_POINT('',(20.,-12.,19.));
#9424 = DIRECTION('',(-0.,-0.,-1.));
#9425 = DIRECTION('',(1.,0.,0.));
#9426 = DEFINITIONAL_REPRESENTATION('',(#9427),#9431);
#9427 = LINE('',#9428,#9429);
#9428 = CARTESIAN_POINT('',(-6.28318530718,-4.));
#9429 = VECTOR('',#9430,1.);
#9430 = DIRECTION('',(1.,-0.));
#9431 = ( GEOMETRIC_REPRESENTATION_CONTEXT(2) 
PARAMETRIC_REPRESENTATION_CONTEXT() REPRESENTATION_CONTEXT('2D SPACE',''
  ) );
#9432 = FACE_BOUND('',#9433,.T.);
#9433 = EDGE_LOOP('',(#9434));
#9434 = ORIENTED_EDGE('',*,*,#9435,.T.);
#9435 = EDGE_CURVE('',#9436,#9436,#9438,.T.);
#9436 = VERTEX_POINT('',#9437);
#9437 = CARTESIAN_POINT('',(-18.,12.,23.));
#9438 = SURFACE_CURVE('',#9439,(#9444,#9455),.PCURVE_S1.);
#9439 = CIRCLE('',#9440,2.);
#9440 = AXIS2_PLACEMENT_3D('',#9441,#9442,#9443);
#9441 = CARTESIAN_POINT('',(-20.,12.,23.));
#9442 = DIRECTION('',(0.,0.,-1.));
#9443 = DIRECTION('',(1.,0.,0.));
#9444 = PCURVE('',#9226,#9445);
#9445 = DEFINITIONAL_REPRESENTATION('',(#9446),#9454);
#9446 = ( BOUNDED_CURVE() B_SPLINE_CURVE(2,(#9447,#9448,#9449,#9450,
#9451,#9452,#9453),.UNSPECIFIED.,.T.,.F.) B_SPLINE_CURVE_WITH_KNOTS((1,2
    ,2,2,2,1),(-2.094395102393,0.,2.094395102393,4.188790204786,
6.28318530718,8.377580409573),.UNSPECIFIED.) CURVE() 
GEOMETRIC_REPRESENTATION_ITEM() RATIONAL_B_SPLINE_CURVE((1.,0.5,1.,0.5,
1.,0.5,1.)) REPRESENTATION_ITEM('') );
#9447 = CARTESIAN_POINT('',(9.,29.));
#9448 = CARTESIAN_POINT('',(9.,25.535898384862));
#9449 = CARTESIAN_POINT('',(6.,27.267949192431));
#9450 = CARTESIAN_POINT('',(3.,29.));
#9451 = CARTESIAN_POINT('',(6.,30.732050807569));
#9452 = CARTESIAN_POINT('',(9.,32.464101615138));
#9453 = CARTESIAN_POINT('',(9.,29.));
#9454 = ( GEOMETRIC_REPRESENTATION_CONTEXT(2) 
PARAMETRIC_REPRESENTATION_CONTEXT() REPRESENTATION_CONTEXT('2D SPACE',''
  ) );
#9455 = PCURVE('',#9456,#9461);
#9456 = CYLINDRICAL_SURFACE('',#9457,2.);
#9457 = AXIS2_PLACEMENT_3D('',#9458,#9459,#9460);
#9458 = CARTESIAN_POINT('',(-20.,12.,19.));
#9459 = DIRECTION('',(-0.,-0.,-1.));
#9460 = DIRECTION('',(1.,0.,0.));
#9461 = DEFINITIONAL_REPRESENTATION('',(#9462),#9466);
#9462 = LINE('',#9463,#9464);
#9463 = CARTESIAN_POINT('',(-6.28318530718,-4.));
#9464 = VECTOR('',#9465,1.);
#9465 = DIRECTION('',(1.,-0.));
#9466 = ( GEOMETRIC_REPRESENTATION_CONTEXT(2) 
PARAMETRIC_REPRESENTATION_CONTEXT() REPRESENTATION_CONTEXT('2D SPACE',''
  ) );
#9467 = FACE_BOUND('',#9468,.T.);
#9468 = EDGE_LOOP('',(#9469));
#9469 = ORIENTED_EDGE('',*,*,#9470,.T.);
#9470 = EDGE_CURVE('',#9471,#9471,#9473,.T.);
#9471 = VERTEX_POINT('',#9472);
#9472 = CARTESIAN_POINT('',(22.,12.,23.));
#9473 = SURFACE_CURVE('',#9474,(#9479,#9490),.PCURVE_S1.);
#9474 = CIRCLE('',#9475,2.);
#9475 = AXIS2_PLACEMENT_3D('',#9476,#9477,#9478);
#9476 = CARTESIAN_POINT('',(20.,12.,23.));
#9477 = DIRECTION('',(0.,0.,-1.));
#9478 = DIRECTION('',(1.,0.,0.));
#9479 = PCURVE('',#9226,#9480);
#9480 = DEFINITIONAL_REPRESENTATION('',(#9481),#9489);
#9481 = ( BOUNDED_CURVE() B_SPLINE_CURVE(2,(#9482,#9483,#9484,#9485,
#9486,#9487,#9488),.UNSPECIFIED.,.T.,.F.) B_SPLINE_CURVE_WITH_KNOTS((1,2
    ,2,2,2,1),(-2.094395102393,0.,2.094395102393,4.188790204786,
6.28318530718,8.377580409573),.UNSPECIFIED.) CURVE() 
GEOMETRIC_REPRESENTATION_ITEM() RATIONAL_B_SPLINE_CURVE((1.,0.5,1.,0.5,
1.,0.5,1.)) REPRESENTATION_ITEM('') );
#9482 = CARTESIAN_POINT('',(49.,29.));
#9483 = CARTESIAN_POINT('',(49.,25.535898384862));
#9484 = CARTESIAN_POINT('',(46.,27.267949192431));
#9485 = CARTESIAN_POINT('',(43.,29.));
#9486 = CARTESIAN_POINT('',(46.,30.732050807569));
#9487 = CARTESIAN_POINT('',(49.,32.464101615138));
#9488 = CARTESIAN_POINT('',(49.,29.));
#9489 = ( GEOMETRIC_REPRESENTATION_CONTEXT(2) 
PARAMETRIC_REPRESENTATION_CONTEXT() REPRESENTATION_CONTEXT('2D SPACE',''
  ) );
#9490 = PCURVE('',#9491,#9496);
#9491 = CYLINDRICAL_SURFACE('',#9492,2.);
#9492 = AXIS2_PLACEMENT_3D('',#9493,#9494,#9495);
#9493 = CARTESIAN_POINT('',(20.,12.,19.));
#9494 = DIRECTION('',(-0.,-0.,-1.));
#9495 = DIRECTION('',(1.,0.,0.));
#9496 = DEFINITIONAL_REPRESENTATION('',(#9497),#9501);
#9497 = LINE('',#9498,#9499);
#9498 = CARTESIAN_POINT('',(-6.28318530718,-4.));
#9499 = VECTOR('',#9500,1.);
#9500 = DIRECTION('',(1.,-0.));
#9501 = ( GEOMETRIC_REPRESENTATION_CONTEXT(2) 
PARAMETRIC_REPRESENTATION_CONTEXT() REPRESENTATION_CONTEXT('2D SPACE',''
  ) );
#9502 = ADVANCED_FACE('',(#9503),#9200,.T.);
#9503 = FACE_BOUND('',#9504,.T.);
#9504 = EDGE_LOOP('',(#9505,#9528,#9529,#9530));
#9505 = ORIENTED_EDGE('',*,*,#9506,.F.);
#9506 = EDGE_CURVE('',#9157,#9507,#9509,.T.);
#9507 = VERTEX_POINT('',#9508);
#9508 = CARTESIAN_POINT('',(27.,17.,20.));
#9509 = SURFACE_CURVE('',#9510,(#9514,#9521),.PCURVE_S1.);
#9510 = LINE('',#9511,#9512);
#9511 = CARTESIAN_POINT('',(-27.,17.,20.));
#9512 = VECTOR('',#9513,1.);
#9513 = DIRECTION('',(1.,0.,0.));
#9514 = PCURVE('',#9200,#9515);
#9515 = DEFINITIONAL_REPRESENTATION('',(#9516),#9520);
#9516 = LINE('',#9517,#9518);
#9517 = CARTESIAN_POINT('',(0.,0.));
#9518 = VECTOR('',#9519,1.);
#9519 = DIRECTION('',(0.,1.));
#9520 = ( GEOMETRIC_REPRESENTATION_CONTEXT(2) 
PARAMETRIC_REPRESENTATION_CONTEXT() REPRESENTATION_CONTEXT('2D SPACE',''
  ) );
#9521 = PCURVE('',#9172,#9522);
#9522 = DEFINITIONAL_REPRESENTATION('',(#9523),#9527);
#9523 = LINE('',#9524,#9525);
#9524 = CARTESIAN_POINT('',(0.,34.));
#9525 = VECTOR('',#9526,1.);
#9526 = DIRECTION('',(1.,0.));
#9527 = ( GEOMETRIC_REPRESENTATION_CONTEXT(2) 
PARAMETRIC_REPRESENTATION_CONTEXT() REPRESENTATION_CONTEXT('2D SPACE',''
  ) );
#9528 = ORIENTED_EDGE('',*,*,#9184,.T.);
#9529 = ORIENTED_EDGE('',*,*,#9342,.T.);
#9530 = ORIENTED_EDGE('',*,*,#9531,.F.);
#9531 = EDGE_CURVE('',#9507,#9320,#9532,.T.);
#9532 = SURFACE_CURVE('',#9533,(#9537,#9544),.PCURVE_S1.);
#9533 = LINE('',#9534,#9535);
#9534 = CARTESIAN_POINT('',(27.,17.,20.));
#9535 = VECTOR('',#9536,1.);
#9536 = DIRECTION('',(0.,0.,1.));
#9537 = PCURVE('',#9200,#9538);
#9538 = DEFINITIONAL_REPRESENTATION('',(#9539),#9543);
#9539 = LINE('',#9540,#9541);
#9540 = CARTESIAN_POINT('',(0.,54.));
#9541 = VECTOR('',#9542,1.);
#9542 = DIRECTION('',(1.,0.));
#9543 = ( GEOMETRIC_REPRESENTATION_CONTEXT(2) 
PARAMETRIC_REPRESENTATION_CONTEXT() REPRESENTATION_CONTEXT('2D SPACE',''
  ) );
#9544 = PCURVE('',#9302,#9545);
#9545 = DEFINITIONAL_REPRESENTATION('',(#9546),#9550);
#9546 = LINE('',#9547,#9548);
#9547 = CARTESIAN_POINT('',(0.,-34.));
#9548 = VECTOR('',#9549,1.);
#9549 = DIRECTION('',(1.,0.));
#9550 = ( GEOMETRIC_REPRESENTATION_CONTEXT(2) 
PARAMETRIC_REPRESENTATION_CONTEXT() REPRESENTATION_CONTEXT('2D SPACE',''
  ) );
#9551 = ADVANCED_FACE('',(#9552,#9578,#9608,#9638,#9668),#9172,.F.);
#9552 = FACE_BOUND('',#9553,.F.);
#9553 = EDGE_LOOP('',(#9554,#9555,#9556,#9577));
#9554 = ORIENTED_EDGE('',*,*,#9156,.F.);
#9555 = ORIENTED_EDGE('',*,*,#9241,.T.);
#9556 = ORIENTED_EDGE('',*,*,#9557,.T.);
#9557 = EDGE_CURVE('',#9242,#9507,#9558,.T.);
#9558 = SURFACE_CURVE('',#9559,(#9563,#9570),.PCURVE_S1.);
#9559 = LINE('',#9560,#9561);
#9560 = CARTESIAN_POINT('',(27.,-17.,20.));
#9561 = VECTOR('',#9562,1.);
#9562 = DIRECTION('',(0.,1.,0.));
#9563 = PCURVE('',#9172,#9564);
#9564 = DEFINITIONAL_REPRESENTATION('',(#9565),#9569);
#9565 = LINE('',#9566,#9567);
#9566 = CARTESIAN_POINT('',(54.,0.));
#9567 = VECTOR('',#9568,1.);
#9568 = DIRECTION('',(0.,1.));
#9569 = ( GEOMETRIC_REPRESENTATION_CONTEXT(2) 
PARAMETRIC_REPRESENTATION_CONTEXT() REPRESENTATION_CONTEXT('2D SPACE',''
  ) );
#9570 = PCURVE('',#9302,#9571);
#9571 = DEFINITIONAL_REPRESENTATION('',(#9572),#9576);
#9572 = LINE('',#9573,#9574);
#9573 = CARTESIAN_POINT('',(0.,0.));
#9574 = VECTOR('',#9575,1.);
#9575 = DIRECTION('',(0.,-1.));
#9576 = ( GEOMETRIC_REPRESENTATION_CONTEXT(2) 
PARAMETRIC_REPRESENTATION_CONTEXT() REPRESENTATION_CONTEXT('2D SPACE',''
  ) );
#9577 = ORIENTED_EDGE('',*,*,#9506,.F.);
#9578 = FACE_BOUND('',#9579,.F.);
#9579 = EDGE_LOOP('',(#9580));
#9580 = ORIENTED_EDGE('',*,*,#9581,.T.);
#9581 = EDGE_CURVE('',#9582,#9582,#9584,.T.);
#9582 = VERTEX_POINT('',#9583);
#9583 = CARTESIAN_POINT('',(-18.,-12.,20.));
#9584 = SURFACE_CURVE('',#9585,(#9590,#9601),.PCURVE_S1.);
#9585 = CIRCLE('',#9586,2.);
#9586 = AXIS2_PLACEMENT_3D('',#9587,#9588,#9589);
#9587 = CARTESIAN_POINT('',(-20.,-12.,20.));
#9588 = DIRECTION('',(0.,0.,-1.));
#9589 = DIRECTION('',(1.,0.,0.));
#9590 = PCURVE('',#9172,#9591);
#9591 = DEFINITIONAL_REPRESENTATION('',(#9592),#9600);
#9592 = ( BOUNDED_CURVE() B_SPLINE_CURVE(2,(#9593,#9594,#9595,#9596,
#9597,#9598,#9599),.UNSPECIFIED.,.T.,.F.) B_SPLINE_CURVE_WITH_KNOTS((1,2
    ,2,2,2,1),(-2.094395102393,0.,2.094395102393,4.188790204786,
6.28318530718,8.377580409573),.UNSPECIFIED.) CURVE() 
GEOMETRIC_REPRESENTATION_ITEM() RATIONAL_B_SPLINE_CURVE((1.,0.5,1.,0.5,
1.,0.5,1.)) REPRESENTATION_ITEM('') );
#9593 = CARTESIAN_POINT('',(9.,5.));
#9594 = CARTESIAN_POINT('',(9.,1.535898384862));
#9595 = CARTESIAN_POINT('',(6.,3.267949192431));
#9596 = CARTESIAN_POINT('',(3.,5.));
#9597 = CARTESIAN_POINT('',(6.,6.732050807569));
#9598 = CARTESIAN_POINT('',(9.,8.464101615138));
#9599 = CARTESIAN_POINT('',(9.,5.));
#9600 = ( GEOMETRIC_REPRESENTATION_CONTEXT(2) 
PARAMETRIC_REPRESENTATION_CONTEXT() REPRESENTATION_CONTEXT('2D SPACE',''
  ) );
#9601 = PCURVE('',#9386,#9602);
#9602 = DEFINITIONAL_REPRESENTATION('',(#9603),#9607);
#9603 = LINE('',#9604,#9605);
#9604 = CARTESIAN_POINT('',(-6.28318530718,-1.));
#9605 = VECTOR('',#9606,1.);
#9606 = DIRECTION('',(1.,-0.));
#9607 = ( GEOMETRIC_REPRESENTATION_CONTEXT(2) 
PARAMETRIC_REPRESENTATION_CONTEXT() REPRESENTATION_CONTEXT('2D SPACE',''
  ) );
#9608 = FACE_BOUND('',#9609,.F.);
#9609 = EDGE_LOOP('',(#9610));
#9610 = ORIENTED_EDGE('',*,*,#9611,.T.);
#9611 = EDGE_CURVE('',#9612,#9612,#9614,.T.);
#9612 = VERTEX_POINT('',#9613);
#9613 = CARTESIAN_POINT('',(22.,-12.,20.));
#9614 = SURFACE_CURVE('',#9615,(#9620,#9631),.PCURVE_S1.);
#9615 = CIRCLE('',#9616,2.);
#9616 = AXIS2_PLACEMENT_3D('',#9617,#9618,#9619);
#9617 = CARTESIAN_POINT('',(20.,-12.,20.));
#9618 = DIRECTION('',(0.,0.,-1.));
#9619 = DIRECTION('',(1.,0.,0.));
#9620 = PCURVE('',#9172,#9621);
#9621 = DEFINITIONAL_REPRESENTATION('',(#9622),#9630);
#9622 = ( BOUNDED_CURVE() B_SPLINE_CURVE(2,(#9623,#9624,#9625,#9626,
#9627,#9628,#9629),.UNSPECIFIED.,.T.,.F.) B_SPLINE_CURVE_WITH_KNOTS((1,2
    ,2,2,2,1),(-2.094395102393,0.,2.094395102393,4.188790204786,
6.28318530718,8.377580409573),.UNSPECIFIED.) CURVE() 
GEOMETRIC_REPRESENTATION_ITEM() RATIONAL_B_SPLINE_CURVE((1.,0.5,1.,0.5,
1.,0.5,1.)) REPRESENTATION_ITEM('') );
#9623 = CARTESIAN_POINT('',(49.,5.));
#9624 = CARTESIAN_POINT('',(49.,1.535898384862));
#9625 = CARTESIAN_POINT('',(46.,3.267949192431));
#9626 = CARTESIAN_POINT('',(43.,5.));
#9627 = CARTESIAN_POINT('',(46.,6.732050807569));
#9628 = CARTESIAN_POINT('',(49.,8.464101615138));
#9629 = CARTESIAN_POINT('',(49.,5.));
#9630 = ( GEOMETRIC_REPRESENTATION_CONTEXT(2) 
PARAMETRIC_REPRESENTATION_CONTEXT() REPRESENTATION_CONTEXT('2D SPACE',''
  ) );
#9631 = PCURVE('',#9421,#9632);
#9632 = DEFINITIONAL_REPRESENTATION('',(#9633),#9637);
#9633 = LINE('',#9634,#9635);
#9634 = CARTESIAN_POINT('',(-6.28318530718,-1.));
#9635 = VECTOR('',#9636,1.);
#9636 = DIRECTION('',(1.,-0.));
#9637 = ( GEOMETRIC_REPRESENTATION_CONTEXT(2) 
PARAMETRIC_REPRESENTATION_CONTEXT() REPRESENTATION_CONTEXT('2D SPACE',''
  ) );
#9638 = FACE_BOUND('',#9639,.F.);
#9639 = EDGE_LOOP('',(#9640));
#9640 = ORIENTED_EDGE('',*,*,#9641,.T.);
#9641 = EDGE_CURVE('',#9642,#9642,#9644,.T.);
#9642 = VERTEX_POINT('',#9643);
#9643 = CARTESIAN_POINT('',(-18.,12.,20.));
#9644 = SURFACE_CURVE('',#9645,(#9650,#9661),.PCURVE_S1.);
#9645 = CIRCLE('',#9646,2.);
#9646 = AXIS2_PLACEMENT_3D('',#9647,#9648,#9649);
#9647 = CARTESIAN_POINT('',(-20.,12.,20.));
#9648 = DIRECTION('',(0.,0.,-1.));
#9649 = DIRECTION('',(1.,0.,0.));
#9650 = PCURVE('',#9172,#9651);
#9651 = DEFINITIONAL_REPRESENTATION('',(#9652),#9660);
#9652 = ( BOUNDED_CURVE() B_SPLINE_CURVE(2,(#9653,#9654,#9655,#9656,
#9657,#9658,#9659),.UNSPECIFIED.,.T.,.F.) B_SPLINE_CURVE_WITH_KNOTS((1,2
    ,2,2,2,1),(-2.094395102393,0.,2.094395102393,4.188790204786,
6.28318530718,8.377580409573),.UNSPECIFIED.) CURVE() 
GEOMETRIC_REPRESENTATION_ITEM() RATIONAL_B_SPLINE_CURVE((1.,0.5,1.,0.5,
1.,0.5,1.)) REPRESENTATION_ITEM('') );
#9653 = CARTESIAN_POINT('',(9.,29.));
#9654 = CARTESIAN_POINT('',(9.,25.535898384862));
#9655 = CARTESIAN_POINT('',(6.,27.267949192431));
#9656 = CARTESIAN_POINT('',(3.,29.));
#9657 = CARTESIAN_POINT('',(6.,30.732050807569));
#9658 = CARTESIAN_POINT('',(9.,32.464101615138));
#9659 = CARTESIAN_POINT('',(9.,29.));
#9660 = ( GEOMETRIC_REPRESENTATION_CONTEXT(2) 
PARAMETRIC_REPRESENTATION_CONTEXT() REPRESENTATION_CONTEXT('2D SPACE',''
  ) );
#9661 = PCURVE('',#9456,#9662);
#9662 = DEFINITIONAL_REPRESENTATION('',(#9663),#9667);
#9663 = LINE('',#9664,#9665);
#9664 = CARTESIAN_POINT('',(-6.28318530718,-1.));
#9665 = VECTOR('',#9666,1.);
#9666 = DIRECTION('',(1.,-0.));
#9667 = ( GEOMETRIC_REPRESENTATION_CONTEXT(2) 
PARAMETRIC_REPRESENTATION_CONTEXT() REPRESENTATION_CONTEXT('2D SPACE',''
  ) );
#9668 = FACE_BOUND('',#9669,.F.);
#9669 = EDGE_LOOP('',(#9670));
#9670 = ORIENTED_EDGE('',*,*,#9671,.T.);
#9671 = EDGE_CURVE('',#9672,#9672,#9674,.T.);
#9672 = VERTEX_POINT('',#9673);
#9673 = CARTESIAN_POINT('',(22.,12.,20.));
#9674 = SURFACE_CURVE('',#9675,(#9680,#9691),.PCURVE_S1.);
#9675 = CIRCLE('',#9676,2.);
#9676 = AXIS2_PLACEMENT_3D('',#9677,#9678,#9679);
#9677 = CARTESIAN_POINT('',(20.,12.,20.));
#9678 = DIRECTION('',(0.,0.,-1.));
#9679 = DIRECTION('',(1.,0.,0.));
#9680 = PCURVE('',#9172,#9681);
#9681 = DEFINITIONAL_REPRESENTATION('',(#9682),#9690);
#9682 = ( BOUNDED_CURVE() B_SPLINE_CURVE(2,(#9683,#9684,#9685,#9686,
#9687,#9688,#9689),.UNSPECIFIED.,.T.,.F.) B_SPLINE_CURVE_WITH_KNOTS((1,2
    ,2,2,2,1),(-2.094395102393,0.,2.094395102393,4.188790204786,
6.28318530718,8.377580409573),.UNSPECIFIED.) CURVE() 
GEOMETRIC_REPRESENTATION_ITEM() RATIONAL_B_SPLINE_CURVE((1.,0.5,1.,0.5,
1.,0.5,1.)) REPRESENTATION_ITEM('') );
#9683 = CARTESIAN_POINT('',(49.,29.));
#9684 = CARTESIAN_POINT('',(49.,25.535898384862));
#9685 = CARTESIAN_POINT('',(46.,27.267949192431));
#9686 = CARTESIAN_POINT('',(43.,29.));
#9687 = CARTESIAN_POINT('',(46.,30.732050807569));
#9688 = CARTESIAN_POINT('',(49.,32.464101615138));
#9689 = CARTESIAN_POINT('',(49.,29.));
#9690 = ( GEOMETRIC_REPRESENTATION_CONTEXT(2) 
PARAMETRIC_REPRESENTATION_CONTEXT() REPRESENTATION_CONTEXT('2D SPACE',''
  ) );
#9691 = PCURVE('',#9491,#9692);
#9692 = DEFINITIONAL_REPRESENTATION('',(#9693),#9697);
#9693 = LINE('',#9694,#9695);
#9694 = CARTESIAN_POINT('',(-6.28318530718,-1.));
#9695 = VECTOR('',#9696,1.);
#9696 = DIRECTION('',(1.,-0.));
#9697 = ( GEOMETRIC_REPRESENTATION_CONTEXT(2) 
PARAMETRIC_REPRESENTATION_CONTEXT() REPRESENTATION_CONTEXT('2D SPACE',''
  ) );
#9698 = ADVANCED_FACE('',(#9699),#9302,.T.);
#9699 = FACE_BOUND('',#9700,.T.);
#9700 = EDGE_LOOP('',(#9701,#9702,#9703,#9704));
#9701 = ORIENTED_EDGE('',*,*,#9288,.F.);
#9702 = ORIENTED_EDGE('',*,*,#9557,.T.);
#9703 = ORIENTED_EDGE('',*,*,#9531,.T.);
#9704 = ORIENTED_EDGE('',*,*,#9319,.F.);
#9705 = ADVANCED_FACE('',(#9706),#9386,.F.);
#9706 = FACE_BOUND('',#9707,.T.);
#9707 = EDGE_LOOP('',(#9708,#9709,#9730,#9731));
#9708 = ORIENTED_EDGE('',*,*,#9581,.T.);
#9709 = ORIENTED_EDGE('',*,*,#9710,.T.);
#9710 = EDGE_CURVE('',#9582,#9366,#9711,.T.);
#9711 = SEAM_CURVE('',#9712,(#9716,#9723),.PCURVE_S1.);
#9712 = LINE('',#9713,#9714);
#9713 = CARTESIAN_POINT('',(-18.,-12.,19.));
#9714 = VECTOR('',#9715,1.);
#9715 = DIRECTION('',(0.,0.,1.));
#9716 = PCURVE('',#9386,#9717);
#9717 = DEFINITIONAL_REPRESENTATION('',(#9718),#9722);
#9718 = LINE('',#9719,#9720);
#9719 = CARTESIAN_POINT('',(-6.28318530718,0.));
#9720 = VECTOR('',#9721,1.);
#9721 = DIRECTION('',(-0.,-1.));
#9722 = ( GEOMETRIC_REPRESENTATION_CONTEXT(2) 
PARAMETRIC_REPRESENTATION_CONTEXT() REPRESENTATION_CONTEXT('2D SPACE',''
  ) );
#9723 = PCURVE('',#9386,#9724);
#9724 = DEFINITIONAL_REPRESENTATION('',(#9725),#9729);
#9725 = LINE('',#9726,#9727);
#9726 = CARTESIAN_POINT('',(-0.,0.));
#9727 = VECTOR('',#9728,1.);
#9728 = DIRECTION('',(-0.,-1.));
#9729 = ( GEOMETRIC_REPRESENTATION_CONTEXT(2) 
PARAMETRIC_REPRESENTATION_CONTEXT() REPRESENTATION_CONTEXT('2D SPACE',''
  ) );
#9730 = ORIENTED_EDGE('',*,*,#9365,.F.);
#9731 = ORIENTED_EDGE('',*,*,#9710,.F.);
#9732 = ADVANCED_FACE('',(#9733),#9421,.F.);
#9733 = FACE_BOUND('',#9734,.T.);
#9734 = EDGE_LOOP('',(#9735,#9736,#9757,#9758));
#9735 = ORIENTED_EDGE('',*,*,#9611,.T.);
#9736 = ORIENTED_EDGE('',*,*,#9737,.T.);
#9737 = EDGE_CURVE('',#9612,#9401,#9738,.T.);
#9738 = SEAM_CURVE('',#9739,(#9743,#9750),.PCURVE_S1.);
#9739 = LINE('',#9740,#9741);
#9740 = CARTESIAN_POINT('',(22.,-12.,19.));
#9741 = VECTOR('',#9742,1.);
#9742 = DIRECTION('',(0.,0.,1.));
#9743 = PCURVE('',#9421,#9744);
#9744 = DEFINITIONAL_REPRESENTATION('',(#9745),#9749);
#9745 = LINE('',#9746,#9747);
#9746 = CARTESIAN_POINT('',(-6.28318530718,0.));
#9747 = VECTOR('',#9748,1.);
#9748 = DIRECTION('',(-0.,-1.));
#9749 = ( GEOMETRIC_REPRESENTATION_CONTEXT(2) 
PARAMETRIC_REPRESENTATION_CONTEXT() REPRESENTATION_CONTEXT('2D SPACE',''
  ) );
#9750 = PCURVE('',#9421,#9751);
#9751 = DEFINITIONAL_REPRESENTATION('',(#9752),#9756);
#9752 = LINE('',#9753,#9754);
#9753 = CARTESIAN_POINT('',(-0.,0.));
#9754 = VECTOR('',#9755,1.);
#9755 = DIRECTION('',(-0.,-1.));
#9756 = ( GEOMETRIC_REPRESENTATION_CONTEXT(2) 
PARAMETRIC_REPRESENTATION_CONTEXT() REPRESENTATION_CONTEXT('2D SPACE',''
  ) );
#9757 = ORIENTED_EDGE('',*,*,#9400,.F.);
#9758 = ORIENTED_EDGE('',*,*,#9737,.F.);
#9759 = ADVANCED_FACE('',(#9760),#9456,.F.);
#9760 = FACE_BOUND('',#9761,.T.);
#9761 = EDGE_LOOP('',(#9762,#9763,#9784,#9785));
#9762 = ORIENTED_EDGE('',*,*,#9641,.T.);
#9763 = ORIENTED_EDGE('',*,*,#9764,.T.);
#9764 = EDGE_CURVE('',#9642,#9436,#9765,.T.);
#9765 = SEAM_CURVE('',#9766,(#9770,#9777),.PCURVE_S1.);
#9766 = LINE('',#9767,#9768);
#9767 = CARTESIAN_POINT('',(-18.,12.,19.));
#9768 = VECTOR('',#9769,1.);
#9769 = DIRECTION('',(0.,0.,1.));
#9770 = PCURVE('',#9456,#9771);
#9771 = DEFINITIONAL_REPRESENTATION('',(#9772),#9776);
#9772 = LINE('',#9773,#9774);
#9773 = CARTESIAN_POINT('',(-6.28318530718,0.));
#9774 = VECTOR('',#9775,1.);
#9775 = DIRECTION('',(-0.,-1.));
#9776 = ( GEOMETRIC_REPRESENTATION_CONTEXT(2) 
PARAMETRIC_REPRESENTATION_CONTEXT() REPRESENTATION_CONTEXT('2D SPACE',''
  ) );
#9777 = PCURVE('',#9456,#9778);
#9778 = DEFINITIONAL_REPRESENTATION('',(#9779),#9783);
#9779 = LINE('',#9780,#9781);
#9780 = CARTESIAN_POINT('',(-0.,0.));
#9781 = VECTOR('',#9782,1.);
#9782 = DIRECTION('',(-0.,-1.));
#9783 = ( GEOMETRIC_REPRESENTATION_CONTEXT(2) 
PARAMETRIC_REPRESENTATION_CONTEXT() REPRESENTATION_CONTEXT('2D SPACE',''
  ) );
#9784 = ORIENTED_EDGE('',*,*,#9435,.F.);
#9785 = ORIENTED_EDGE('',*,*,#9764,.F.);
#9786 = ADVANCED_FACE('',(#9787),#9491,.F.);
#9787 = FACE_BOUND('',#9788,.T.);
#9788 = EDGE_LOOP('',(#9789,#9790,#9811,#9812));
#9789 = ORIENTED_EDGE('',*,*,#9671,.T.);
#9790 = ORIENTED_EDGE('',*,*,#9791,.T.);
#9791 = EDGE_CURVE('',#9672,#9471,#9792,.T.);
#9792 = SEAM_CURVE('',#9793,(#9797,#9804),.PCURVE_S1.);
#9793 = LINE('',#9794,#9795);
#9794 = CARTESIAN_POINT('',(22.,12.,19.));
#9795 = VECTOR('',#9796,1.);
#9796 = DIRECTION('',(0.,0.,1.));
#9797 = PCURVE('',#9491,#9798);
#9798 = DEFINITIONAL_REPRESENTATION('',(#9799),#9803);
#9799 = LINE('',#9800,#9801);
#9800 = CARTESIAN_POINT('',(-6.28318530718,0.));
#9801 = VECTOR('',#9802,1.);
#9802 = DIRECTION('',(-0.,-1.));
#9803 = ( GEOMETRIC_REPRESENTATION_CONTEXT(2) 
PARAMETRIC_REPRESENTATION_CONTEXT() REPRESENTATION_CONTEXT('2D SPACE',''
  ) );
#9804 = PCURVE('',#9491,#9805);
#9805 = DEFINITIONAL_REPRESENTATION('',(#9806),#9810);
#9806 = LINE('',#9807,#9808);
#9807 = CARTESIAN_POINT('',(-0.,0.));
#9808 = VECTOR('',#9809,1.);
#9809 = DIRECTION('',(-0.,-1.));
#9810 = ( GEOMETRIC_REPRESENTATION_CONTEXT(2) 
PARAMETRIC_REPRESENTATION_CONTEXT() REPRESENTATION_CONTEXT('2D SPACE',''
  ) );
#9811 = ORIENTED_EDGE('',*,*,#9470,.F.);
#9812 = ORIENTED_EDGE('',*,*,#9791,.F.);
#9813 = ( GEOMETRIC_REPRESENTATION_CONTEXT(3) 
GLOBAL_UNCERTAINTY_ASSIGNED_CONTEXT((#9817)) 
GLOBAL_UNIT_ASSIGNED_CONTEXT((#9814,#9815,#9816)) REPRESENTATION_CONTEXT
('Context #1','3D Context with UNIT and UNCERTAINTY') );
#9814 = ( LENGTH_UNIT() NAMED_UNIT(*) SI_UNIT(.MILLI.,.METRE.) );
#9815 = ( NAMED_UNIT(*) PLANE_ANGLE_UNIT() SI_UNIT($,.RADIAN.) );
#9816 = ( NAMED_UNIT(*) SI_UNIT($,.STERADIAN.) SOLID_ANGLE_UNIT() );
#9817 = UNCERTAINTY_MEASURE_WITH_UNIT(LENGTH_MEASURE(1.E-07),#9814,
  'distance_accuracy_value','confusion accuracy');
#9818 = CONTEXT_DEPENDENT_SHAPE_REPRESENTATION(#9819,#9821);
#9819 = ( REPRESENTATION_RELATIONSHIP('','',#9114,#10) 
REPRESENTATION_RELATIONSHIP_WITH_TRANSFORMATION(#9820) 
SHAPE_REPRESENTATION_RELATIONSHIP() );
#9820 = ITEM_DEFINED_TRANSFORMATION('','',#11,#39);
#9821 = PRODUCT_DEFINITION_SHAPE('Placement','Placement of an item',
  #9822);
#9822 = NEXT_ASSEMBLY_USAGE_OCCURRENCE('9','Placa_Sensores','',#5,#9109,
  $);
#9823 = PRODUCT_RELATED_PRODUCT_CATEGORY('part',$,(#9111));
ENDSEC;
END-ISO-10303-21;
