ISO-10303-21;
HEADER;
FILE_DESCRIPTION(('Open CASCADE Model'),'2;1');
FILE_NAME('Open CASCADE Shape Model','2026-09-16T05:50:15',('Author'),(
    'Open CASCADE'),'Open CASCADE STEP processor 7.9','Open CASCADE 7.9'
  ,'Unknown');
FILE_SCHEMA(('AUTOMOTIVE_DESIGN { 1 0 10303 214 1 1 1 1 }'));
ENDSEC;
DATA;
#1 = APPLICATION_PROTOCOL_DEFINITION('international standard',
  'automotive_design',2000,#2);
#2 = APPLICATION_CONTEXT(
  'core data for automotive mechanical design processes');
#3 = SHAPE_DEFINITION_REPRESENTATION(#4,#10);
#4 = PRODUCT_DEFINITION_SHAPE('','',#5);
#5 = PRODUCT_DEFINITION('design','',#6,#9);
#6 = PRODUCT_DEFINITION_FORMATION('','',#7);
#7 = PRODUCT('Open CASCADE STEP translator 7.9 1',
  'Open CASCADE STEP translator 7.9 1','',(#8));
#8 = PRODUCT_CONTEXT('',#2,'mechanical');
#9 = PRODUCT_DEFINITION_CONTEXT('part definition',#2,'design');
#10 = ADVANCED_BREP_SHAPE_REPRESENTATION('',(#11,#15),#3441);
#11 = AXIS2_PLACEMENT_3D('',#12,#13,#14);
#12 = CARTESIAN_POINT('',(0.,0.,0.));
#13 = DIRECTION('',(0.,0.,1.));
#14 = DIRECTION('',(1.,0.,-0.));
#15 = MANIFOLD_SOLID_BREP('',#16);
#16 = CLOSED_SHELL('',(#17,#105,#140,#179,#234,#293,#328,#389,#444,#724,
    #749,#784,#824,#1055,#1110,#1169,#1280,#1472,#1507,#1556,#1729,#1756
    ,#1906,#1913,#2339,#2439,#2446,#2501,#2556,#2605,#2654,#2681,#2758,
    #2807,#2926,#2953,#3012,#3019,#3054,#3089,#3144,#3199,#3254,#3309,
    #3313,#3368,#3418,#3422,#3426,#3430,#3434));
#17 = ADVANCED_FACE('',(#18),#32,.T.);
#18 = FACE_BOUND('',#19,.F.);
#19 = EDGE_LOOP('',(#20,#50,#77,#78));
#20 = ORIENTED_EDGE('',*,*,#21,.T.);
#21 = EDGE_CURVE('',#22,#24,#26,.T.);
#22 = VERTEX_POINT('',#23);
#23 = CARTESIAN_POINT('',(41.,5.15,0.));
#24 = VERTEX_POINT('',#25);
#25 = CARTESIAN_POINT('',(44.,5.15,0.));
#26 = SEAM_CURVE('',#27,(#31,#43),.PCURVE_S1.);
#27 = LINE('',#28,#29);
#28 = CARTESIAN_POINT('',(41.,5.15,0.));
#29 = VECTOR('',#30,1.);
#30 = DIRECTION('',(1.,0.,0.));
#31 = PCURVE('',#32,#37);
#32 = CYLINDRICAL_SURFACE('',#33,5.15);
#33 = AXIS2_PLACEMENT_3D('',#34,#35,#36);
#34 = CARTESIAN_POINT('',(41.,0.,0.));
#35 = DIRECTION('',(-1.,-0.,-0.));
#36 = DIRECTION('',(0.,1.,0.));
#37 = DEFINITIONAL_REPRESENTATION('',(#38),#42);
#38 = LINE('',#39,#40);
#39 = CARTESIAN_POINT('',(-0.,0.));
#40 = VECTOR('',#41,1.);
#41 = DIRECTION('',(-0.,-1.));
#42 = ( GEOMETRIC_REPRESENTATION_CONTEXT(2) 
PARAMETRIC_REPRESENTATION_CONTEXT() REPRESENTATION_CONTEXT('2D SPACE',''
  ) );
#43 = PCURVE('',#32,#44);
#44 = DEFINITIONAL_REPRESENTATION('',(#45),#49);
#45 = LINE('',#46,#47);
#46 = CARTESIAN_POINT('',(-6.28318530718,0.));
#47 = VECTOR('',#48,1.);
#48 = DIRECTION('',(-0.,-1.));
#49 = ( GEOMETRIC_REPRESENTATION_CONTEXT(2) 
PARAMETRIC_REPRESENTATION_CONTEXT() REPRESENTATION_CONTEXT('2D SPACE',''
  ) );
#50 = ORIENTED_EDGE('',*,*,#51,.T.);
#51 = EDGE_CURVE('',#24,#24,#52,.T.);
#52 = SURFACE_CURVE('',#53,(#58,#65),.PCURVE_S1.);
#53 = CIRCLE('',#54,5.15);
#54 = AXIS2_PLACEMENT_3D('',#55,#56,#57);
#55 = CARTESIAN_POINT('',(44.,0.,0.));
#56 = DIRECTION('',(1.,0.,0.));
#57 = DIRECTION('',(0.,1.,0.));
#58 = PCURVE('',#32,#59);
#59 = DEFINITIONAL_REPRESENTATION('',(#60),#64);
#60 = LINE('',#61,#62);
#61 = CARTESIAN_POINT('',(-0.,-3.));
#62 = VECTOR('',#63,1.);
#63 = DIRECTION('',(-1.,0.));
#64 = ( GEOMETRIC_REPRESENTATION_CONTEXT(2) 
PARAMETRIC_REPRESENTATION_CONTEXT() REPRESENTATION_CONTEXT('2D SPACE',''
  ) );
#65 = PCURVE('',#66,#71);
#66 = PLANE('',#67);
#67 = AXIS2_PLACEMENT_3D('',#68,#69,#70);
#68 = CARTESIAN_POINT('',(44.,-3.982835337493E-16,5.529132197927E-17));
#69 = DIRECTION('',(1.,0.,0.));
#70 = DIRECTION('',(-0.,0.,1.));
#71 = DEFINITIONAL_REPRESENTATION('',(#72),#76);
#72 = CIRCLE('',#73,5.15);
#73 = AXIS2_PLACEMENT_2D('',#74,#75);
#74 = CARTESIAN_POINT('',(-5.529132197927E-17,-3.982835337493E-16));
#75 = DIRECTION('',(0.,-1.));
#76 = ( GEOMETRIC_REPRESENTATION_CONTEXT(2) 
PARAMETRIC_REPRESENTATION_CONTEXT() REPRESENTATION_CONTEXT('2D SPACE',''
  ) );
#77 = ORIENTED_EDGE('',*,*,#21,.F.);
#78 = ORIENTED_EDGE('',*,*,#79,.F.);
#79 = EDGE_CURVE('',#22,#22,#80,.T.);
#80 = SURFACE_CURVE('',#81,(#86,#93),.PCURVE_S1.);
#81 = CIRCLE('',#82,5.15);
#82 = AXIS2_PLACEMENT_3D('',#83,#84,#85);
#83 = CARTESIAN_POINT('',(41.,0.,0.));
#84 = DIRECTION('',(1.,0.,0.));
#85 = DIRECTION('',(0.,1.,0.));
#86 = PCURVE('',#32,#87);
#87 = DEFINITIONAL_REPRESENTATION('',(#88),#92);
#88 = LINE('',#89,#90);
#89 = CARTESIAN_POINT('',(-0.,0.));
#90 = VECTOR('',#91,1.);
#91 = DIRECTION('',(-1.,0.));
#92 = ( GEOMETRIC_REPRESENTATION_CONTEXT(2) 
PARAMETRIC_REPRESENTATION_CONTEXT() REPRESENTATION_CONTEXT('2D SPACE',''
  ) );
#93 = PCURVE('',#94,#99);
#94 = PLANE('',#95);
#95 = AXIS2_PLACEMENT_3D('',#96,#97,#98);
#96 = CARTESIAN_POINT('',(41.,-3.982835337493E-16,5.529132197927E-17));
#97 = DIRECTION('',(1.,0.,0.));
#98 = DIRECTION('',(-0.,0.,1.));
#99 = DEFINITIONAL_REPRESENTATION('',(#100),#104);
#100 = CIRCLE('',#101,5.15);
#101 = AXIS2_PLACEMENT_2D('',#102,#103);
#102 = CARTESIAN_POINT('',(-5.529132197927E-17,-3.982835337493E-16));
#103 = DIRECTION('',(0.,-1.));
#104 = ( GEOMETRIC_REPRESENTATION_CONTEXT(2) 
PARAMETRIC_REPRESENTATION_CONTEXT() REPRESENTATION_CONTEXT('2D SPACE',''
  ) );
#105 = ADVANCED_FACE('',(#106,#109),#94,.F.);
#106 = FACE_BOUND('',#107,.F.);
#107 = EDGE_LOOP('',(#108));
#108 = ORIENTED_EDGE('',*,*,#79,.T.);
#109 = FACE_BOUND('',#110,.F.);
#110 = EDGE_LOOP('',(#111));
#111 = ORIENTED_EDGE('',*,*,#112,.F.);
#112 = EDGE_CURVE('',#113,#113,#115,.T.);
#113 = VERTEX_POINT('',#114);
#114 = CARTESIAN_POINT('',(41.,5.,0.));
#115 = SURFACE_CURVE('',#116,(#121,#128),.PCURVE_S1.);
#116 = CIRCLE('',#117,5.);
#117 = AXIS2_PLACEMENT_3D('',#118,#119,#120);
#118 = CARTESIAN_POINT('',(41.,0.,0.));
#119 = DIRECTION('',(1.,0.,0.));
#120 = DIRECTION('',(0.,1.,0.));
#121 = PCURVE('',#94,#122);
#122 = DEFINITIONAL_REPRESENTATION('',(#123),#127);
#123 = CIRCLE('',#124,5.);
#124 = AXIS2_PLACEMENT_2D('',#125,#126);
#125 = CARTESIAN_POINT('',(-5.529132197927E-17,-3.982835337493E-16));
#126 = DIRECTION('',(0.,-1.));
#127 = ( GEOMETRIC_REPRESENTATION_CONTEXT(2) 
PARAMETRIC_REPRESENTATION_CONTEXT() REPRESENTATION_CONTEXT('2D SPACE',''
  ) );
#128 = PCURVE('',#129,#134);
#129 = CYLINDRICAL_SURFACE('',#130,5.);
#130 = AXIS2_PLACEMENT_3D('',#131,#132,#133);
#131 = CARTESIAN_POINT('',(38.,0.,0.));
#132 = DIRECTION('',(-1.,-0.,-0.));
#133 = DIRECTION('',(0.,1.,0.));
#134 = DEFINITIONAL_REPRESENTATION('',(#135),#139);
#135 = LINE('',#136,#137);
#136 = CARTESIAN_POINT('',(-0.,-3.));
#137 = VECTOR('',#138,1.);
#138 = DIRECTION('',(-1.,0.));
#139 = ( GEOMETRIC_REPRESENTATION_CONTEXT(2) 
PARAMETRIC_REPRESENTATION_CONTEXT() REPRESENTATION_CONTEXT('2D SPACE',''
  ) );
#140 = ADVANCED_FACE('',(#141,#144),#66,.T.);
#141 = FACE_BOUND('',#142,.T.);
#142 = EDGE_LOOP('',(#143));
#143 = ORIENTED_EDGE('',*,*,#51,.T.);
#144 = FACE_BOUND('',#145,.T.);
#145 = EDGE_LOOP('',(#146));
#146 = ORIENTED_EDGE('',*,*,#147,.T.);
#147 = EDGE_CURVE('',#148,#148,#150,.T.);
#148 = VERTEX_POINT('',#149);
#149 = CARTESIAN_POINT('',(44.,3.75,0.));
#150 = SURFACE_CURVE('',#151,(#156,#167),.PCURVE_S1.);
#151 = CIRCLE('',#152,3.75);
#152 = AXIS2_PLACEMENT_3D('',#153,#154,#155);
#153 = CARTESIAN_POINT('',(44.,0.,0.));
#154 = DIRECTION('',(-1.,0.,0.));
#155 = DIRECTION('',(0.,1.,0.));
#156 = PCURVE('',#66,#157);
#157 = DEFINITIONAL_REPRESENTATION('',(#158),#166);
#158 = ( BOUNDED_CURVE() B_SPLINE_CURVE(2,(#159,#160,#161,#162,#163,#164
,#165),.UNSPECIFIED.,.T.,.F.) B_SPLINE_CURVE_WITH_KNOTS((1,2,2,2,2,1),(
    -2.094395102393,0.,2.094395102393,4.188790204786,6.28318530718,
8.377580409573),.UNSPECIFIED.) CURVE() GEOMETRIC_REPRESENTATION_ITEM() 
RATIONAL_B_SPLINE_CURVE((1.,0.5,1.,0.5,1.,0.5,1.)) REPRESENTATION_ITEM(
  '') );
#159 = CARTESIAN_POINT('',(-5.529132197927E-17,-3.75));
#160 = CARTESIAN_POINT('',(-6.495190528383,-3.75));
#161 = CARTESIAN_POINT('',(-3.247595264192,1.875));
#162 = CARTESIAN_POINT('',(-9.737764213398E-16,7.5));
#163 = CARTESIAN_POINT('',(3.247595264192,1.875));
#164 = CARTESIAN_POINT('',(6.495190528383,-3.75));
#165 = CARTESIAN_POINT('',(-5.529132197927E-17,-3.75));
#166 = ( GEOMETRIC_REPRESENTATION_CONTEXT(2) 
PARAMETRIC_REPRESENTATION_CONTEXT() REPRESENTATION_CONTEXT('2D SPACE',''
  ) );
#167 = PCURVE('',#168,#173);
#168 = CYLINDRICAL_SURFACE('',#169,3.75);
#169 = AXIS2_PLACEMENT_3D('',#170,#171,#172);
#170 = CARTESIAN_POINT('',(30.,0.,0.));
#171 = DIRECTION('',(-1.,-0.,-0.));
#172 = DIRECTION('',(0.,1.,0.));
#173 = DEFINITIONAL_REPRESENTATION('',(#174),#178);
#174 = LINE('',#175,#176);
#175 = CARTESIAN_POINT('',(-6.28318530718,-14.));
#176 = VECTOR('',#177,1.);
#177 = DIRECTION('',(1.,-0.));
#178 = ( GEOMETRIC_REPRESENTATION_CONTEXT(2) 
PARAMETRIC_REPRESENTATION_CONTEXT() REPRESENTATION_CONTEXT('2D SPACE',''
  ) );
#179 = ADVANCED_FACE('',(#180),#129,.T.);
#180 = FACE_BOUND('',#181,.F.);
#181 = EDGE_LOOP('',(#182,#205,#206,#207));
#182 = ORIENTED_EDGE('',*,*,#183,.T.);
#183 = EDGE_CURVE('',#184,#113,#186,.T.);
#184 = VERTEX_POINT('',#185);
#185 = CARTESIAN_POINT('',(38.,5.,0.));
#186 = SEAM_CURVE('',#187,(#191,#198),.PCURVE_S1.);
#187 = LINE('',#188,#189);
#188 = CARTESIAN_POINT('',(38.,5.,0.));
#189 = VECTOR('',#190,1.);
#190 = DIRECTION('',(1.,0.,0.));
#191 = PCURVE('',#129,#192);
#192 = DEFINITIONAL_REPRESENTATION('',(#193),#197);
#193 = LINE('',#194,#195);
#194 = CARTESIAN_POINT('',(-0.,0.));
#195 = VECTOR('',#196,1.);
#196 = DIRECTION('',(-0.,-1.));
#197 = ( GEOMETRIC_REPRESENTATION_CONTEXT(2) 
PARAMETRIC_REPRESENTATION_CONTEXT() REPRESENTATION_CONTEXT('2D SPACE',''
  ) );
#198 = PCURVE('',#129,#199);
#199 = DEFINITIONAL_REPRESENTATION('',(#200),#204);
#200 = LINE('',#201,#202);
#201 = CARTESIAN_POINT('',(-6.28318530718,0.));
#202 = VECTOR('',#203,1.);
#203 = DIRECTION('',(-0.,-1.));
#204 = ( GEOMETRIC_REPRESENTATION_CONTEXT(2) 
PARAMETRIC_REPRESENTATION_CONTEXT() REPRESENTATION_CONTEXT('2D SPACE',''
  ) );
#205 = ORIENTED_EDGE('',*,*,#112,.T.);
#206 = ORIENTED_EDGE('',*,*,#183,.F.);
#207 = ORIENTED_EDGE('',*,*,#208,.F.);
#208 = EDGE_CURVE('',#184,#184,#209,.T.);
#209 = SURFACE_CURVE('',#210,(#215,#222),.PCURVE_S1.);
#210 = CIRCLE('',#211,5.);
#211 = AXIS2_PLACEMENT_3D('',#212,#213,#214);
#212 = CARTESIAN_POINT('',(38.,0.,0.));
#213 = DIRECTION('',(1.,0.,0.));
#214 = DIRECTION('',(0.,1.,0.));
#215 = PCURVE('',#129,#216);
#216 = DEFINITIONAL_REPRESENTATION('',(#217),#221);
#217 = LINE('',#218,#219);
#218 = CARTESIAN_POINT('',(-0.,0.));
#219 = VECTOR('',#220,1.);
#220 = DIRECTION('',(-1.,0.));
#221 = ( GEOMETRIC_REPRESENTATION_CONTEXT(2) 
PARAMETRIC_REPRESENTATION_CONTEXT() REPRESENTATION_CONTEXT('2D SPACE',''
  ) );
#222 = PCURVE('',#223,#228);
#223 = PLANE('',#224);
#224 = AXIS2_PLACEMENT_3D('',#225,#226,#227);
#225 = CARTESIAN_POINT('',(38.,-3.982835337493E-16,5.529132197927E-17));
#226 = DIRECTION('',(1.,0.,0.));
#227 = DIRECTION('',(-0.,0.,1.));
#228 = DEFINITIONAL_REPRESENTATION('',(#229),#233);
#229 = CIRCLE('',#230,5.);
#230 = AXIS2_PLACEMENT_2D('',#231,#232);
#231 = CARTESIAN_POINT('',(-5.529132197927E-17,-3.982835337493E-16));
#232 = DIRECTION('',(0.,-1.));
#233 = ( GEOMETRIC_REPRESENTATION_CONTEXT(2) 
PARAMETRIC_REPRESENTATION_CONTEXT() REPRESENTATION_CONTEXT('2D SPACE',''
  ) );
#234 = ADVANCED_FACE('',(#235),#168,.F.);
#235 = FACE_BOUND('',#236,.T.);
#236 = EDGE_LOOP('',(#237,#238,#261,#292));
#237 = ORIENTED_EDGE('',*,*,#147,.F.);
#238 = ORIENTED_EDGE('',*,*,#239,.T.);
#239 = EDGE_CURVE('',#148,#240,#242,.T.);
#240 = VERTEX_POINT('',#241);
#241 = CARTESIAN_POINT('',(9.,3.75,0.));
#242 = SEAM_CURVE('',#243,(#247,#254),.PCURVE_S1.);
#243 = LINE('',#244,#245);
#244 = CARTESIAN_POINT('',(44.,3.75,0.));
#245 = VECTOR('',#246,1.);
#246 = DIRECTION('',(-1.,0.,0.));
#247 = PCURVE('',#168,#248);
#248 = DEFINITIONAL_REPRESENTATION('',(#249),#253);
#249 = LINE('',#250,#251);
#250 = CARTESIAN_POINT('',(-6.28318530718,-14.));
#251 = VECTOR('',#252,1.);
#252 = DIRECTION('',(0.,1.));
#253 = ( GEOMETRIC_REPRESENTATION_CONTEXT(2) 
PARAMETRIC_REPRESENTATION_CONTEXT() REPRESENTATION_CONTEXT('2D SPACE',''
  ) );
#254 = PCURVE('',#168,#255);
#255 = DEFINITIONAL_REPRESENTATION('',(#256),#260);
#256 = LINE('',#257,#258);
#257 = CARTESIAN_POINT('',(-0.,-14.));
#258 = VECTOR('',#259,1.);
#259 = DIRECTION('',(0.,1.));
#260 = ( GEOMETRIC_REPRESENTATION_CONTEXT(2) 
PARAMETRIC_REPRESENTATION_CONTEXT() REPRESENTATION_CONTEXT('2D SPACE',''
  ) );
#261 = ORIENTED_EDGE('',*,*,#262,.T.);
#262 = EDGE_CURVE('',#240,#240,#263,.T.);
#263 = SURFACE_CURVE('',#264,(#269,#276),.PCURVE_S1.);
#264 = CIRCLE('',#265,3.75);
#265 = AXIS2_PLACEMENT_3D('',#266,#267,#268);
#266 = CARTESIAN_POINT('',(9.,0.,0.));
#267 = DIRECTION('',(-1.,0.,0.));
#268 = DIRECTION('',(0.,1.,0.));
#269 = PCURVE('',#168,#270);
#270 = DEFINITIONAL_REPRESENTATION('',(#271),#275);
#271 = LINE('',#272,#273);
#272 = CARTESIAN_POINT('',(-6.28318530718,21.));
#273 = VECTOR('',#274,1.);
#274 = DIRECTION('',(1.,-0.));
#275 = ( GEOMETRIC_REPRESENTATION_CONTEXT(2) 
PARAMETRIC_REPRESENTATION_CONTEXT() REPRESENTATION_CONTEXT('2D SPACE',''
  ) );
#276 = PCURVE('',#277,#282);
#277 = PLANE('',#278);
#278 = AXIS2_PLACEMENT_3D('',#279,#280,#281);
#279 = CARTESIAN_POINT('',(9.,-1.025580099405E-15,1.398015239264E-15));
#280 = DIRECTION('',(1.,0.,0.));
#281 = DIRECTION('',(-0.,0.,1.));
#282 = DEFINITIONAL_REPRESENTATION('',(#283),#291);
#283 = ( BOUNDED_CURVE() B_SPLINE_CURVE(2,(#284,#285,#286,#287,#288,#289
,#290),.UNSPECIFIED.,.T.,.F.) B_SPLINE_CURVE_WITH_KNOTS((1,2,2,2,2,1),(
    -2.094395102393,0.,2.094395102393,4.188790204786,6.28318530718,
8.377580409573),.UNSPECIFIED.) CURVE() GEOMETRIC_REPRESENTATION_ITEM() 
RATIONAL_B_SPLINE_CURVE((1.,0.5,1.,0.5,1.,0.5,1.)) REPRESENTATION_ITEM(
  '') );
#284 = CARTESIAN_POINT('',(-1.398015239264E-15,-3.75));
#285 = CARTESIAN_POINT('',(-6.495190528383,-3.75));
#286 = CARTESIAN_POINT('',(-3.247595264192,1.875));
#287 = CARTESIAN_POINT('',(-2.316500338624E-15,7.5));
#288 = CARTESIAN_POINT('',(3.247595264192,1.875));
#289 = CARTESIAN_POINT('',(6.495190528383,-3.75));
#290 = CARTESIAN_POINT('',(-1.398015239264E-15,-3.75));
#291 = ( GEOMETRIC_REPRESENTATION_CONTEXT(2) 
PARAMETRIC_REPRESENTATION_CONTEXT() REPRESENTATION_CONTEXT('2D SPACE',''
  ) );
#292 = ORIENTED_EDGE('',*,*,#239,.F.);
#293 = ADVANCED_FACE('',(#294,#325),#223,.T.);
#294 = FACE_BOUND('',#295,.T.);
#295 = EDGE_LOOP('',(#296));
#296 = ORIENTED_EDGE('',*,*,#297,.T.);
#297 = EDGE_CURVE('',#298,#298,#300,.T.);
#298 = VERTEX_POINT('',#299);
#299 = CARTESIAN_POINT('',(38.,5.15,0.));
#300 = SURFACE_CURVE('',#301,(#306,#313),.PCURVE_S1.);
#301 = CIRCLE('',#302,5.15);
#302 = AXIS2_PLACEMENT_3D('',#303,#304,#305);
#303 = CARTESIAN_POINT('',(38.,0.,0.));
#304 = DIRECTION('',(1.,0.,0.));
#305 = DIRECTION('',(0.,1.,0.));
#306 = PCURVE('',#223,#307);
#307 = DEFINITIONAL_REPRESENTATION('',(#308),#312);
#308 = CIRCLE('',#309,5.15);
#309 = AXIS2_PLACEMENT_2D('',#310,#311);
#310 = CARTESIAN_POINT('',(-5.529132197927E-17,-3.982835337493E-16));
#311 = DIRECTION('',(0.,-1.));
#312 = ( GEOMETRIC_REPRESENTATION_CONTEXT(2) 
PARAMETRIC_REPRESENTATION_CONTEXT() REPRESENTATION_CONTEXT('2D SPACE',''
  ) );
#313 = PCURVE('',#314,#319);
#314 = CYLINDRICAL_SURFACE('',#315,5.15);
#315 = AXIS2_PLACEMENT_3D('',#316,#317,#318);
#316 = CARTESIAN_POINT('',(35.,0.,0.));
#317 = DIRECTION('',(-1.,-0.,-0.));
#318 = DIRECTION('',(0.,1.,0.));
#319 = DEFINITIONAL_REPRESENTATION('',(#320),#324);
#320 = LINE('',#321,#322);
#321 = CARTESIAN_POINT('',(-0.,-3.));
#322 = VECTOR('',#323,1.);
#323 = DIRECTION('',(-1.,0.));
#324 = ( GEOMETRIC_REPRESENTATION_CONTEXT(2) 
PARAMETRIC_REPRESENTATION_CONTEXT() REPRESENTATION_CONTEXT('2D SPACE',''
  ) );
#325 = FACE_BOUND('',#326,.T.);
#326 = EDGE_LOOP('',(#327));
#327 = ORIENTED_EDGE('',*,*,#208,.F.);
#328 = ADVANCED_FACE('',(#329,#386),#277,.F.);
#329 = FACE_BOUND('',#330,.F.);
#330 = EDGE_LOOP('',(#331,#362));
#331 = ORIENTED_EDGE('',*,*,#332,.T.);
#332 = EDGE_CURVE('',#333,#335,#337,.T.);
#333 = VERTEX_POINT('',#334);
#334 = CARTESIAN_POINT('',(9.,-13.22875655532,9.));
#335 = VERTEX_POINT('',#336);
#336 = CARTESIAN_POINT('',(9.,13.228756555323,9.));
#337 = SURFACE_CURVE('',#338,(#343,#350),.PCURVE_S1.);
#338 = CIRCLE('',#339,16.);
#339 = AXIS2_PLACEMENT_3D('',#340,#341,#342);
#340 = CARTESIAN_POINT('',(9.,0.,0.));
#341 = DIRECTION('',(1.,0.,0.));
#342 = DIRECTION('',(0.,-0.826797284708,0.5625));
#343 = PCURVE('',#277,#344);
#344 = DEFINITIONAL_REPRESENTATION('',(#345),#349);
#345 = CIRCLE('',#346,16.);
#346 = AXIS2_PLACEMENT_2D('',#347,#348);
#347 = CARTESIAN_POINT('',(-1.398015239264E-15,-1.025580099405E-15));
#348 = DIRECTION('',(0.5625,0.826797284708));
#349 = ( GEOMETRIC_REPRESENTATION_CONTEXT(2) 
PARAMETRIC_REPRESENTATION_CONTEXT() REPRESENTATION_CONTEXT('2D SPACE',''
  ) );
#350 = PCURVE('',#351,#356);
#351 = CYLINDRICAL_SURFACE('',#352,16.);
#352 = AXIS2_PLACEMENT_3D('',#353,#354,#355);
#353 = CARTESIAN_POINT('',(-9.,0.,0.));
#354 = DIRECTION('',(-1.,-0.,-0.));
#355 = DIRECTION('',(0.,1.,0.));
#356 = DEFINITIONAL_REPRESENTATION('',(#357),#361);
#357 = LINE('',#358,#359);
#358 = CARTESIAN_POINT('',(-2.544186236944,-18.));
#359 = VECTOR('',#360,1.);
#360 = DIRECTION('',(-1.,0.));
#361 = ( GEOMETRIC_REPRESENTATION_CONTEXT(2) 
PARAMETRIC_REPRESENTATION_CONTEXT() REPRESENTATION_CONTEXT('2D SPACE',''
  ) );
#362 = ORIENTED_EDGE('',*,*,#363,.T.);
#363 = EDGE_CURVE('',#335,#333,#364,.T.);
#364 = SURFACE_CURVE('',#365,(#369,#375),.PCURVE_S1.);
#365 = LINE('',#366,#367);
#366 = CARTESIAN_POINT('',(9.,-10.75,9.));
#367 = VECTOR('',#368,1.);
#368 = DIRECTION('',(0.,-1.,0.));
#369 = PCURVE('',#277,#370);
#370 = DEFINITIONAL_REPRESENTATION('',(#371),#374);
#371 = B_SPLINE_CURVE_WITH_KNOTS('',1,(#372,#373),.UNSPECIFIED.,.F.,.F.,
  (2,2),(-26.75,5.25),.PIECEWISE_BEZIER_KNOTS.);
#372 = CARTESIAN_POINT('',(9.,-16.));
#373 = CARTESIAN_POINT('',(9.,16.));
#374 = ( GEOMETRIC_REPRESENTATION_CONTEXT(2) 
PARAMETRIC_REPRESENTATION_CONTEXT() REPRESENTATION_CONTEXT('2D SPACE',''
  ) );
#375 = PCURVE('',#376,#381);
#376 = PLANE('',#377);
#377 = AXIS2_PLACEMENT_3D('',#378,#379,#380);
#378 = CARTESIAN_POINT('',(-29.,-21.5,9.));
#379 = DIRECTION('',(0.,0.,1.));
#380 = DIRECTION('',(1.,0.,0.));
#381 = DEFINITIONAL_REPRESENTATION('',(#382),#385);
#382 = B_SPLINE_CURVE_WITH_KNOTS('',1,(#383,#384),.UNSPECIFIED.,.F.,.F.,
  (2,2),(-26.75,5.25),.PIECEWISE_BEZIER_KNOTS.);
#383 = CARTESIAN_POINT('',(38.,37.5));
#384 = CARTESIAN_POINT('',(38.,5.5));
#385 = ( GEOMETRIC_REPRESENTATION_CONTEXT(2) 
PARAMETRIC_REPRESENTATION_CONTEXT() REPRESENTATION_CONTEXT('2D SPACE',''
  ) );
#386 = FACE_BOUND('',#387,.F.);
#387 = EDGE_LOOP('',(#388));
#388 = ORIENTED_EDGE('',*,*,#262,.T.);
#389 = ADVANCED_FACE('',(#390),#314,.T.);
#390 = FACE_BOUND('',#391,.F.);
#391 = EDGE_LOOP('',(#392,#415,#416,#417));
#392 = ORIENTED_EDGE('',*,*,#393,.T.);
#393 = EDGE_CURVE('',#394,#298,#396,.T.);
#394 = VERTEX_POINT('',#395);
#395 = CARTESIAN_POINT('',(35.,5.15,0.));
#396 = SEAM_CURVE('',#397,(#401,#408),.PCURVE_S1.);
#397 = LINE('',#398,#399);
#398 = CARTESIAN_POINT('',(35.,5.15,0.));
#399 = VECTOR('',#400,1.);
#400 = DIRECTION('',(1.,0.,0.));
#401 = PCURVE('',#314,#402);
#402 = DEFINITIONAL_REPRESENTATION('',(#403),#407);
#403 = LINE('',#404,#405);
#404 = CARTESIAN_POINT('',(-0.,0.));
#405 = VECTOR('',#406,1.);
#406 = DIRECTION('',(-0.,-1.));
#407 = ( GEOMETRIC_REPRESENTATION_CONTEXT(2) 
PARAMETRIC_REPRESENTATION_CONTEXT() REPRESENTATION_CONTEXT('2D SPACE',''
  ) );
#408 = PCURVE('',#314,#409);
#409 = DEFINITIONAL_REPRESENTATION('',(#410),#414);
#410 = LINE('',#411,#412);
#411 = CARTESIAN_POINT('',(-6.28318530718,0.));
#412 = VECTOR('',#413,1.);
#413 = DIRECTION('',(-0.,-1.));
#414 = ( GEOMETRIC_REPRESENTATION_CONTEXT(2) 
PARAMETRIC_REPRESENTATION_CONTEXT() REPRESENTATION_CONTEXT('2D SPACE',''
  ) );
#415 = ORIENTED_EDGE('',*,*,#297,.T.);
#416 = ORIENTED_EDGE('',*,*,#393,.F.);
#417 = ORIENTED_EDGE('',*,*,#418,.F.);
#418 = EDGE_CURVE('',#394,#394,#419,.T.);
#419 = SURFACE_CURVE('',#420,(#425,#432),.PCURVE_S1.);
#420 = CIRCLE('',#421,5.15);
#421 = AXIS2_PLACEMENT_3D('',#422,#423,#424);
#422 = CARTESIAN_POINT('',(35.,0.,0.));
#423 = DIRECTION('',(1.,0.,0.));
#424 = DIRECTION('',(0.,1.,0.));
#425 = PCURVE('',#314,#426);
#426 = DEFINITIONAL_REPRESENTATION('',(#427),#431);
#427 = LINE('',#428,#429);
#428 = CARTESIAN_POINT('',(-0.,0.));
#429 = VECTOR('',#430,1.);
#430 = DIRECTION('',(-1.,0.));
#431 = ( GEOMETRIC_REPRESENTATION_CONTEXT(2) 
PARAMETRIC_REPRESENTATION_CONTEXT() REPRESENTATION_CONTEXT('2D SPACE',''
  ) );
#432 = PCURVE('',#433,#438);
#433 = PLANE('',#434);
#434 = AXIS2_PLACEMENT_3D('',#435,#436,#437);
#435 = CARTESIAN_POINT('',(35.,-3.982835337493E-16,5.529132197927E-17));
#436 = DIRECTION('',(1.,0.,0.));
#437 = DIRECTION('',(-0.,0.,1.));
#438 = DEFINITIONAL_REPRESENTATION('',(#439),#443);
#439 = CIRCLE('',#440,5.15);
#440 = AXIS2_PLACEMENT_2D('',#441,#442);
#441 = CARTESIAN_POINT('',(-5.529132197927E-17,-3.982835337493E-16));
#442 = DIRECTION('',(0.,-1.));
#443 = ( GEOMETRIC_REPRESENTATION_CONTEXT(2) 
PARAMETRIC_REPRESENTATION_CONTEXT() REPRESENTATION_CONTEXT('2D SPACE',''
  ) );
#444 = ADVANCED_FACE('',(#445,#517),#351,.F.);
#445 = FACE_BOUND('',#446,.T.);
#446 = EDGE_LOOP('',(#447,#448,#469,#498));
#447 = ORIENTED_EDGE('',*,*,#332,.T.);
#448 = ORIENTED_EDGE('',*,*,#449,.T.);
#449 = EDGE_CURVE('',#335,#450,#452,.T.);
#450 = VERTEX_POINT('',#451);
#451 = CARTESIAN_POINT('',(-9.,13.228756555323,9.));
#452 = SURFACE_CURVE('',#453,(#457,#463),.PCURVE_S1.);
#453 = LINE('',#454,#455);
#454 = CARTESIAN_POINT('',(-9.,13.228756555323,9.));
#455 = VECTOR('',#456,1.);
#456 = DIRECTION('',(-1.,-0.,-0.));
#457 = PCURVE('',#351,#458);
#458 = DEFINITIONAL_REPRESENTATION('',(#459),#462);
#459 = B_SPLINE_CURVE_WITH_KNOTS('',1,(#460,#461),.UNSPECIFIED.,.F.,.F.,
  (2,2),(-18.,-0.),.PIECEWISE_BEZIER_KNOTS.);
#460 = CARTESIAN_POINT('',(-6.880591723825,-18.));
#461 = CARTESIAN_POINT('',(-6.880591723825,0.));
#462 = ( GEOMETRIC_REPRESENTATION_CONTEXT(2) 
PARAMETRIC_REPRESENTATION_CONTEXT() REPRESENTATION_CONTEXT('2D SPACE',''
  ) );
#463 = PCURVE('',#376,#464);
#464 = DEFINITIONAL_REPRESENTATION('',(#465),#468);
#465 = B_SPLINE_CURVE_WITH_KNOTS('',1,(#466,#467),.UNSPECIFIED.,.F.,.F.,
  (2,2),(-18.0000006,5.999999999062E-07),.PIECEWISE_BEZIER_KNOTS.);
#466 = CARTESIAN_POINT('',(38.0000006,34.728756555323));
#467 = CARTESIAN_POINT('',(19.9999994,34.728756555323));
#468 = ( GEOMETRIC_REPRESENTATION_CONTEXT(2) 
PARAMETRIC_REPRESENTATION_CONTEXT() REPRESENTATION_CONTEXT('2D SPACE',''
  ) );
#469 = ORIENTED_EDGE('',*,*,#470,.F.);
#470 = EDGE_CURVE('',#471,#450,#473,.T.);
#471 = VERTEX_POINT('',#472);
#472 = CARTESIAN_POINT('',(-9.,-13.22875655532,9.));
#473 = SURFACE_CURVE('',#474,(#479,#486),.PCURVE_S1.);
#474 = CIRCLE('',#475,16.);
#475 = AXIS2_PLACEMENT_3D('',#476,#477,#478);
#476 = CARTESIAN_POINT('',(-9.,0.,0.));
#477 = DIRECTION('',(1.,0.,0.));
#478 = DIRECTION('',(0.,-0.826797284708,0.5625));
#479 = PCURVE('',#351,#480);
#480 = DEFINITIONAL_REPRESENTATION('',(#481),#485);
#481 = LINE('',#482,#483);
#482 = CARTESIAN_POINT('',(-2.544186236944,0.));
#483 = VECTOR('',#484,1.);
#484 = DIRECTION('',(-1.,0.));
#485 = ( GEOMETRIC_REPRESENTATION_CONTEXT(2) 
PARAMETRIC_REPRESENTATION_CONTEXT() REPRESENTATION_CONTEXT('2D SPACE',''
  ) );
#486 = PCURVE('',#487,#492);
#487 = PLANE('',#488);
#488 = AXIS2_PLACEMENT_3D('',#489,#490,#491);
#489 = CARTESIAN_POINT('',(-9.,-1.025580099405E-15,1.398015239264E-15));
#490 = DIRECTION('',(1.,0.,0.));
#491 = DIRECTION('',(-0.,0.,1.));
#492 = DEFINITIONAL_REPRESENTATION('',(#493),#497);
#493 = CIRCLE('',#494,16.);
#494 = AXIS2_PLACEMENT_2D('',#495,#496);
#495 = CARTESIAN_POINT('',(-1.398015239264E-15,-1.025580099405E-15));
#496 = DIRECTION('',(0.5625,0.826797284708));
#497 = ( GEOMETRIC_REPRESENTATION_CONTEXT(2) 
PARAMETRIC_REPRESENTATION_CONTEXT() REPRESENTATION_CONTEXT('2D SPACE',''
  ) );
#498 = ORIENTED_EDGE('',*,*,#499,.F.);
#499 = EDGE_CURVE('',#333,#471,#500,.T.);
#500 = SURFACE_CURVE('',#501,(#505,#511),.PCURVE_S1.);
#501 = LINE('',#502,#503);
#502 = CARTESIAN_POINT('',(-9.,-13.22875655532,9.));
#503 = VECTOR('',#504,1.);
#504 = DIRECTION('',(-1.,-0.,-0.));
#505 = PCURVE('',#351,#506);
#506 = DEFINITIONAL_REPRESENTATION('',(#507),#510);
#507 = B_SPLINE_CURVE_WITH_KNOTS('',1,(#508,#509),.UNSPECIFIED.,.F.,.F.,
  (2,2),(-18.,-0.),.PIECEWISE_BEZIER_KNOTS.);
#508 = CARTESIAN_POINT('',(-2.544186236944,-18.));
#509 = CARTESIAN_POINT('',(-2.544186236944,0.));
#510 = ( GEOMETRIC_REPRESENTATION_CONTEXT(2) 
PARAMETRIC_REPRESENTATION_CONTEXT() REPRESENTATION_CONTEXT('2D SPACE',''
  ) );
#511 = PCURVE('',#376,#512);
#512 = DEFINITIONAL_REPRESENTATION('',(#513),#516);
#513 = B_SPLINE_CURVE_WITH_KNOTS('',1,(#514,#515),.UNSPECIFIED.,.F.,.F.,
  (2,2),(-18.0000006,5.999999999062E-07),.PIECEWISE_BEZIER_KNOTS.);
#514 = CARTESIAN_POINT('',(38.0000006,8.271243444677));
#515 = CARTESIAN_POINT('',(19.9999994,8.271243444677));
#516 = ( GEOMETRIC_REPRESENTATION_CONTEXT(2) 
PARAMETRIC_REPRESENTATION_CONTEXT() REPRESENTATION_CONTEXT('2D SPACE',''
  ) );
#517 = FACE_BOUND('',#518,.T.);
#518 = EDGE_LOOP('',(#519));
#519 = ORIENTED_EDGE('',*,*,#520,.F.);
#520 = EDGE_CURVE('',#521,#521,#523,.T.);
#521 = VERTEX_POINT('',#522);
#522 = CARTESIAN_POINT('',(3.18,0.,-16.));
#523 = SURFACE_CURVE('',#524,(#587,#653),.PCURVE_S1.);
#524 = B_SPLINE_CURVE_WITH_KNOTS('',7,(#525,#526,#527,#528,#529,#530,
    #531,#532,#533,#534,#535,#536,#537,#538,#539,#540,#541,#542,#543,
    #544,#545,#546,#547,#548,#549,#550,#551,#552,#553,#554,#555,#556,
    #557,#558,#559,#560,#561,#562,#563,#564,#565,#566,#567,#568,#569,
    #570,#571,#572,#573,#574,#575,#576,#577,#578,#579,#580,#581,#582,
    #583,#584,#585,#586),.UNSPECIFIED.,.T.,.F.,(8,6,6,6,6,6,6,6,6,6,8),(
    0.,7.548250985366E-02,0.17329409877,0.348298276954,0.456484077231,
    0.550081937427,0.651424581049,0.749837336029,0.852532313988,
    0.953090520126,1.),.UNSPECIFIED.);
#525 = CARTESIAN_POINT('',(3.18,-1.7763568394E-15,-16.));
#526 = CARTESIAN_POINT('',(3.18,0.26140050264,-16.));
#527 = CARTESIAN_POINT('',(3.1549312134,0.520540344323,-15.99501823102)
  );
#528 = CARTESIAN_POINT('',(3.105574285191,0.773587483641,-15.9852063195)
  );
#529 = CARTESIAN_POINT('',(3.033659554017,1.016873621559,-15.97115380609
    ));
#530 = CARTESIAN_POINT('',(2.941829259385,1.24710325697,-15.95381112081)
  );
#531 = CARTESIAN_POINT('',(2.833619937196,1.461539114812,-15.9343335123)
  );
#532 = CARTESIAN_POINT('',(2.557766087446,1.912953927487,-15.88729775673
    ));
#533 = CARTESIAN_POINT('',(2.38019935937,2.140797418555,-15.85874635223)
  );
#534 = CARTESIAN_POINT('',(2.18592521288,2.34201190954,-15.82995703847)
  );
#535 = CARTESIAN_POINT('',(1.978868560352,2.517432096527,-15.80233516851
    ));
#536 = CARTESIAN_POINT('',(1.762051884152,2.668057538615,-15.77689394835
    ));
#537 = CARTESIAN_POINT('',(1.537803445307,2.794849061402,-15.75436275462
    ));
#538 = CARTESIAN_POINT('',(0.896537942088,3.084199075434,-15.70106163134
    ));
#539 = CARTESIAN_POINT('',(0.467103207349,3.195994005705,-15.6778274218)
  );
#540 = CARTESIAN_POINT('',(2.969173158216E-02,3.238486841172,
    -15.66847166322));
#541 = CARTESIAN_POINT('',(-0.409164740842,3.213291714775,
    -15.67391316989));
#542 = CARTESIAN_POINT('',(-0.84272375245,3.119706340987,-15.69388858588
    ));
#543 = CARTESIAN_POINT('',(-1.263314383185,2.954752549153,
    -15.72670916348));
#544 = CARTESIAN_POINT('',(-1.902255924813,2.564303500795,
    -15.79389931505));
#545 = CARTESIAN_POINT('',(-2.137794381589,2.385186289493,-15.8230275024
    ));
#546 = CARTESIAN_POINT('',(-2.360792671693,2.174861357667,
    -15.85461823631));
#547 = CARTESIAN_POINT('',(-2.566409246024,1.932390058731,-15.8871805004
    ));
#548 = CARTESIAN_POINT('',(-2.748835235891,1.657339887895,
    -15.91868356601));
#549 = CARTESIAN_POINT('',(-2.901067279628,1.350131919911,
    -15.94651694999));
#550 = CARTESIAN_POINT('',(-3.112467474985,0.720931210851,
    -15.98642489685));
#551 = CARTESIAN_POINT('',(-3.181161767945,0.407277105949,
    -16.00006958091));
#552 = CARTESIAN_POINT('',(-3.21278445938,8.030441393811E-02,
    -16.00666534558));
#553 = CARTESIAN_POINT('',(-3.203866490933,-0.250020724065,
    -16.00481683817));
#554 = CARTESIAN_POINT('',(-3.154995428194,-0.573310851115,
    -15.99476668866));
#555 = CARTESIAN_POINT('',(-3.070814340973,-0.879888984781,-15.978287819
    ));
#556 = CARTESIAN_POINT('',(-2.840388105787,-1.467005456864,
    -15.93554356244));
#557 = CARTESIAN_POINT('',(-2.688961136217,-1.744874848068,
    -15.90846656135));
#558 = CARTESIAN_POINT('',(-2.512808045881,-1.994255538516,
    -15.87878608833));
#559 = CARTESIAN_POINT('',(-2.317480280927,-2.215115437137,
    -15.8485402524));
#560 = CARTESIAN_POINT('',(-2.107539768865,-2.408003141445,
    -15.81930967648));
#561 = CARTESIAN_POINT('',(-1.886747017986,-2.573780796473,
    -15.79226842125));
#562 = CARTESIAN_POINT('',(-1.436189376333,-2.849110839917,
    -15.74488844317));
#563 = CARTESIAN_POINT('',(-1.206109070459,-2.960614848093,
    -15.72429859861));
#564 = CARTESIAN_POINT('',(-0.970212036902,-3.048856389836,
    -15.70719983367));
#565 = CARTESIAN_POINT('',(-0.730282587354,-3.114541414354,
    -15.6940780764));
#566 = CARTESIAN_POINT('',(-0.487766005535,-3.15817032344,
    -15.68523058244));
#567 = CARTESIAN_POINT('',(-0.24392686548,-3.18,-15.68080355083));
#568 = CARTESIAN_POINT('',(0.254540827346,-3.18,-15.68080355083));
#569 = CARTESIAN_POINT('',(0.508952185567,-3.156229963684,
    -15.68562414791));
#570 = CARTESIAN_POINT('',(0.761864279908,-3.108731651862,
    -15.69525612509));
#571 = CARTESIAN_POINT('',(1.01183759375,-3.037202565776,-15.70952627399
    ));
#572 = CARTESIAN_POINT('',(1.257220596362,-2.941042860261,
    -15.72808347399));
#573 = CARTESIAN_POINT('',(1.495950507539,-2.819410182394,
    -15.75034911348));
#574 = CARTESIAN_POINT('',(1.949871721475,-2.526236779142,
    -15.79999269661));
#575 = CARTESIAN_POINT('',(2.166406656109,-2.355169066782,
    -15.82735933346));
#576 = CARTESIAN_POINT('',(2.37162075755,-2.157100496913,-15.85667487467
    ));
#577 = CARTESIAN_POINT('',(2.561576583312,-1.93129566166,-15.88671121875
    ));
#578 = CARTESIAN_POINT('',(2.731595800139,-1.677402452922,-15.9158376082
    ));
#579 = CARTESIAN_POINT('',(2.876090314737,-1.395704796468,
    -15.94199995225));
#580 = CARTESIAN_POINT('',(3.040531184874,-0.94390721893,-15.97278277492
    ));
#581 = CARTESIAN_POINT('',(3.085726834832,-0.794642675183,
    -15.98143619398));
#582 = CARTESIAN_POINT('',(3.122878141181,-0.640746523229,
    -15.98868191036));
#583 = CARTESIAN_POINT('',(3.151270108619,-0.483232399511,
    -15.99428986467));
#584 = CARTESIAN_POINT('',(3.170404125325,-0.323183922123,
    -15.99809284797));
#585 = CARTESIAN_POINT('',(3.18,-0.161726713229,-16.));
#586 = CARTESIAN_POINT('',(3.18,-1.7763568394E-15,-16.));
#587 = PCURVE('',#351,#588);
#588 = DEFINITIONAL_REPRESENTATION('',(#589),#652);
#589 = B_SPLINE_CURVE_WITH_KNOTS('',7,(#590,#591,#592,#593,#594,#595,
    #596,#597,#598,#599,#600,#601,#602,#603,#604,#605,#606,#607,#608,
    #609,#610,#611,#612,#613,#614,#615,#616,#617,#618,#619,#620,#621,
    #622,#623,#624,#625,#626,#627,#628,#629,#630,#631,#632,#633,#634,
    #635,#636,#637,#638,#639,#640,#641,#642,#643,#644,#645,#646,#647,
    #648,#649,#650,#651),.UNSPECIFIED.,.T.,.F.,(8,6,6,6,6,6,6,6,6,6,8),(
    0.,7.548250985366E-02,0.17329409877,0.348298276954,0.456484077231,
    0.550081937427,0.651424581049,0.749837336029,0.852532313988,
    0.953090520126,1.),.UNSPECIFIED.);
#590 = CARTESIAN_POINT('',(-4.712388980385,-12.18));
#591 = CARTESIAN_POINT('',(-4.7287265118,-12.18));
#592 = CARTESIAN_POINT('',(-4.744922759431,-12.15493121339));
#593 = CARTESIAN_POINT('',(-4.760745297408,-12.10557428519));
#594 = CARTESIAN_POINT('',(-4.775971554889,-12.03365955401));
#595 = CARTESIAN_POINT('',(-4.790398815648,-11.94182925938));
#596 = CARTESIAN_POINT('',(-4.803855058862,-11.83361993719));
#597 = CARTESIAN_POINT('',(-4.832221225949,-11.55776608744));
#598 = CARTESIAN_POINT('',(-4.84656969742,-11.38019935937));
#599 = CARTESIAN_POINT('',(-4.859271073764,-11.18592521288));
#600 = CARTESIAN_POINT('',(-4.87036852884,-10.97886856035));
#601 = CARTESIAN_POINT('',(-4.879915367748,-10.76205188415));
#602 = CARTESIAN_POINT('',(-4.887963827706,-10.5378034453));
#603 = CARTESIAN_POINT('',(-4.906352474887,-9.896537942088));
#604 = CARTESIAN_POINT('',(-4.913487147306,-9.46710320735));
#605 = CARTESIAN_POINT('',(-4.916207433067,-9.029691731582));
#606 = CARTESIAN_POINT('',(-4.914596255935,-8.590835259158));
#607 = CARTESIAN_POINT('',(-4.908614515467,-8.15727624755));
#608 = CARTESIAN_POINT('',(-4.898106325657,-7.736685616815));
#609 = CARTESIAN_POINT('',(-4.873344572148,-7.097744075187));
#610 = CARTESIAN_POINT('',(-4.862003159153,-6.862205618411));
#611 = CARTESIAN_POINT('',(-4.84871207829,-6.639207328308));
#612 = CARTESIAN_POINT('',(-4.833425275507,-6.433590753975));
#613 = CARTESIAN_POINT('',(-4.816129040533,-6.251164764109));
#614 = CARTESIAN_POINT('',(-4.796856939911,-6.098932720372));
#615 = CARTESIAN_POINT('',(-4.757452874423,-5.887532525015));
#616 = CARTESIAN_POINT('',(-4.737834821846,-5.818838232055));
#617 = CARTESIAN_POINT('',(-4.717403950459,-5.78721554062));
#618 = CARTESIAN_POINT('',(-4.696770860495,-5.796133509066));
#619 = CARTESIAN_POINT('',(-4.676563926117,-5.845004571806));
#620 = CARTESIAN_POINT('',(-4.657378590966,-5.929185659027));
#621 = CARTESIAN_POINT('',(-4.620586691846,-6.159611894213));
#622 = CARTESIAN_POINT('',(-4.603142820815,-6.311038863783));
#623 = CARTESIAN_POINT('',(-4.587451522364,-6.487191954119));
#624 = CARTESIAN_POINT('',(-4.573521789118,-6.682519719073));
#625 = CARTESIAN_POINT('',(-4.561329995437,-6.892460231135));
#626 = CARTESIAN_POINT('',(-4.550832351276,-7.113252982014));
#627 = CARTESIAN_POINT('',(-4.533371290228,-7.563810623667));
#628 = CARTESIAN_POINT('',(-4.526284994008,-7.793890929541));
#629 = CARTESIAN_POINT('',(-4.520667524132,-8.029787963098));
#630 = CARTESIAN_POINT('',(-4.516481100964,-8.269717412646));
#631 = CARTESIAN_POINT('',(-4.513698800811,-8.512233994465));
#632 = CARTESIAN_POINT('',(-4.512306669775,-8.75607313452));
#633 = CARTESIAN_POINT('',(-4.512306669775,-9.254540827346));
#634 = CARTESIAN_POINT('',(-4.513822544397,-9.508952185567));
#635 = CARTESIAN_POINT('',(-4.516851597625,-9.761864279908));
#636 = CARTESIAN_POINT('',(-4.521410257963,-10.01183759375));
#637 = CARTESIAN_POINT('',(-4.527530857213,-10.25722059636));
#638 = CARTESIAN_POINT('',(-4.535258541729,-10.49595050753));
#639 = CARTESIAN_POINT('',(-4.553842717807,-10.94987172147));
#640 = CARTESIAN_POINT('',(-4.564669952559,-11.16640665611));
#641 = CARTESIAN_POINT('',(-4.577182635597,-11.37162075754));
#642 = CARTESIAN_POINT('',(-4.591416672646,-11.56157658331));
#643 = CARTESIAN_POINT('',(-4.607383801926,-11.73159580013));
#644 = CARTESIAN_POINT('',(-4.625060328743,-11.87609031473));
#645 = CARTESIAN_POINT('',(-4.653363143949,-12.04053118487));
#646 = CARTESIAN_POINT('',(-4.66270736446,-12.08572683483));
#647 = CARTESIAN_POINT('',(-4.672335597904,-12.12287814118));
#648 = CARTESIAN_POINT('',(-4.682185271137,-12.15127010861));
#649 = CARTESIAN_POINT('',(-4.692189984341,-12.17040412532));
#650 = CARTESIAN_POINT('',(-4.702281060808,-12.18));
#651 = CARTESIAN_POINT('',(-4.712388980385,-12.18));
#652 = ( GEOMETRIC_REPRESENTATION_CONTEXT(2) 
PARAMETRIC_REPRESENTATION_CONTEXT() REPRESENTATION_CONTEXT('2D SPACE',''
  ) );
#653 = PCURVE('',#654,#659);
#654 = CYLINDRICAL_SURFACE('',#655,3.18);
#655 = AXIS2_PLACEMENT_3D('',#656,#657,#658);
#656 = CARTESIAN_POINT('',(0.,0.,-20.));
#657 = DIRECTION('',(-0.,-0.,-1.));
#658 = DIRECTION('',(1.,0.,0.));
#659 = DEFINITIONAL_REPRESENTATION('',(#660),#723);
#660 = B_SPLINE_CURVE_WITH_KNOTS('',7,(#661,#662,#663,#664,#665,#666,
    #667,#668,#669,#670,#671,#672,#673,#674,#675,#676,#677,#678,#679,
    #680,#681,#682,#683,#684,#685,#686,#687,#688,#689,#690,#691,#692,
    #693,#694,#695,#696,#697,#698,#699,#700,#701,#702,#703,#704,#705,
    #706,#707,#708,#709,#710,#711,#712,#713,#714,#715,#716,#717,#718,
    #719,#720,#721,#722),.UNSPECIFIED.,.F.,.F.,(8,6,6,6,6,6,6,6,6,6,8),(
    0.,7.548250985366E-02,0.17329409877,0.348298276954,0.456484077231,
    0.550081937427,0.651424581049,0.749837336029,0.852532313988,
    0.953090520126,1.),.UNSPECIFIED.);
#661 = CARTESIAN_POINT('',(0.,-4.));
#662 = CARTESIAN_POINT('',(-8.220141592462E-02,-4.));
#663 = CARTESIAN_POINT('',(-0.163691847117,-4.004981768978));
#664 = CARTESIAN_POINT('',(-0.24417398971,-4.014793680494));
#665 = CARTESIAN_POINT('',(-0.323329432056,-4.028846193902));
#666 = CARTESIAN_POINT('',(-0.400786342797,-4.04618887919));
#667 = CARTESIAN_POINT('',(-0.476069412754,-4.065666487695));
#668 = CARTESIAN_POINT('',(-0.642430435313,-4.112702243265));
#669 = CARTESIAN_POINT('',(-0.73268406167,-4.141253647765));
#670 = CARTESIAN_POINT('',(-0.819883630207,-4.170042961523));
#671 = CARTESIAN_POINT('',(-0.904491720928,-4.197664831484));
#672 = CARTESIAN_POINT('',(-0.986936091666,-4.223106051648));
#673 = CARTESIAN_POINT('',(-1.067612580257,-4.245637245377));
#674 = CARTESIAN_POINT('',(-1.288846287216,-4.298938368657));
#675 = CARTESIAN_POINT('',(-1.426397524715,-4.322172578196));
#676 = CARTESIAN_POINT('',(-1.561937764655,-4.331528336777));
#677 = CARTESIAN_POINT('',(-1.697196268998,-4.326086830101));
#678 = CARTESIAN_POINT('',(-1.83390764695,-4.306111414116));
#679 = CARTESIAN_POINT('',(-1.973813486668,-4.27329083652));
#680 = CARTESIAN_POINT('',(-2.209284200601,-4.206100684946));
#681 = CARTESIAN_POINT('',(-2.301856543667,-4.176972497596));
#682 = CARTESIAN_POINT('',(-2.397371629917,-4.145381763681));
#683 = CARTESIAN_POINT('',(-2.496178816783,-4.112819499592));
#684 = CARTESIAN_POINT('',(-2.598727001249,-4.081316433982));
#685 = CARTESIAN_POINT('',(-2.705549459423,-4.053483050008));
#686 = CARTESIAN_POINT('',(-2.914280496664,-4.01357510315));
#687 = CARTESIAN_POINT('',(-3.014657660649,-3.999930419081));
#688 = CARTESIAN_POINT('',(-3.116774646677,-3.993334654416));
#689 = CARTESIAN_POINT('',(-3.21928665575,-3.995183161822));
#690 = CARTESIAN_POINT('',(-3.320947312672,-4.005233311331));
#691 = CARTESIAN_POINT('',(-3.420362565396,-4.021712180994));
#692 = CARTESIAN_POINT('',(-3.6187007629,-4.064456437553));
#693 = CARTESIAN_POINT('',(-3.717437938696,-4.091533438643));
#694 = CARTESIAN_POINT('',(-3.812465938363,-4.121213911664));
#695 = CARTESIAN_POINT('',(-3.904249243614,-4.151459747594));
#696 = CARTESIAN_POINT('',(-3.993188250075,-4.180690323518));
#697 = CARTESIAN_POINT('',(-4.079616642547,-4.207731578748));
#698 = CARTESIAN_POINT('',(-4.245661769739,-4.255111556827));
#699 = CARTESIAN_POINT('',(-4.325683340066,-4.275701401382));
#700 = CARTESIAN_POINT('',(-4.4043438844,-4.292800166323));
#701 = CARTESIAN_POINT('',(-4.482003977633,-4.305921923598));
#702 = CARTESIAN_POINT('',(-4.559003138005,-4.314769417558));
#703 = CARTESIAN_POINT('',(-4.635682418913,-4.319196449161));
#704 = CARTESIAN_POINT('',(-4.792433265714,-4.319196449161));
#705 = CARTESIAN_POINT('',(-4.872437261885,-4.314375852083));
#706 = CARTESIAN_POINT('',(-4.952805565999,-4.304743874907));
#707 = CARTESIAN_POINT('',(-5.033924670211,-4.29047372601));
#708 = CARTESIAN_POINT('',(-5.116182786565,-4.271916526002));
#709 = CARTESIAN_POINT('',(-5.199997936644,-4.249650886517));
#710 = CARTESIAN_POINT('',(-5.36992426412,-4.200007303381));
#711 = CARTESIAN_POINT('',(-5.456310005389,-4.172640666537));
#712 = CARTESIAN_POINT('',(-5.545283263917,-4.143325125323));
#713 = CARTESIAN_POINT('',(-5.637137269698,-4.113288781247));
#714 = CARTESIAN_POINT('',(-5.732238223976,-4.0841623918));
#715 = CARTESIAN_POINT('',(-5.831021130877,-4.058000047742));
#716 = CARTESIAN_POINT('',(-5.982213879203,-4.027217225078));
#717 = CARTESIAN_POINT('',(-6.031182619215,-4.018563806018));
#718 = CARTESIAN_POINT('',(-6.080836531788,-4.011318089638));
#719 = CARTESIAN_POINT('',(-6.131010564964,-4.005710135321));
#720 = CARTESIAN_POINT('',(-6.181555148151,-4.001907152027));
#721 = CARTESIAN_POINT('',(-6.232327850189,-4.));
#722 = CARTESIAN_POINT('',(-6.28318530718,-4.));
#723 = ( GEOMETRIC_REPRESENTATION_CONTEXT(2) 
PARAMETRIC_REPRESENTATION_CONTEXT() REPRESENTATION_CONTEXT('2D SPACE',''
  ) );
#724 = ADVANCED_FACE('',(#725),#376,.F.);
#725 = FACE_BOUND('',#726,.F.);
#726 = EDGE_LOOP('',(#727,#728,#747,#748));
#727 = ORIENTED_EDGE('',*,*,#449,.T.);
#728 = ORIENTED_EDGE('',*,*,#729,.T.);
#729 = EDGE_CURVE('',#450,#471,#730,.T.);
#730 = SURFACE_CURVE('',#731,(#735,#741),.PCURVE_S1.);
#731 = LINE('',#732,#733);
#732 = CARTESIAN_POINT('',(-9.,-10.75,9.));
#733 = VECTOR('',#734,1.);
#734 = DIRECTION('',(0.,-1.,0.));
#735 = PCURVE('',#376,#736);
#736 = DEFINITIONAL_REPRESENTATION('',(#737),#740);
#737 = B_SPLINE_CURVE_WITH_KNOTS('',1,(#738,#739),.UNSPECIFIED.,.F.,.F.,
  (2,2),(-26.75,5.25),.PIECEWISE_BEZIER_KNOTS.);
#738 = CARTESIAN_POINT('',(20.,37.5));
#739 = CARTESIAN_POINT('',(20.,5.5));
#740 = ( GEOMETRIC_REPRESENTATION_CONTEXT(2) 
PARAMETRIC_REPRESENTATION_CONTEXT() REPRESENTATION_CONTEXT('2D SPACE',''
  ) );
#741 = PCURVE('',#487,#742);
#742 = DEFINITIONAL_REPRESENTATION('',(#743),#746);
#743 = B_SPLINE_CURVE_WITH_KNOTS('',1,(#744,#745),.UNSPECIFIED.,.F.,.F.,
  (2,2),(-26.75,5.25),.PIECEWISE_BEZIER_KNOTS.);
#744 = CARTESIAN_POINT('',(9.,-16.));
#745 = CARTESIAN_POINT('',(9.,16.));
#746 = ( GEOMETRIC_REPRESENTATION_CONTEXT(2) 
PARAMETRIC_REPRESENTATION_CONTEXT() REPRESENTATION_CONTEXT('2D SPACE',''
  ) );
#747 = ORIENTED_EDGE('',*,*,#499,.F.);
#748 = ORIENTED_EDGE('',*,*,#363,.F.);
#749 = ADVANCED_FACE('',(#750,#753),#433,.F.);
#750 = FACE_BOUND('',#751,.F.);
#751 = EDGE_LOOP('',(#752));
#752 = ORIENTED_EDGE('',*,*,#418,.T.);
#753 = FACE_BOUND('',#754,.F.);
#754 = EDGE_LOOP('',(#755));
#755 = ORIENTED_EDGE('',*,*,#756,.F.);
#756 = EDGE_CURVE('',#757,#757,#759,.T.);
#757 = VERTEX_POINT('',#758);
#758 = CARTESIAN_POINT('',(35.,5.,0.));
#759 = SURFACE_CURVE('',#760,(#765,#772),.PCURVE_S1.);
#760 = CIRCLE('',#761,5.);
#761 = AXIS2_PLACEMENT_3D('',#762,#763,#764);
#762 = CARTESIAN_POINT('',(35.,0.,0.));
#763 = DIRECTION('',(1.,0.,0.));
#764 = DIRECTION('',(0.,1.,0.));
#765 = PCURVE('',#433,#766);
#766 = DEFINITIONAL_REPRESENTATION('',(#767),#771);
#767 = CIRCLE('',#768,5.);
#768 = AXIS2_PLACEMENT_2D('',#769,#770);
#769 = CARTESIAN_POINT('',(-5.529132197927E-17,-3.982835337493E-16));
#770 = DIRECTION('',(0.,-1.));
#771 = ( GEOMETRIC_REPRESENTATION_CONTEXT(2) 
PARAMETRIC_REPRESENTATION_CONTEXT() REPRESENTATION_CONTEXT('2D SPACE',''
  ) );
#772 = PCURVE('',#773,#778);
#773 = CYLINDRICAL_SURFACE('',#774,5.);
#774 = AXIS2_PLACEMENT_3D('',#775,#776,#777);
#775 = CARTESIAN_POINT('',(30.,0.,0.));
#776 = DIRECTION('',(-1.,-0.,-0.));
#777 = DIRECTION('',(0.,1.,0.));
#778 = DEFINITIONAL_REPRESENTATION('',(#779),#783);
#779 = LINE('',#780,#781);
#780 = CARTESIAN_POINT('',(-0.,-5.));
#781 = VECTOR('',#782,1.);
#782 = DIRECTION('',(-1.,0.));
#783 = ( GEOMETRIC_REPRESENTATION_CONTEXT(2) 
PARAMETRIC_REPRESENTATION_CONTEXT() REPRESENTATION_CONTEXT('2D SPACE',''
  ) );
#784 = ADVANCED_FACE('',(#785,#789),#487,.T.);
#785 = FACE_BOUND('',#786,.T.);
#786 = EDGE_LOOP('',(#787,#788));
#787 = ORIENTED_EDGE('',*,*,#470,.T.);
#788 = ORIENTED_EDGE('',*,*,#729,.T.);
#789 = FACE_BOUND('',#790,.T.);
#790 = EDGE_LOOP('',(#791));
#791 = ORIENTED_EDGE('',*,*,#792,.T.);
#792 = EDGE_CURVE('',#793,#793,#795,.T.);
#793 = VERTEX_POINT('',#794);
#794 = CARTESIAN_POINT('',(-9.,3.75,0.));
#795 = SURFACE_CURVE('',#796,(#801,#812),.PCURVE_S1.);
#796 = CIRCLE('',#797,3.75);
#797 = AXIS2_PLACEMENT_3D('',#798,#799,#800);
#798 = CARTESIAN_POINT('',(-9.,0.,0.));
#799 = DIRECTION('',(-1.,0.,0.));
#800 = DIRECTION('',(0.,1.,0.));
#801 = PCURVE('',#487,#802);
#802 = DEFINITIONAL_REPRESENTATION('',(#803),#811);
#803 = ( BOUNDED_CURVE() B_SPLINE_CURVE(2,(#804,#805,#806,#807,#808,#809
,#810),.UNSPECIFIED.,.T.,.F.) B_SPLINE_CURVE_WITH_KNOTS((1,2,2,2,2,1),(
    -2.094395102393,0.,2.094395102393,4.188790204786,6.28318530718,
8.377580409573),.UNSPECIFIED.) CURVE() GEOMETRIC_REPRESENTATION_ITEM() 
RATIONAL_B_SPLINE_CURVE((1.,0.5,1.,0.5,1.,0.5,1.)) REPRESENTATION_ITEM(
  '') );
#804 = CARTESIAN_POINT('',(-1.398015239264E-15,-3.75));
#805 = CARTESIAN_POINT('',(-6.495190528383,-3.75));
#806 = CARTESIAN_POINT('',(-3.247595264192,1.875));
#807 = CARTESIAN_POINT('',(-2.316500338624E-15,7.5));
#808 = CARTESIAN_POINT('',(3.247595264192,1.875));
#809 = CARTESIAN_POINT('',(6.495190528383,-3.75));
#810 = CARTESIAN_POINT('',(-1.398015239264E-15,-3.75));
#811 = ( GEOMETRIC_REPRESENTATION_CONTEXT(2) 
PARAMETRIC_REPRESENTATION_CONTEXT() REPRESENTATION_CONTEXT('2D SPACE',''
  ) );
#812 = PCURVE('',#813,#818);
#813 = CYLINDRICAL_SURFACE('',#814,3.75);
#814 = AXIS2_PLACEMENT_3D('',#815,#816,#817);
#815 = CARTESIAN_POINT('',(-46.,0.,0.));
#816 = DIRECTION('',(-1.,-0.,-0.));
#817 = DIRECTION('',(0.,1.,0.));
#818 = DEFINITIONAL_REPRESENTATION('',(#819),#823);
#819 = LINE('',#820,#821);
#820 = CARTESIAN_POINT('',(-6.28318530718,-37.));
#821 = VECTOR('',#822,1.);
#822 = DIRECTION('',(1.,-0.));
#823 = ( GEOMETRIC_REPRESENTATION_CONTEXT(2) 
PARAMETRIC_REPRESENTATION_CONTEXT() REPRESENTATION_CONTEXT('2D SPACE',''
  ) );
#824 = ADVANCED_FACE('',(#825),#654,.F.);
#825 = FACE_BOUND('',#826,.T.);
#826 = EDGE_LOOP('',(#827,#1032,#1053,#1054));
#827 = ORIENTED_EDGE('',*,*,#828,.F.);
#828 = EDGE_CURVE('',#829,#829,#831,.T.);
#829 = VERTEX_POINT('',#830);
#830 = CARTESIAN_POINT('',(3.18,0.,-18.));
#831 = SURFACE_CURVE('',#832,(#895,#961),.PCURVE_S1.);
#832 = B_SPLINE_CURVE_WITH_KNOTS('',7,(#833,#834,#835,#836,#837,#838,
    #839,#840,#841,#842,#843,#844,#845,#846,#847,#848,#849,#850,#851,
    #852,#853,#854,#855,#856,#857,#858,#859,#860,#861,#862,#863,#864,
    #865,#866,#867,#868,#869,#870,#871,#872,#873,#874,#875,#876,#877,
    #878,#879,#880,#881,#882,#883,#884,#885,#886,#887,#888,#889,#890,
    #891,#892,#893,#894),.UNSPECIFIED.,.T.,.F.,(8,6,6,6,6,6,6,6,6,6,8),(
    0.,7.91645075422E-02,0.177633316285,0.348359198758,0.4564983427,
    0.550122196284,0.651410767347,0.749877366748,0.848349456658,
    0.953101094569,1.),.UNSPECIFIED.);
#833 = CARTESIAN_POINT('',(3.18,-2.22044604925E-15,-18.));
#834 = CARTESIAN_POINT('',(3.18,0.274261027699,-18.));
#835 = CARTESIAN_POINT('',(3.152403962084,0.54584632435,-17.99512464496)
  );
#836 = CARTESIAN_POINT('',(3.098180631997,0.810446605496,-17.98554548427
    ));
#837 = CARTESIAN_POINT('',(3.019379417978,1.0639670028,-17.97188134238)
  );
#838 = CARTESIAN_POINT('',(2.919076310055,1.302771904107,-17.9551454038)
  );
#839 = CARTESIAN_POINT('',(2.801352534994,1.523909214359,-17.93651677041
    ));
#840 = CARTESIAN_POINT('',(2.509494683304,1.97579355607,-17.89300338445)
  );
#841 = CARTESIAN_POINT('',(2.326530503798,2.198946722444,-17.86739147311
    ));
#842 = CARTESIAN_POINT('',(2.127484845696,2.395197643853,-17.84184383421
    ));
#843 = CARTESIAN_POINT('',(1.916210165134,2.565459980417,-17.81757598726
    ));
#844 = CARTESIAN_POINT('',(1.695656900508,2.710779182269,-17.79544973673
    ));
#845 = CARTESIAN_POINT('',(1.468088704752,2.832133081069,-17.77607718708
    ));
#846 = CARTESIAN_POINT('',(0.831477924907,3.100487028127,-17.73180008559
    ));
#847 = CARTESIAN_POINT('',(0.411966215174,3.200893233676,-17.71327932167
    ));
#848 = CARTESIAN_POINT('',(-1.433931143643E-02,3.235627454985,
    -17.70650936885));
#849 = CARTESIAN_POINT('',(-0.441531128812,3.206091468581,
    -17.71213093158));
#850 = CARTESIAN_POINT('',(-0.863458762686,3.111481104493,
    -17.72988918561));
#851 = CARTESIAN_POINT('',(-1.272965935924,2.948854608048,
    -17.75840514228));
#852 = CARTESIAN_POINT('',(-1.90215145781,2.564367339251,-17.81703586988
    ));
#853 = CARTESIAN_POINT('',(-2.137712373955,2.385266507968,
    -17.84285556443));
#854 = CARTESIAN_POINT('',(-2.360782287407,2.174900736572,
    -17.87087988099));
#855 = CARTESIAN_POINT('',(-2.566460406017,1.932352912575,-17.8997846342
    ));
#856 = CARTESIAN_POINT('',(-2.748903733324,1.657233297531,
    -17.92776041167));
#857 = CARTESIAN_POINT('',(-2.901105087395,1.35001939081,-17.95247988836
    ));
#858 = CARTESIAN_POINT('',(-3.11250429307,0.720821627388,-17.98793848689
    ));
#859 = CARTESIAN_POINT('',(-3.181163940301,0.407188556154,
    -18.00006126747));
#860 = CARTESIAN_POINT('',(-3.212762492775,8.030585411077E-02,
    -18.0059218416));
#861 = CARTESIAN_POINT('',(-3.203854345084,-0.249912859365,
    -18.00427990331));
#862 = CARTESIAN_POINT('',(-3.155023733283,-0.573129663788,
    -17.99535161992));
#863 = CARTESIAN_POINT('',(-3.070879791946,-0.879722218421,
    -17.98071135258));
#864 = CARTESIAN_POINT('',(-2.840414452545,-1.466938326419,
    -17.94273112919));
#865 = CARTESIAN_POINT('',(-2.689000102499,-1.744823038073,
    -17.91868450204));
#866 = CARTESIAN_POINT('',(-2.512822935794,-1.99425958523,
    -17.89233079011));
#867 = CARTESIAN_POINT('',(-2.317441847341,-2.215174620552,
    -17.86548658596));
#868 = CARTESIAN_POINT('',(-2.107447777001,-2.408086081156,
    -17.83955935026));
#869 = CARTESIAN_POINT('',(-1.886647997847,-2.573841306421,
    -17.81559117812));
#870 = CARTESIAN_POINT('',(-1.436045623889,-2.849198685207,
    -17.77360174238));
#871 = CARTESIAN_POINT('',(-1.205872318429,-2.960721816148,
    -17.75535941797));
#872 = CARTESIAN_POINT('',(-0.969941997184,-3.048941702068,
    -17.74022253765));
#873 = CARTESIAN_POINT('',(-0.73003522726,-3.114590028307,-17.7286135565
    ));
#874 = CARTESIAN_POINT('',(-0.487584209405,-3.158186845933,
    -17.72078861834));
#875 = CARTESIAN_POINT('',(-0.243834582621,-3.18,-17.71687331331));
#876 = CARTESIAN_POINT('',(0.243848178866,-3.18,-17.71687331331));
#877 = CARTESIAN_POINT('',(0.487599977587,-3.158184354555,
    -17.72078907756));
#878 = CARTESIAN_POINT('',(0.730047319869,-3.114586422886,
    -17.72861418821));
#879 = CARTESIAN_POINT('',(0.969949227533,-3.048938719619,
    -17.74022303969));
#880 = CARTESIAN_POINT('',(1.205876100872,-2.960719965782,
    -17.75535972166));
#881 = CARTESIAN_POINT('',(1.436047574221,-2.849197493383,
    -17.77360192412));
#882 = CARTESIAN_POINT('',(1.894444641614,-2.569076876593,-17.8163177093
    ));
#883 = CARTESIAN_POINT('',(2.122654987272,-2.396653474912,
    -17.84121191421));
#884 = CARTESIAN_POINT('',(2.339228920376,-2.19505682296,-17.86818634831
    ));
#885 = CARTESIAN_POINT('',(2.539838988453,-1.963400989926,
    -17.89606410545));
#886 = CARTESIAN_POINT('',(2.719294750343,-1.701218486801,
    -17.92324622204));
#887 = CARTESIAN_POINT('',(2.871337493106,-1.408763066576,
    -17.94767101312));
#888 = CARTESIAN_POINT('',(3.040553749087,-0.943845224263,
    -17.97581442651));
#889 = CARTESIAN_POINT('',(3.085754030242,-0.794546304628,
    -17.98350483944));
#890 = CARTESIAN_POINT('',(3.122900404629,-0.640638653705,
    -17.98994364536));
#891 = CARTESIAN_POINT('',(3.151283657312,-0.483131847545,
    -17.99492671456));
#892 = CARTESIAN_POINT('',(3.170409274737,-0.323105946038,
    -17.99830566476));
#893 = CARTESIAN_POINT('',(3.18,-0.161683314183,-18.));
#894 = CARTESIAN_POINT('',(3.18,-2.22044604925E-15,-18.));
#895 = PCURVE('',#654,#896);
#896 = DEFINITIONAL_REPRESENTATION('',(#897),#960);
#897 = B_SPLINE_CURVE_WITH_KNOTS('',7,(#898,#899,#900,#901,#902,#903,
    #904,#905,#906,#907,#908,#909,#910,#911,#912,#913,#914,#915,#916,
    #917,#918,#919,#920,#921,#922,#923,#924,#925,#926,#927,#928,#929,
    #930,#931,#932,#933,#934,#935,#936,#937,#938,#939,#940,#941,#942,
    #943,#944,#945,#946,#947,#948,#949,#950,#951,#952,#953,#954,#955,
    #956,#957,#958,#959),.UNSPECIFIED.,.F.,.F.,(8,6,6,6,6,6,6,6,6,6,8),(
    0.,7.91645075422E-02,0.177633316285,0.348359198758,0.4564983427,
    0.550122196284,0.651410767347,0.749877366748,0.848349456658,
    0.953101094569,1.),.UNSPECIFIED.);
#898 = CARTESIAN_POINT('',(0.,-2.));
#899 = CARTESIAN_POINT('',(-8.62456061946E-02,-2.));
#900 = CARTESIAN_POINT('',(-0.171649748157,-2.004875355036));
#901 = CARTESIAN_POINT('',(-0.255905403137,-2.014454515723));
#902 = CARTESIAN_POINT('',(-0.338679733107,-2.028118657614));
#903 = CARTESIAN_POINT('',(-0.419574794618,-2.044854596192));
#904 = CARTESIAN_POINT('',(-0.498075354887,-2.063483229588));
#905 = CARTESIAN_POINT('',(-0.667239175113,-2.106996615541));
#906 = CARTESIAN_POINT('',(-0.757403070536,-2.132608526881));
#907 = CARTESIAN_POINT('',(-0.844550566099,-2.158156165782));
#908 = CARTESIAN_POINT('',(-0.929148265378,-2.18242401274));
#909 = CARTESIAN_POINT('',(-1.011629243607,-2.204550263263));
#910 = CARTESIAN_POINT('',(-1.092395441441,-2.223922812911));
#911 = CARTESIAN_POINT('',(-1.309646919617,-2.268199914404));
#912 = CARTESIAN_POINT('',(-1.443474538348,-2.286720678321));
#913 = CARTESIAN_POINT('',(-1.575519641336,-2.293490631145));
#914 = CARTESIAN_POINT('',(-1.707421618645,-2.287869068417));
#915 = CARTESIAN_POINT('',(-1.840820222641,-2.270110814381));
#916 = CARTESIAN_POINT('',(-1.97737039738,-2.241594857714));
#917 = CARTESIAN_POINT('',(-2.209245701117,-2.182964130113));
#918 = CARTESIAN_POINT('',(-2.30182138959,-2.157144435562));
#919 = CARTESIAN_POINT('',(-2.397360841535,-2.12912011901));
#920 = CARTESIAN_POINT('',(-2.496197277335,-2.100215365796));
#921 = CARTESIAN_POINT('',(-2.598765640261,-2.072239588323));
#922 = CARTESIAN_POINT('',(-2.705586789826,-2.047520111632));
#923 = CARTESIAN_POINT('',(-2.914316849881,-2.01206151311));
#924 = CARTESIAN_POINT('',(-3.014684275911,-1.99993873253));
#925 = CARTESIAN_POINT('',(-3.116773686513,-1.994078158391));
#926 = CARTESIAN_POINT('',(-3.219253949068,-1.995720096687));
#927 = CARTESIAN_POINT('',(-3.320891025678,-2.004648380077));
#928 = CARTESIAN_POINT('',(-3.420306228807,-2.01928864742));
#929 = CARTESIAN_POINT('',(-3.618678085063,-2.057268870807));
#930 = CARTESIAN_POINT('',(-3.71741829325,-2.081315497952));
#931 = CARTESIAN_POINT('',(-3.812464243662,-2.107669209886));
#932 = CARTESIAN_POINT('',(-3.904270537849,-2.134513414032));
#933 = CARTESIAN_POINT('',(-3.99322653208,-2.160440649731));
#934 = CARTESIAN_POINT('',(-4.079653134685,-2.184408821872));
#935 = CARTESIAN_POINT('',(-4.245714747185,-2.226398257618));
#936 = CARTESIAN_POINT('',(-4.325764411113,-2.244640582023));
#937 = CARTESIAN_POINT('',(-4.404432063393,-2.259777462349));
#938 = CARTESIAN_POINT('',(-4.482082605586,-2.271386443498));
#939 = CARTESIAN_POINT('',(-4.559060304761,-2.279211381658));
#940 = CARTESIAN_POINT('',(-4.63571143868,-2.283126686687));
#941 = CARTESIAN_POINT('',(-4.789070797638,-2.283126686687));
#942 = CARTESIAN_POINT('',(-4.865722654867,-2.279210922432));
#943 = CARTESIAN_POINT('',(-4.942699265602,-2.271385811787));
#944 = CARTESIAN_POINT('',(-5.020348322548,-2.259776960306));
#945 = CARTESIAN_POINT('',(-5.099014887506,-2.244640278331));
#946 = CARTESIAN_POINT('',(-5.179063932345,-2.226398075876));
#947 = CARTESIAN_POINT('',(-5.347998142584,-2.183682290696));
#948 = CARTESIAN_POINT('',(-5.43750658306,-2.158788085783));
#949 = CARTESIAN_POINT('',(-5.529755790652,-2.131813651688));
#950 = CARTESIAN_POINT('',(-5.62507499342,-2.103935894543));
#951 = CARTESIAN_POINT('',(-5.723877504442,-2.076753777959));
#952 = CARTESIAN_POINT('',(-5.826651218677,-2.052328986871));
#953 = CARTESIAN_POINT('',(-5.982234625538,-2.024185573485));
#954 = CARTESIAN_POINT('',(-6.031214022221,-2.016495160555));
#955 = CARTESIAN_POINT('',(-6.080871036004,-2.01005635464));
#956 = CARTESIAN_POINT('',(-6.131042359323,-2.005073285433));
#957 = CARTESIAN_POINT('',(-6.181579668452,-2.001694335239));
#958 = CARTESIAN_POINT('',(-6.232341497688,-2.));
#959 = CARTESIAN_POINT('',(-6.28318530718,-2.));
#960 = ( GEOMETRIC_REPRESENTATION_CONTEXT(2) 
PARAMETRIC_REPRESENTATION_CONTEXT() REPRESENTATION_CONTEXT('2D SPACE',''
  ) );
#961 = PCURVE('',#962,#967);
#962 = CYLINDRICAL_SURFACE('',#963,18.);
#963 = AXIS2_PLACEMENT_3D('',#964,#965,#966);
#964 = CARTESIAN_POINT('',(-30.,0.,0.));
#965 = DIRECTION('',(-1.,-0.,-0.));
#966 = DIRECTION('',(0.,1.,0.));
#967 = DEFINITIONAL_REPRESENTATION('',(#968),#1031);
#968 = B_SPLINE_CURVE_WITH_KNOTS('',7,(#969,#970,#971,#972,#973,#974,
    #975,#976,#977,#978,#979,#980,#981,#982,#983,#984,#985,#986,#987,
    #988,#989,#990,#991,#992,#993,#994,#995,#996,#997,#998,#999,#1000,
    #1001,#1002,#1003,#1004,#1005,#1006,#1007,#1008,#1009,#1010,#1011,
    #1012,#1013,#1014,#1015,#1016,#1017,#1018,#1019,#1020,#1021,#1022,
    #1023,#1024,#1025,#1026,#1027,#1028,#1029,#1030),.UNSPECIFIED.,.F.,
  .F.,(8,6,6,6,6,6,6,6,6,6,8),(0.,7.91645075422E-02,0.177633316285,
    0.348359198758,0.4564983427,0.550122196284,0.651410767347,
    0.749877366748,0.848349456658,0.953101094569,1.),.UNSPECIFIED.);
#969 = CARTESIAN_POINT('',(-4.712388980385,-33.18));
#970 = CARTESIAN_POINT('',(-4.727625704146,-33.18));
#971 = CARTESIAN_POINT('',(-4.742713778412,-33.15240396208));
#972 = CARTESIAN_POINT('',(-4.757419559593,-33.09818063199));
#973 = CARTESIAN_POINT('',(-4.771520885679,-33.01937941797));
#974 = CARTESIAN_POINT('',(-4.784818190763,-32.91907631005));
#975 = CARTESIAN_POINT('',(-4.797146227643,-32.80135253499));
#976 = CARTESIAN_POINT('',(-4.822367034813,-32.5094946833));
#977 = CARTESIAN_POINT('',(-4.834843735017,-32.32653050379));
#978 = CARTESIAN_POINT('',(-4.845836875969,-32.12748484569));
#979 = CARTESIAN_POINT('',(-4.855390618081,-31.91621016513));
#980 = CARTESIAN_POINT('',(-4.863556592764,-31.6956569005));
#981 = CARTESIAN_POINT('',(-4.87038374837,-31.46808870475));
#982 = CARTESIAN_POINT('',(-4.885493869112,-30.8314779249));
#983 = CARTESIAN_POINT('',(-4.891165103351,-30.41196621517));
#984 = CARTESIAN_POINT('',(-4.893131593854,-29.98566068856));
#985 = CARTESIAN_POINT('',(-4.891461129721,-29.55846887118));
#986 = CARTESIAN_POINT('',(-4.886112682741,-29.13654123731));
#987 = CARTESIAN_POINT('',(-4.876942284011,-28.72703406407));
#988 = CARTESIAN_POINT('',(-4.855334956287,-28.09784854219));
#989 = CARTESIAN_POINT('',(-4.845282374748,-27.86228762604));
#990 = CARTESIAN_POINT('',(-4.833493309588,-27.63921771259));
#991 = CARTESIAN_POINT('',(-4.819925661614,-27.43353959398));
#992 = CARTESIAN_POINT('',(-4.804567181868,-27.25109626667));
#993 = CARTESIAN_POINT('',(-4.78744951535,-27.0988949126));
#994 = CARTESIAN_POINT('',(-4.752438620322,-26.88749570693));
#995 = CARTESIAN_POINT('',(-4.735004267306,-26.8188360597));
#996 = CARTESIAN_POINT('',(-4.716847568712,-26.78723750722));
#997 = CARTESIAN_POINT('',(-4.698510671079,-26.79614565491));
#998 = CARTESIAN_POINT('',(-4.680553266662,-26.84497626671));
#999 = CARTESIAN_POINT('',(-4.663503368401,-26.92912020805));
#1000 = CARTESIAN_POINT('',(-4.630812086346,-27.15958554745));
#1001 = CARTESIAN_POINT('',(-4.615320014459,-27.3109998975));
#1002 = CARTESIAN_POINT('',(-4.601388800372,-27.4871770642));
#1003 = CARTESIAN_POINT('',(-4.589027451604,-27.68255815265));
#1004 = CARTESIAN_POINT('',(-4.5782147119,-27.89255222299));
#1005 = CARTESIAN_POINT('',(-4.568910588639,-28.11335200215));
#1006 = CARTESIAN_POINT('',(-4.553436117551,-28.56395437611));
#1007 = CARTESIAN_POINT('',(-4.547158410924,-28.79412768157));
#1008 = CARTESIAN_POINT('',(-4.542185831442,-29.03005800281));
#1009 = CARTESIAN_POINT('',(-4.538482119514,-29.26996477274));
#1010 = CARTESIAN_POINT('',(-4.536021378227,-29.51241579059));
#1011 = CARTESIAN_POINT('',(-4.534790167617,-29.75616541737));
#1012 = CARTESIAN_POINT('',(-4.534790167617,-30.24384817886));
#1013 = CARTESIAN_POINT('',(-4.536021519252,-30.48759997758));
#1014 = CARTESIAN_POINT('',(-4.538482322735,-30.73004731986));
#1015 = CARTESIAN_POINT('',(-4.542185999252,-30.96994922753));
#1016 = CARTESIAN_POINT('',(-4.547158515257,-31.20587610087));
#1017 = CARTESIAN_POINT('',(-4.553436184529,-31.43604757422));
#1018 = CARTESIAN_POINT('',(-4.569178338978,-31.89444464161));
#1019 = CARTESIAN_POINT('',(-4.578856439442,-32.12265498727));
#1020 = CARTESIAN_POINT('',(-4.590155024249,-32.33922892037));
#1021 = CARTESIAN_POINT('',(-4.60311537991,-32.53983898845));
#1022 = CARTESIAN_POINT('',(-4.617755055735,-32.71929475034));
#1023 = CARTESIAN_POINT('',(-4.634054878876,-32.8713374931));
#1024 = CARTESIAN_POINT('',(-4.659930927898,-33.04055374908));
#1025 = CARTESIAN_POINT('',(-4.668235973421,-33.08575403024));
#1026 = CARTESIAN_POINT('',(-4.676793224241,-33.12290040462));
#1027 = CARTESIAN_POINT('',(-4.685547140232,-33.15128365731));
#1028 = CARTESIAN_POINT('',(-4.694438649406,-33.17040927473));
#1029 = CARTESIAN_POINT('',(-4.703406574041,-33.18));
#1030 = CARTESIAN_POINT('',(-4.712388980385,-33.18));
#1031 = ( GEOMETRIC_REPRESENTATION_CONTEXT(2) 
PARAMETRIC_REPRESENTATION_CONTEXT() REPRESENTATION_CONTEXT('2D SPACE',''
  ) );
#1032 = ORIENTED_EDGE('',*,*,#1033,.T.);
#1033 = EDGE_CURVE('',#829,#521,#1034,.T.);
#1034 = SEAM_CURVE('',#1035,(#1039,#1046),.PCURVE_S1.);
#1035 = LINE('',#1036,#1037);
#1036 = CARTESIAN_POINT('',(3.18,0.,-20.));
#1037 = VECTOR('',#1038,1.);
#1038 = DIRECTION('',(0.,0.,1.));
#1039 = PCURVE('',#654,#1040);
#1040 = DEFINITIONAL_REPRESENTATION('',(#1041),#1045);
#1041 = LINE('',#1042,#1043);
#1042 = CARTESIAN_POINT('',(-6.28318530718,0.));
#1043 = VECTOR('',#1044,1.);
#1044 = DIRECTION('',(-0.,-1.));
#1045 = ( GEOMETRIC_REPRESENTATION_CONTEXT(2) 
PARAMETRIC_REPRESENTATION_CONTEXT() REPRESENTATION_CONTEXT('2D SPACE',''
  ) );
#1046 = PCURVE('',#654,#1047);
#1047 = DEFINITIONAL_REPRESENTATION('',(#1048),#1052);
#1048 = LINE('',#1049,#1050);
#1049 = CARTESIAN_POINT('',(-0.,0.));
#1050 = VECTOR('',#1051,1.);
#1051 = DIRECTION('',(-0.,-1.));
#1052 = ( GEOMETRIC_REPRESENTATION_CONTEXT(2) 
PARAMETRIC_REPRESENTATION_CONTEXT() REPRESENTATION_CONTEXT('2D SPACE',''
  ) );
#1053 = ORIENTED_EDGE('',*,*,#520,.T.);
#1054 = ORIENTED_EDGE('',*,*,#1033,.F.);
#1055 = ADVANCED_FACE('',(#1056),#773,.T.);
#1056 = FACE_BOUND('',#1057,.F.);
#1057 = EDGE_LOOP('',(#1058,#1081,#1082,#1083));
#1058 = ORIENTED_EDGE('',*,*,#1059,.T.);
#1059 = EDGE_CURVE('',#1060,#757,#1062,.T.);
#1060 = VERTEX_POINT('',#1061);
#1061 = CARTESIAN_POINT('',(30.,5.,0.));
#1062 = SEAM_CURVE('',#1063,(#1067,#1074),.PCURVE_S1.);
#1063 = LINE('',#1064,#1065);
#1064 = CARTESIAN_POINT('',(30.,5.,0.));
#1065 = VECTOR('',#1066,1.);
#1066 = DIRECTION('',(1.,0.,0.));
#1067 = PCURVE('',#773,#1068);
#1068 = DEFINITIONAL_REPRESENTATION('',(#1069),#1073);
#1069 = LINE('',#1070,#1071);
#1070 = CARTESIAN_POINT('',(-0.,0.));
#1071 = VECTOR('',#1072,1.);
#1072 = DIRECTION('',(-0.,-1.));
#1073 = ( GEOMETRIC_REPRESENTATION_CONTEXT(2) 
PARAMETRIC_REPRESENTATION_CONTEXT() REPRESENTATION_CONTEXT('2D SPACE',''
  ) );
#1074 = PCURVE('',#773,#1075);
#1075 = DEFINITIONAL_REPRESENTATION('',(#1076),#1080);
#1076 = LINE('',#1077,#1078);
#1077 = CARTESIAN_POINT('',(-6.28318530718,0.));
#1078 = VECTOR('',#1079,1.);
#1079 = DIRECTION('',(-0.,-1.));
#1080 = ( GEOMETRIC_REPRESENTATION_CONTEXT(2) 
PARAMETRIC_REPRESENTATION_CONTEXT() REPRESENTATION_CONTEXT('2D SPACE',''
  ) );
#1081 = ORIENTED_EDGE('',*,*,#756,.T.);
#1082 = ORIENTED_EDGE('',*,*,#1059,.F.);
#1083 = ORIENTED_EDGE('',*,*,#1084,.F.);
#1084 = EDGE_CURVE('',#1060,#1060,#1085,.T.);
#1085 = SURFACE_CURVE('',#1086,(#1091,#1098),.PCURVE_S1.);
#1086 = CIRCLE('',#1087,5.);
#1087 = AXIS2_PLACEMENT_3D('',#1088,#1089,#1090);
#1088 = CARTESIAN_POINT('',(30.,0.,0.));
#1089 = DIRECTION('',(1.,0.,0.));
#1090 = DIRECTION('',(0.,1.,0.));
#1091 = PCURVE('',#773,#1092);
#1092 = DEFINITIONAL_REPRESENTATION('',(#1093),#1097);
#1093 = LINE('',#1094,#1095);
#1094 = CARTESIAN_POINT('',(-0.,0.));
#1095 = VECTOR('',#1096,1.);
#1096 = DIRECTION('',(-1.,0.));
#1097 = ( GEOMETRIC_REPRESENTATION_CONTEXT(2) 
PARAMETRIC_REPRESENTATION_CONTEXT() REPRESENTATION_CONTEXT('2D SPACE',''
  ) );
#1098 = PCURVE('',#1099,#1104);
#1099 = PLANE('',#1100);
#1100 = AXIS2_PLACEMENT_3D('',#1101,#1102,#1103);
#1101 = CARTESIAN_POINT('',(30.,-25.,-9.));
#1102 = DIRECTION('',(1.,0.,0.));
#1103 = DIRECTION('',(0.,0.,1.));
#1104 = DEFINITIONAL_REPRESENTATION('',(#1105),#1109);
#1105 = CIRCLE('',#1106,5.);
#1106 = AXIS2_PLACEMENT_2D('',#1107,#1108);
#1107 = CARTESIAN_POINT('',(9.,-25.));
#1108 = DIRECTION('',(0.,-1.));
#1109 = ( GEOMETRIC_REPRESENTATION_CONTEXT(2) 
PARAMETRIC_REPRESENTATION_CONTEXT() REPRESENTATION_CONTEXT('2D SPACE',''
  ) );
#1110 = ADVANCED_FACE('',(#1111),#813,.F.);
#1111 = FACE_BOUND('',#1112,.T.);
#1112 = EDGE_LOOP('',(#1113,#1146,#1167,#1168));
#1113 = ORIENTED_EDGE('',*,*,#1114,.T.);
#1114 = EDGE_CURVE('',#1115,#1115,#1117,.T.);
#1115 = VERTEX_POINT('',#1116);
#1116 = CARTESIAN_POINT('',(-44.,3.75,0.));
#1117 = SURFACE_CURVE('',#1118,(#1123,#1130),.PCURVE_S1.);
#1118 = CIRCLE('',#1119,3.75);
#1119 = AXIS2_PLACEMENT_3D('',#1120,#1121,#1122);
#1120 = CARTESIAN_POINT('',(-44.,0.,0.));
#1121 = DIRECTION('',(-1.,0.,0.));
#1122 = DIRECTION('',(0.,1.,0.));
#1123 = PCURVE('',#813,#1124);
#1124 = DEFINITIONAL_REPRESENTATION('',(#1125),#1129);
#1125 = LINE('',#1126,#1127);
#1126 = CARTESIAN_POINT('',(-6.28318530718,-2.));
#1127 = VECTOR('',#1128,1.);
#1128 = DIRECTION('',(1.,-0.));
#1129 = ( GEOMETRIC_REPRESENTATION_CONTEXT(2) 
PARAMETRIC_REPRESENTATION_CONTEXT() REPRESENTATION_CONTEXT('2D SPACE',''
  ) );
#1130 = PCURVE('',#1131,#1136);
#1131 = PLANE('',#1132);
#1132 = AXIS2_PLACEMENT_3D('',#1133,#1134,#1135);
#1133 = CARTESIAN_POINT('',(-44.,-3.982835337493E-16,5.529132197927E-17)
  );
#1134 = DIRECTION('',(1.,0.,0.));
#1135 = DIRECTION('',(-0.,0.,1.));
#1136 = DEFINITIONAL_REPRESENTATION('',(#1137),#1145);
#1137 = ( BOUNDED_CURVE() B_SPLINE_CURVE(2,(#1138,#1139,#1140,#1141,
#1142,#1143,#1144),.UNSPECIFIED.,.T.,.F.) B_SPLINE_CURVE_WITH_KNOTS((1,2
    ,2,2,2,1),(-2.094395102393,0.,2.094395102393,4.188790204786,
6.28318530718,8.377580409573),.UNSPECIFIED.) CURVE() 
GEOMETRIC_REPRESENTATION_ITEM() RATIONAL_B_SPLINE_CURVE((1.,0.5,1.,0.5,
1.,0.5,1.)) REPRESENTATION_ITEM('') );
#1138 = CARTESIAN_POINT('',(-5.529132197927E-17,-3.75));
#1139 = CARTESIAN_POINT('',(-6.495190528383,-3.75));
#1140 = CARTESIAN_POINT('',(-3.247595264192,1.875));
#1141 = CARTESIAN_POINT('',(-9.737764213398E-16,7.5));
#1142 = CARTESIAN_POINT('',(3.247595264192,1.875));
#1143 = CARTESIAN_POINT('',(6.495190528383,-3.75));
#1144 = CARTESIAN_POINT('',(-5.529132197927E-17,-3.75));
#1145 = ( GEOMETRIC_REPRESENTATION_CONTEXT(2) 
PARAMETRIC_REPRESENTATION_CONTEXT() REPRESENTATION_CONTEXT('2D SPACE',''
  ) );
#1146 = ORIENTED_EDGE('',*,*,#1147,.T.);
#1147 = EDGE_CURVE('',#1115,#793,#1148,.T.);
#1148 = SEAM_CURVE('',#1149,(#1153,#1160),.PCURVE_S1.);
#1149 = LINE('',#1150,#1151);
#1150 = CARTESIAN_POINT('',(-44.,3.75,0.));
#1151 = VECTOR('',#1152,1.);
#1152 = DIRECTION('',(1.,0.,0.));
#1153 = PCURVE('',#813,#1154);
#1154 = DEFINITIONAL_REPRESENTATION('',(#1155),#1159);
#1155 = LINE('',#1156,#1157);
#1156 = CARTESIAN_POINT('',(-0.,-2.));
#1157 = VECTOR('',#1158,1.);
#1158 = DIRECTION('',(-0.,-1.));
#1159 = ( GEOMETRIC_REPRESENTATION_CONTEXT(2) 
PARAMETRIC_REPRESENTATION_CONTEXT() REPRESENTATION_CONTEXT('2D SPACE',''
  ) );
#1160 = PCURVE('',#813,#1161);
#1161 = DEFINITIONAL_REPRESENTATION('',(#1162),#1166);
#1162 = LINE('',#1163,#1164);
#1163 = CARTESIAN_POINT('',(-6.28318530718,-2.));
#1164 = VECTOR('',#1165,1.);
#1165 = DIRECTION('',(-0.,-1.));
#1166 = ( GEOMETRIC_REPRESENTATION_CONTEXT(2) 
PARAMETRIC_REPRESENTATION_CONTEXT() REPRESENTATION_CONTEXT('2D SPACE',''
  ) );
#1167 = ORIENTED_EDGE('',*,*,#792,.F.);
#1168 = ORIENTED_EDGE('',*,*,#1147,.F.);
#1169 = ADVANCED_FACE('',(#1170,#1277),#962,.T.);
#1170 = FACE_BOUND('',#1171,.F.);
#1171 = EDGE_LOOP('',(#1172,#1200,#1229,#1255));
#1172 = ORIENTED_EDGE('',*,*,#1173,.T.);
#1173 = EDGE_CURVE('',#1174,#1176,#1178,.T.);
#1174 = VERTEX_POINT('',#1175);
#1175 = CARTESIAN_POINT('',(30.,15.58845726812,-9.));
#1176 = VERTEX_POINT('',#1177);
#1177 = CARTESIAN_POINT('',(-30.,15.58845726812,-9.));
#1178 = SURFACE_CURVE('',#1179,(#1183,#1189),.PCURVE_S1.);
#1179 = LINE('',#1180,#1181);
#1180 = CARTESIAN_POINT('',(-30.,15.58845726812,-9.));
#1181 = VECTOR('',#1182,1.);
#1182 = DIRECTION('',(-1.,-0.,-0.));
#1183 = PCURVE('',#962,#1184);
#1184 = DEFINITIONAL_REPRESENTATION('',(#1185),#1188);
#1185 = B_SPLINE_CURVE_WITH_KNOTS('',1,(#1186,#1187),.UNSPECIFIED.,.F.,
  .F.,(2,2),(-60.0000006,5.999999999062E-07),.PIECEWISE_BEZIER_KNOTS.);
#1186 = CARTESIAN_POINT('',(-5.759586531581,-60.0000006));
#1187 = CARTESIAN_POINT('',(-5.759586531581,5.999999999062E-07));
#1188 = ( GEOMETRIC_REPRESENTATION_CONTEXT(2) 
PARAMETRIC_REPRESENTATION_CONTEXT() REPRESENTATION_CONTEXT('2D SPACE',''
  ) );
#1189 = PCURVE('',#1190,#1195);
#1190 = PLANE('',#1191);
#1191 = AXIS2_PLACEMENT_3D('',#1192,#1193,#1194);
#1192 = CARTESIAN_POINT('',(-30.,-25.,-9.));
#1193 = DIRECTION('',(0.,0.,1.));
#1194 = DIRECTION('',(1.,0.,0.));
#1195 = DEFINITIONAL_REPRESENTATION('',(#1196),#1199);
#1196 = B_SPLINE_CURVE_WITH_KNOTS('',1,(#1197,#1198),.UNSPECIFIED.,.F.,
  .F.,(2,2),(-60.0000006,5.999999999062E-07),.PIECEWISE_BEZIER_KNOTS.);
#1197 = CARTESIAN_POINT('',(60.0000006,40.58845726812));
#1198 = CARTESIAN_POINT('',(-5.999999999062E-07,40.58845726812));
#1199 = ( GEOMETRIC_REPRESENTATION_CONTEXT(2) 
PARAMETRIC_REPRESENTATION_CONTEXT() REPRESENTATION_CONTEXT('2D SPACE',''
  ) );
#1200 = ORIENTED_EDGE('',*,*,#1201,.F.);
#1201 = EDGE_CURVE('',#1202,#1176,#1204,.T.);
#1202 = VERTEX_POINT('',#1203);
#1203 = CARTESIAN_POINT('',(-30.,-15.58845726812,-9.));
#1204 = SURFACE_CURVE('',#1205,(#1210,#1217),.PCURVE_S1.);
#1205 = CIRCLE('',#1206,18.);
#1206 = AXIS2_PLACEMENT_3D('',#1207,#1208,#1209);
#1207 = CARTESIAN_POINT('',(-30.,0.,0.));
#1208 = DIRECTION('',(1.,0.,0.));
#1209 = DIRECTION('',(0.,1.,0.));
#1210 = PCURVE('',#962,#1211);
#1211 = DEFINITIONAL_REPRESENTATION('',(#1212),#1216);
#1212 = LINE('',#1213,#1214);
#1213 = CARTESIAN_POINT('',(-0.,0.));
#1214 = VECTOR('',#1215,1.);
#1215 = DIRECTION('',(-1.,0.));
#1216 = ( GEOMETRIC_REPRESENTATION_CONTEXT(2) 
PARAMETRIC_REPRESENTATION_CONTEXT() REPRESENTATION_CONTEXT('2D SPACE',''
  ) );
#1217 = PCURVE('',#1218,#1223);
#1218 = PLANE('',#1219);
#1219 = AXIS2_PLACEMENT_3D('',#1220,#1221,#1222);
#1220 = CARTESIAN_POINT('',(-30.,-25.,-9.));
#1221 = DIRECTION('',(1.,0.,0.));
#1222 = DIRECTION('',(0.,0.,1.));
#1223 = DEFINITIONAL_REPRESENTATION('',(#1224),#1228);
#1224 = CIRCLE('',#1225,18.);
#1225 = AXIS2_PLACEMENT_2D('',#1226,#1227);
#1226 = CARTESIAN_POINT('',(9.,-25.));
#1227 = DIRECTION('',(0.,-1.));
#1228 = ( GEOMETRIC_REPRESENTATION_CONTEXT(2) 
PARAMETRIC_REPRESENTATION_CONTEXT() REPRESENTATION_CONTEXT('2D SPACE',''
  ) );
#1229 = ORIENTED_EDGE('',*,*,#1230,.F.);
#1230 = EDGE_CURVE('',#1231,#1202,#1233,.T.);
#1231 = VERTEX_POINT('',#1232);
#1232 = CARTESIAN_POINT('',(30.,-15.58845726812,-9.));
#1233 = SURFACE_CURVE('',#1234,(#1238,#1244),.PCURVE_S1.);
#1234 = LINE('',#1235,#1236);
#1235 = CARTESIAN_POINT('',(-30.,-15.58845726812,-9.));
#1236 = VECTOR('',#1237,1.);
#1237 = DIRECTION('',(-1.,-0.,-0.));
#1238 = PCURVE('',#962,#1239);
#1239 = DEFINITIONAL_REPRESENTATION('',(#1240),#1243);
#1240 = B_SPLINE_CURVE_WITH_KNOTS('',1,(#1241,#1242),.UNSPECIFIED.,.F.,
  .F.,(2,2),(-60.0000006,5.999999999062E-07),.PIECEWISE_BEZIER_KNOTS.);
#1241 = CARTESIAN_POINT('',(-3.665191429188,-60.0000006));
#1242 = CARTESIAN_POINT('',(-3.665191429188,5.999999999062E-07));
#1243 = ( GEOMETRIC_REPRESENTATION_CONTEXT(2) 
PARAMETRIC_REPRESENTATION_CONTEXT() REPRESENTATION_CONTEXT('2D SPACE',''
  ) );
#1244 = PCURVE('',#1245,#1250);
#1245 = PLANE('',#1246);
#1246 = AXIS2_PLACEMENT_3D('',#1247,#1248,#1249);
#1247 = CARTESIAN_POINT('',(-30.,-25.,-9.));
#1248 = DIRECTION('',(0.,0.,1.));
#1249 = DIRECTION('',(1.,0.,0.));
#1250 = DEFINITIONAL_REPRESENTATION('',(#1251),#1254);
#1251 = B_SPLINE_CURVE_WITH_KNOTS('',1,(#1252,#1253),.UNSPECIFIED.,.F.,
  .F.,(2,2),(-60.0000006,5.999999999062E-07),.PIECEWISE_BEZIER_KNOTS.);
#1252 = CARTESIAN_POINT('',(60.0000006,9.41154273188));
#1253 = CARTESIAN_POINT('',(-5.999999999062E-07,9.41154273188));
#1254 = ( GEOMETRIC_REPRESENTATION_CONTEXT(2) 
PARAMETRIC_REPRESENTATION_CONTEXT() REPRESENTATION_CONTEXT('2D SPACE',''
  ) );
#1255 = ORIENTED_EDGE('',*,*,#1256,.T.);
#1256 = EDGE_CURVE('',#1231,#1174,#1257,.T.);
#1257 = SURFACE_CURVE('',#1258,(#1263,#1270),.PCURVE_S1.);
#1258 = CIRCLE('',#1259,18.);
#1259 = AXIS2_PLACEMENT_3D('',#1260,#1261,#1262);
#1260 = CARTESIAN_POINT('',(30.,0.,0.));
#1261 = DIRECTION('',(1.,0.,0.));
#1262 = DIRECTION('',(0.,1.,0.));
#1263 = PCURVE('',#962,#1264);
#1264 = DEFINITIONAL_REPRESENTATION('',(#1265),#1269);
#1265 = LINE('',#1266,#1267);
#1266 = CARTESIAN_POINT('',(-0.,-60.));
#1267 = VECTOR('',#1268,1.);
#1268 = DIRECTION('',(-1.,0.));
#1269 = ( GEOMETRIC_REPRESENTATION_CONTEXT(2) 
PARAMETRIC_REPRESENTATION_CONTEXT() REPRESENTATION_CONTEXT('2D SPACE',''
  ) );
#1270 = PCURVE('',#1099,#1271);
#1271 = DEFINITIONAL_REPRESENTATION('',(#1272),#1276);
#1272 = CIRCLE('',#1273,18.);
#1273 = AXIS2_PLACEMENT_2D('',#1274,#1275);
#1274 = CARTESIAN_POINT('',(9.,-25.));
#1275 = DIRECTION('',(0.,-1.));
#1276 = ( GEOMETRIC_REPRESENTATION_CONTEXT(2) 
PARAMETRIC_REPRESENTATION_CONTEXT() REPRESENTATION_CONTEXT('2D SPACE',''
  ) );
#1277 = FACE_BOUND('',#1278,.F.);
#1278 = EDGE_LOOP('',(#1279));
#1279 = ORIENTED_EDGE('',*,*,#828,.F.);
#1280 = ADVANCED_FACE('',(#1281,#1469),#1099,.T.);
#1281 = FACE_BOUND('',#1282,.T.);
#1282 = EDGE_LOOP('',(#1283,#1313,#1341,#1362,#1363,#1386,#1414,#1442));
#1283 = ORIENTED_EDGE('',*,*,#1284,.F.);
#1284 = EDGE_CURVE('',#1285,#1287,#1289,.T.);
#1285 = VERTEX_POINT('',#1286);
#1286 = CARTESIAN_POINT('',(30.,-25.,9.));
#1287 = VERTEX_POINT('',#1288);
#1288 = CARTESIAN_POINT('',(30.,-15.58845726812,9.));
#1289 = SURFACE_CURVE('',#1290,(#1294,#1301),.PCURVE_S1.);
#1290 = LINE('',#1291,#1292);
#1291 = CARTESIAN_POINT('',(30.,-25.,9.));
#1292 = VECTOR('',#1293,1.);
#1293 = DIRECTION('',(0.,1.,0.));
#1294 = PCURVE('',#1099,#1295);
#1295 = DEFINITIONAL_REPRESENTATION('',(#1296),#1300);
#1296 = LINE('',#1297,#1298);
#1297 = CARTESIAN_POINT('',(18.,0.));
#1298 = VECTOR('',#1299,1.);
#1299 = DIRECTION('',(0.,-1.));
#1300 = ( GEOMETRIC_REPRESENTATION_CONTEXT(2) 
PARAMETRIC_REPRESENTATION_CONTEXT() REPRESENTATION_CONTEXT('2D SPACE',''
  ) );
#1301 = PCURVE('',#1302,#1307);
#1302 = PLANE('',#1303);
#1303 = AXIS2_PLACEMENT_3D('',#1304,#1305,#1306);
#1304 = CARTESIAN_POINT('',(-30.,-25.,9.));
#1305 = DIRECTION('',(0.,0.,1.));
#1306 = DIRECTION('',(1.,0.,0.));
#1307 = DEFINITIONAL_REPRESENTATION('',(#1308),#1312);
#1308 = LINE('',#1309,#1310);
#1309 = CARTESIAN_POINT('',(60.,0.));
#1310 = VECTOR('',#1311,1.);
#1311 = DIRECTION('',(0.,1.));
#1312 = ( GEOMETRIC_REPRESENTATION_CONTEXT(2) 
PARAMETRIC_REPRESENTATION_CONTEXT() REPRESENTATION_CONTEXT('2D SPACE',''
  ) );
#1313 = ORIENTED_EDGE('',*,*,#1314,.F.);
#1314 = EDGE_CURVE('',#1315,#1285,#1317,.T.);
#1315 = VERTEX_POINT('',#1316);
#1316 = CARTESIAN_POINT('',(30.,-25.,-9.));
#1317 = SURFACE_CURVE('',#1318,(#1322,#1329),.PCURVE_S1.);
#1318 = LINE('',#1319,#1320);
#1319 = CARTESIAN_POINT('',(30.,-25.,-9.));
#1320 = VECTOR('',#1321,1.);
#1321 = DIRECTION('',(0.,0.,1.));
#1322 = PCURVE('',#1099,#1323);
#1323 = DEFINITIONAL_REPRESENTATION('',(#1324),#1328);
#1324 = LINE('',#1325,#1326);
#1325 = CARTESIAN_POINT('',(0.,0.));
#1326 = VECTOR('',#1327,1.);
#1327 = DIRECTION('',(1.,0.));
#1328 = ( GEOMETRIC_REPRESENTATION_CONTEXT(2) 
PARAMETRIC_REPRESENTATION_CONTEXT() REPRESENTATION_CONTEXT('2D SPACE',''
  ) );
#1329 = PCURVE('',#1330,#1335);
#1330 = PLANE('',#1331);
#1331 = AXIS2_PLACEMENT_3D('',#1332,#1333,#1334);
#1332 = CARTESIAN_POINT('',(-30.,-25.,-9.));
#1333 = DIRECTION('',(0.,1.,0.));
#1334 = DIRECTION('',(0.,0.,1.));
#1335 = DEFINITIONAL_REPRESENTATION('',(#1336),#1340);
#1336 = LINE('',#1337,#1338);
#1337 = CARTESIAN_POINT('',(0.,60.));
#1338 = VECTOR('',#1339,1.);
#1339 = DIRECTION('',(1.,0.));
#1340 = ( GEOMETRIC_REPRESENTATION_CONTEXT(2) 
PARAMETRIC_REPRESENTATION_CONTEXT() REPRESENTATION_CONTEXT('2D SPACE',''
  ) );
#1341 = ORIENTED_EDGE('',*,*,#1342,.T.);
#1342 = EDGE_CURVE('',#1315,#1231,#1343,.T.);
#1343 = SURFACE_CURVE('',#1344,(#1348,#1355),.PCURVE_S1.);
#1344 = LINE('',#1345,#1346);
#1345 = CARTESIAN_POINT('',(30.,-25.,-9.));
#1346 = VECTOR('',#1347,1.);
#1347 = DIRECTION('',(0.,1.,0.));
#1348 = PCURVE('',#1099,#1349);
#1349 = DEFINITIONAL_REPRESENTATION('',(#1350),#1354);
#1350 = LINE('',#1351,#1352);
#1351 = CARTESIAN_POINT('',(0.,0.));
#1352 = VECTOR('',#1353,1.);
#1353 = DIRECTION('',(0.,-1.));
#1354 = ( GEOMETRIC_REPRESENTATION_CONTEXT(2) 
PARAMETRIC_REPRESENTATION_CONTEXT() REPRESENTATION_CONTEXT('2D SPACE',''
  ) );
#1355 = PCURVE('',#1245,#1356);
#1356 = DEFINITIONAL_REPRESENTATION('',(#1357),#1361);
#1357 = LINE('',#1358,#1359);
#1358 = CARTESIAN_POINT('',(60.,0.));
#1359 = VECTOR('',#1360,1.);
#1360 = DIRECTION('',(0.,1.));
#1361 = ( GEOMETRIC_REPRESENTATION_CONTEXT(2) 
PARAMETRIC_REPRESENTATION_CONTEXT() REPRESENTATION_CONTEXT('2D SPACE',''
  ) );
#1362 = ORIENTED_EDGE('',*,*,#1256,.T.);
#1363 = ORIENTED_EDGE('',*,*,#1364,.T.);
#1364 = EDGE_CURVE('',#1174,#1365,#1367,.T.);
#1365 = VERTEX_POINT('',#1366);
#1366 = CARTESIAN_POINT('',(30.,25.,-9.));
#1367 = SURFACE_CURVE('',#1368,(#1372,#1379),.PCURVE_S1.);
#1368 = LINE('',#1369,#1370);
#1369 = CARTESIAN_POINT('',(30.,-25.,-9.));
#1370 = VECTOR('',#1371,1.);
#1371 = DIRECTION('',(0.,1.,0.));
#1372 = PCURVE('',#1099,#1373);
#1373 = DEFINITIONAL_REPRESENTATION('',(#1374),#1378);
#1374 = LINE('',#1375,#1376);
#1375 = CARTESIAN_POINT('',(0.,0.));
#1376 = VECTOR('',#1377,1.);
#1377 = DIRECTION('',(0.,-1.));
#1378 = ( GEOMETRIC_REPRESENTATION_CONTEXT(2) 
PARAMETRIC_REPRESENTATION_CONTEXT() REPRESENTATION_CONTEXT('2D SPACE',''
  ) );
#1379 = PCURVE('',#1190,#1380);
#1380 = DEFINITIONAL_REPRESENTATION('',(#1381),#1385);
#1381 = LINE('',#1382,#1383);
#1382 = CARTESIAN_POINT('',(60.,0.));
#1383 = VECTOR('',#1384,1.);
#1384 = DIRECTION('',(0.,1.));
#1385 = ( GEOMETRIC_REPRESENTATION_CONTEXT(2) 
PARAMETRIC_REPRESENTATION_CONTEXT() REPRESENTATION_CONTEXT('2D SPACE',''
  ) );
#1386 = ORIENTED_EDGE('',*,*,#1387,.T.);
#1387 = EDGE_CURVE('',#1365,#1388,#1390,.T.);
#1388 = VERTEX_POINT('',#1389);
#1389 = CARTESIAN_POINT('',(30.,25.,9.));
#1390 = SURFACE_CURVE('',#1391,(#1395,#1402),.PCURVE_S1.);
#1391 = LINE('',#1392,#1393);
#1392 = CARTESIAN_POINT('',(30.,25.,-9.));
#1393 = VECTOR('',#1394,1.);
#1394 = DIRECTION('',(0.,0.,1.));
#1395 = PCURVE('',#1099,#1396);
#1396 = DEFINITIONAL_REPRESENTATION('',(#1397),#1401);
#1397 = LINE('',#1398,#1399);
#1398 = CARTESIAN_POINT('',(0.,-50.));
#1399 = VECTOR('',#1400,1.);
#1400 = DIRECTION('',(1.,0.));
#1401 = ( GEOMETRIC_REPRESENTATION_CONTEXT(2) 
PARAMETRIC_REPRESENTATION_CONTEXT() REPRESENTATION_CONTEXT('2D SPACE',''
  ) );
#1402 = PCURVE('',#1403,#1408);
#1403 = PLANE('',#1404);
#1404 = AXIS2_PLACEMENT_3D('',#1405,#1406,#1407);
#1405 = CARTESIAN_POINT('',(-30.,25.,-9.));
#1406 = DIRECTION('',(0.,1.,0.));
#1407 = DIRECTION('',(0.,0.,1.));
#1408 = DEFINITIONAL_REPRESENTATION('',(#1409),#1413);
#1409 = LINE('',#1410,#1411);
#1410 = CARTESIAN_POINT('',(0.,60.));
#1411 = VECTOR('',#1412,1.);
#1412 = DIRECTION('',(1.,0.));
#1413 = ( GEOMETRIC_REPRESENTATION_CONTEXT(2) 
PARAMETRIC_REPRESENTATION_CONTEXT() REPRESENTATION_CONTEXT('2D SPACE',''
  ) );
#1414 = ORIENTED_EDGE('',*,*,#1415,.F.);
#1415 = EDGE_CURVE('',#1416,#1388,#1418,.T.);
#1416 = VERTEX_POINT('',#1417);
#1417 = CARTESIAN_POINT('',(30.,15.58845726812,9.));
#1418 = SURFACE_CURVE('',#1419,(#1423,#1430),.PCURVE_S1.);
#1419 = LINE('',#1420,#1421);
#1420 = CARTESIAN_POINT('',(30.,-25.,9.));
#1421 = VECTOR('',#1422,1.);
#1422 = DIRECTION('',(0.,1.,0.));
#1423 = PCURVE('',#1099,#1424);
#1424 = DEFINITIONAL_REPRESENTATION('',(#1425),#1429);
#1425 = LINE('',#1426,#1427);
#1426 = CARTESIAN_POINT('',(18.,0.));
#1427 = VECTOR('',#1428,1.);
#1428 = DIRECTION('',(0.,-1.));
#1429 = ( GEOMETRIC_REPRESENTATION_CONTEXT(2) 
PARAMETRIC_REPRESENTATION_CONTEXT() REPRESENTATION_CONTEXT('2D SPACE',''
  ) );
#1430 = PCURVE('',#1431,#1436);
#1431 = PLANE('',#1432);
#1432 = AXIS2_PLACEMENT_3D('',#1433,#1434,#1435);
#1433 = CARTESIAN_POINT('',(-30.,-25.,9.));
#1434 = DIRECTION('',(0.,0.,1.));
#1435 = DIRECTION('',(1.,0.,0.));
#1436 = DEFINITIONAL_REPRESENTATION('',(#1437),#1441);
#1437 = LINE('',#1438,#1439);
#1438 = CARTESIAN_POINT('',(60.,0.));
#1439 = VECTOR('',#1440,1.);
#1440 = DIRECTION('',(0.,1.));
#1441 = ( GEOMETRIC_REPRESENTATION_CONTEXT(2) 
PARAMETRIC_REPRESENTATION_CONTEXT() REPRESENTATION_CONTEXT('2D SPACE',''
  ) );
#1442 = ORIENTED_EDGE('',*,*,#1443,.T.);
#1443 = EDGE_CURVE('',#1416,#1287,#1444,.T.);
#1444 = SURFACE_CURVE('',#1445,(#1450,#1457),.PCURVE_S1.);
#1445 = CIRCLE('',#1446,18.);
#1446 = AXIS2_PLACEMENT_3D('',#1447,#1448,#1449);
#1447 = CARTESIAN_POINT('',(30.,0.,0.));
#1448 = DIRECTION('',(1.,0.,0.));
#1449 = DIRECTION('',(0.,1.,0.));
#1450 = PCURVE('',#1099,#1451);
#1451 = DEFINITIONAL_REPRESENTATION('',(#1452),#1456);
#1452 = CIRCLE('',#1453,18.);
#1453 = AXIS2_PLACEMENT_2D('',#1454,#1455);
#1454 = CARTESIAN_POINT('',(9.,-25.));
#1455 = DIRECTION('',(0.,-1.));
#1456 = ( GEOMETRIC_REPRESENTATION_CONTEXT(2) 
PARAMETRIC_REPRESENTATION_CONTEXT() REPRESENTATION_CONTEXT('2D SPACE',''
  ) );
#1457 = PCURVE('',#1458,#1463);
#1458 = CYLINDRICAL_SURFACE('',#1459,18.);
#1459 = AXIS2_PLACEMENT_3D('',#1460,#1461,#1462);
#1460 = CARTESIAN_POINT('',(-30.,0.,0.));
#1461 = DIRECTION('',(-1.,-0.,-0.));
#1462 = DIRECTION('',(0.,1.,0.));
#1463 = DEFINITIONAL_REPRESENTATION('',(#1464),#1468);
#1464 = LINE('',#1465,#1466);
#1465 = CARTESIAN_POINT('',(-0.,-60.));
#1466 = VECTOR('',#1467,1.);
#1467 = DIRECTION('',(-1.,0.));
#1468 = ( GEOMETRIC_REPRESENTATION_CONTEXT(2) 
PARAMETRIC_REPRESENTATION_CONTEXT() REPRESENTATION_CONTEXT('2D SPACE',''
  ) );
#1469 = FACE_BOUND('',#1470,.T.);
#1470 = EDGE_LOOP('',(#1471));
#1471 = ORIENTED_EDGE('',*,*,#1084,.F.);
#1472 = ADVANCED_FACE('',(#1473,#1504),#1131,.F.);
#1473 = FACE_BOUND('',#1474,.F.);
#1474 = EDGE_LOOP('',(#1475));
#1475 = ORIENTED_EDGE('',*,*,#1476,.T.);
#1476 = EDGE_CURVE('',#1477,#1477,#1479,.T.);
#1477 = VERTEX_POINT('',#1478);
#1478 = CARTESIAN_POINT('',(-44.,5.15,0.));
#1479 = SURFACE_CURVE('',#1480,(#1485,#1492),.PCURVE_S1.);
#1480 = CIRCLE('',#1481,5.15);
#1481 = AXIS2_PLACEMENT_3D('',#1482,#1483,#1484);
#1482 = CARTESIAN_POINT('',(-44.,0.,0.));
#1483 = DIRECTION('',(1.,0.,0.));
#1484 = DIRECTION('',(0.,1.,0.));
#1485 = PCURVE('',#1131,#1486);
#1486 = DEFINITIONAL_REPRESENTATION('',(#1487),#1491);
#1487 = CIRCLE('',#1488,5.15);
#1488 = AXIS2_PLACEMENT_2D('',#1489,#1490);
#1489 = CARTESIAN_POINT('',(-5.529132197927E-17,-3.982835337493E-16));
#1490 = DIRECTION('',(0.,-1.));
#1491 = ( GEOMETRIC_REPRESENTATION_CONTEXT(2) 
PARAMETRIC_REPRESENTATION_CONTEXT() REPRESENTATION_CONTEXT('2D SPACE',''
  ) );
#1492 = PCURVE('',#1493,#1498);
#1493 = CYLINDRICAL_SURFACE('',#1494,5.15);
#1494 = AXIS2_PLACEMENT_3D('',#1495,#1496,#1497);
#1495 = CARTESIAN_POINT('',(-44.,0.,0.));
#1496 = DIRECTION('',(-1.,-0.,-0.));
#1497 = DIRECTION('',(0.,1.,0.));
#1498 = DEFINITIONAL_REPRESENTATION('',(#1499),#1503);
#1499 = LINE('',#1500,#1501);
#1500 = CARTESIAN_POINT('',(-0.,0.));
#1501 = VECTOR('',#1502,1.);
#1502 = DIRECTION('',(-1.,0.));
#1503 = ( GEOMETRIC_REPRESENTATION_CONTEXT(2) 
PARAMETRIC_REPRESENTATION_CONTEXT() REPRESENTATION_CONTEXT('2D SPACE',''
  ) );
#1504 = FACE_BOUND('',#1505,.F.);
#1505 = EDGE_LOOP('',(#1506));
#1506 = ORIENTED_EDGE('',*,*,#1114,.T.);
#1507 = ADVANCED_FACE('',(#1508),#1190,.F.);
#1508 = FACE_BOUND('',#1509,.F.);
#1509 = EDGE_LOOP('',(#1510,#1533,#1534,#1535));
#1510 = ORIENTED_EDGE('',*,*,#1511,.F.);
#1511 = EDGE_CURVE('',#1176,#1512,#1514,.T.);
#1512 = VERTEX_POINT('',#1513);
#1513 = CARTESIAN_POINT('',(-30.,25.,-9.));
#1514 = SURFACE_CURVE('',#1515,(#1519,#1526),.PCURVE_S1.);
#1515 = LINE('',#1516,#1517);
#1516 = CARTESIAN_POINT('',(-30.,-25.,-9.));
#1517 = VECTOR('',#1518,1.);
#1518 = DIRECTION('',(0.,1.,0.));
#1519 = PCURVE('',#1190,#1520);
#1520 = DEFINITIONAL_REPRESENTATION('',(#1521),#1525);
#1521 = LINE('',#1522,#1523);
#1522 = CARTESIAN_POINT('',(0.,0.));
#1523 = VECTOR('',#1524,1.);
#1524 = DIRECTION('',(0.,1.));
#1525 = ( GEOMETRIC_REPRESENTATION_CONTEXT(2) 
PARAMETRIC_REPRESENTATION_CONTEXT() REPRESENTATION_CONTEXT('2D SPACE',''
  ) );
#1526 = PCURVE('',#1218,#1527);
#1527 = DEFINITIONAL_REPRESENTATION('',(#1528),#1532);
#1528 = LINE('',#1529,#1530);
#1529 = CARTESIAN_POINT('',(0.,0.));
#1530 = VECTOR('',#1531,1.);
#1531 = DIRECTION('',(0.,-1.));
#1532 = ( GEOMETRIC_REPRESENTATION_CONTEXT(2) 
PARAMETRIC_REPRESENTATION_CONTEXT() REPRESENTATION_CONTEXT('2D SPACE',''
  ) );
#1533 = ORIENTED_EDGE('',*,*,#1173,.F.);
#1534 = ORIENTED_EDGE('',*,*,#1364,.T.);
#1535 = ORIENTED_EDGE('',*,*,#1536,.F.);
#1536 = EDGE_CURVE('',#1512,#1365,#1537,.T.);
#1537 = SURFACE_CURVE('',#1538,(#1542,#1549),.PCURVE_S1.);
#1538 = LINE('',#1539,#1540);
#1539 = CARTESIAN_POINT('',(-30.,25.,-9.));
#1540 = VECTOR('',#1541,1.);
#1541 = DIRECTION('',(1.,0.,0.));
#1542 = PCURVE('',#1190,#1543);
#1543 = DEFINITIONAL_REPRESENTATION('',(#1544),#1548);
#1544 = LINE('',#1545,#1546);
#1545 = CARTESIAN_POINT('',(0.,50.));
#1546 = VECTOR('',#1547,1.);
#1547 = DIRECTION('',(1.,0.));
#1548 = ( GEOMETRIC_REPRESENTATION_CONTEXT(2) 
PARAMETRIC_REPRESENTATION_CONTEXT() REPRESENTATION_CONTEXT('2D SPACE',''
  ) );
#1549 = PCURVE('',#1403,#1550);
#1550 = DEFINITIONAL_REPRESENTATION('',(#1551),#1555);
#1551 = LINE('',#1552,#1553);
#1552 = CARTESIAN_POINT('',(0.,0.));
#1553 = VECTOR('',#1554,1.);
#1554 = DIRECTION('',(0.,1.));
#1555 = ( GEOMETRIC_REPRESENTATION_CONTEXT(2) 
PARAMETRIC_REPRESENTATION_CONTEXT() REPRESENTATION_CONTEXT('2D SPACE',''
  ) );
#1556 = ADVANCED_FACE('',(#1557,#1698),#1218,.F.);
#1557 = FACE_BOUND('',#1558,.F.);
#1558 = EDGE_LOOP('',(#1559,#1584,#1607,#1628,#1629,#1630,#1653,#1676));
#1559 = ORIENTED_EDGE('',*,*,#1560,.F.);
#1560 = EDGE_CURVE('',#1561,#1563,#1565,.T.);
#1561 = VERTEX_POINT('',#1562);
#1562 = CARTESIAN_POINT('',(-30.,-25.,9.));
#1563 = VERTEX_POINT('',#1564);
#1564 = CARTESIAN_POINT('',(-30.,-15.58845726812,9.));
#1565 = SURFACE_CURVE('',#1566,(#1570,#1577),.PCURVE_S1.);
#1566 = LINE('',#1567,#1568);
#1567 = CARTESIAN_POINT('',(-30.,-25.,9.));
#1568 = VECTOR('',#1569,1.);
#1569 = DIRECTION('',(0.,1.,0.));
#1570 = PCURVE('',#1218,#1571);
#1571 = DEFINITIONAL_REPRESENTATION('',(#1572),#1576);
#1572 = LINE('',#1573,#1574);
#1573 = CARTESIAN_POINT('',(18.,0.));
#1574 = VECTOR('',#1575,1.);
#1575 = DIRECTION('',(0.,-1.));
#1576 = ( GEOMETRIC_REPRESENTATION_CONTEXT(2) 
PARAMETRIC_REPRESENTATION_CONTEXT() REPRESENTATION_CONTEXT('2D SPACE',''
  ) );
#1577 = PCURVE('',#1302,#1578);
#1578 = DEFINITIONAL_REPRESENTATION('',(#1579),#1583);
#1579 = LINE('',#1580,#1581);
#1580 = CARTESIAN_POINT('',(0.,0.));
#1581 = VECTOR('',#1582,1.);
#1582 = DIRECTION('',(0.,1.));
#1583 = ( GEOMETRIC_REPRESENTATION_CONTEXT(2) 
PARAMETRIC_REPRESENTATION_CONTEXT() REPRESENTATION_CONTEXT('2D SPACE',''
  ) );
#1584 = ORIENTED_EDGE('',*,*,#1585,.F.);
#1585 = EDGE_CURVE('',#1586,#1561,#1588,.T.);
#1586 = VERTEX_POINT('',#1587);
#1587 = CARTESIAN_POINT('',(-30.,-25.,-9.));
#1588 = SURFACE_CURVE('',#1589,(#1593,#1600),.PCURVE_S1.);
#1589 = LINE('',#1590,#1591);
#1590 = CARTESIAN_POINT('',(-30.,-25.,-9.));
#1591 = VECTOR('',#1592,1.);
#1592 = DIRECTION('',(0.,0.,1.));
#1593 = PCURVE('',#1218,#1594);
#1594 = DEFINITIONAL_REPRESENTATION('',(#1595),#1599);
#1595 = LINE('',#1596,#1597);
#1596 = CARTESIAN_POINT('',(0.,0.));
#1597 = VECTOR('',#1598,1.);
#1598 = DIRECTION('',(1.,0.));
#1599 = ( GEOMETRIC_REPRESENTATION_CONTEXT(2) 
PARAMETRIC_REPRESENTATION_CONTEXT() REPRESENTATION_CONTEXT('2D SPACE',''
  ) );
#1600 = PCURVE('',#1330,#1601);
#1601 = DEFINITIONAL_REPRESENTATION('',(#1602),#1606);
#1602 = LINE('',#1603,#1604);
#1603 = CARTESIAN_POINT('',(0.,0.));
#1604 = VECTOR('',#1605,1.);
#1605 = DIRECTION('',(1.,0.));
#1606 = ( GEOMETRIC_REPRESENTATION_CONTEXT(2) 
PARAMETRIC_REPRESENTATION_CONTEXT() REPRESENTATION_CONTEXT('2D SPACE',''
  ) );
#1607 = ORIENTED_EDGE('',*,*,#1608,.T.);
#1608 = EDGE_CURVE('',#1586,#1202,#1609,.T.);
#1609 = SURFACE_CURVE('',#1610,(#1614,#1621),.PCURVE_S1.);
#1610 = LINE('',#1611,#1612);
#1611 = CARTESIAN_POINT('',(-30.,-25.,-9.));
#1612 = VECTOR('',#1613,1.);
#1613 = DIRECTION('',(0.,1.,0.));
#1614 = PCURVE('',#1218,#1615);
#1615 = DEFINITIONAL_REPRESENTATION('',(#1616),#1620);
#1616 = LINE('',#1617,#1618);
#1617 = CARTESIAN_POINT('',(0.,0.));
#1618 = VECTOR('',#1619,1.);
#1619 = DIRECTION('',(0.,-1.));
#1620 = ( GEOMETRIC_REPRESENTATION_CONTEXT(2) 
PARAMETRIC_REPRESENTATION_CONTEXT() REPRESENTATION_CONTEXT('2D SPACE',''
  ) );
#1621 = PCURVE('',#1245,#1622);
#1622 = DEFINITIONAL_REPRESENTATION('',(#1623),#1627);
#1623 = LINE('',#1624,#1625);
#1624 = CARTESIAN_POINT('',(0.,0.));
#1625 = VECTOR('',#1626,1.);
#1626 = DIRECTION('',(0.,1.));
#1627 = ( GEOMETRIC_REPRESENTATION_CONTEXT(2) 
PARAMETRIC_REPRESENTATION_CONTEXT() REPRESENTATION_CONTEXT('2D SPACE',''
  ) );
#1628 = ORIENTED_EDGE('',*,*,#1201,.T.);
#1629 = ORIENTED_EDGE('',*,*,#1511,.T.);
#1630 = ORIENTED_EDGE('',*,*,#1631,.T.);
#1631 = EDGE_CURVE('',#1512,#1632,#1634,.T.);
#1632 = VERTEX_POINT('',#1633);
#1633 = CARTESIAN_POINT('',(-30.,25.,9.));
#1634 = SURFACE_CURVE('',#1635,(#1639,#1646),.PCURVE_S1.);
#1635 = LINE('',#1636,#1637);
#1636 = CARTESIAN_POINT('',(-30.,25.,-9.));
#1637 = VECTOR('',#1638,1.);
#1638 = DIRECTION('',(0.,0.,1.));
#1639 = PCURVE('',#1218,#1640);
#1640 = DEFINITIONAL_REPRESENTATION('',(#1641),#1645);
#1641 = LINE('',#1642,#1643);
#1642 = CARTESIAN_POINT('',(0.,-50.));
#1643 = VECTOR('',#1644,1.);
#1644 = DIRECTION('',(1.,0.));
#1645 = ( GEOMETRIC_REPRESENTATION_CONTEXT(2) 
PARAMETRIC_REPRESENTATION_CONTEXT() REPRESENTATION_CONTEXT('2D SPACE',''
  ) );
#1646 = PCURVE('',#1403,#1647);
#1647 = DEFINITIONAL_REPRESENTATION('',(#1648),#1652);
#1648 = LINE('',#1649,#1650);
#1649 = CARTESIAN_POINT('',(0.,0.));
#1650 = VECTOR('',#1651,1.);
#1651 = DIRECTION('',(1.,0.));
#1652 = ( GEOMETRIC_REPRESENTATION_CONTEXT(2) 
PARAMETRIC_REPRESENTATION_CONTEXT() REPRESENTATION_CONTEXT('2D SPACE',''
  ) );
#1653 = ORIENTED_EDGE('',*,*,#1654,.F.);
#1654 = EDGE_CURVE('',#1655,#1632,#1657,.T.);
#1655 = VERTEX_POINT('',#1656);
#1656 = CARTESIAN_POINT('',(-30.,15.58845726812,9.));
#1657 = SURFACE_CURVE('',#1658,(#1662,#1669),.PCURVE_S1.);
#1658 = LINE('',#1659,#1660);
#1659 = CARTESIAN_POINT('',(-30.,-25.,9.));
#1660 = VECTOR('',#1661,1.);
#1661 = DIRECTION('',(0.,1.,0.));
#1662 = PCURVE('',#1218,#1663);
#1663 = DEFINITIONAL_REPRESENTATION('',(#1664),#1668);
#1664 = LINE('',#1665,#1666);
#1665 = CARTESIAN_POINT('',(18.,0.));
#1666 = VECTOR('',#1667,1.);
#1667 = DIRECTION('',(0.,-1.));
#1668 = ( GEOMETRIC_REPRESENTATION_CONTEXT(2) 
PARAMETRIC_REPRESENTATION_CONTEXT() REPRESENTATION_CONTEXT('2D SPACE',''
  ) );
#1669 = PCURVE('',#1431,#1670);
#1670 = DEFINITIONAL_REPRESENTATION('',(#1671),#1675);
#1671 = LINE('',#1672,#1673);
#1672 = CARTESIAN_POINT('',(0.,0.));
#1673 = VECTOR('',#1674,1.);
#1674 = DIRECTION('',(0.,1.));
#1675 = ( GEOMETRIC_REPRESENTATION_CONTEXT(2) 
PARAMETRIC_REPRESENTATION_CONTEXT() REPRESENTATION_CONTEXT('2D SPACE',''
  ) );
#1676 = ORIENTED_EDGE('',*,*,#1677,.T.);
#1677 = EDGE_CURVE('',#1655,#1563,#1678,.T.);
#1678 = SURFACE_CURVE('',#1679,(#1684,#1691),.PCURVE_S1.);
#1679 = CIRCLE('',#1680,18.);
#1680 = AXIS2_PLACEMENT_3D('',#1681,#1682,#1683);
#1681 = CARTESIAN_POINT('',(-30.,0.,0.));
#1682 = DIRECTION('',(1.,0.,0.));
#1683 = DIRECTION('',(0.,1.,0.));
#1684 = PCURVE('',#1218,#1685);
#1685 = DEFINITIONAL_REPRESENTATION('',(#1686),#1690);
#1686 = CIRCLE('',#1687,18.);
#1687 = AXIS2_PLACEMENT_2D('',#1688,#1689);
#1688 = CARTESIAN_POINT('',(9.,-25.));
#1689 = DIRECTION('',(0.,-1.));
#1690 = ( GEOMETRIC_REPRESENTATION_CONTEXT(2) 
PARAMETRIC_REPRESENTATION_CONTEXT() REPRESENTATION_CONTEXT('2D SPACE',''
  ) );
#1691 = PCURVE('',#1458,#1692);
#1692 = DEFINITIONAL_REPRESENTATION('',(#1693),#1697);
#1693 = LINE('',#1694,#1695);
#1694 = CARTESIAN_POINT('',(-0.,0.));
#1695 = VECTOR('',#1696,1.);
#1696 = DIRECTION('',(-1.,0.));
#1697 = ( GEOMETRIC_REPRESENTATION_CONTEXT(2) 
PARAMETRIC_REPRESENTATION_CONTEXT() REPRESENTATION_CONTEXT('2D SPACE',''
  ) );
#1698 = FACE_BOUND('',#1699,.F.);
#1699 = EDGE_LOOP('',(#1700));
#1700 = ORIENTED_EDGE('',*,*,#1701,.F.);
#1701 = EDGE_CURVE('',#1702,#1702,#1704,.T.);
#1702 = VERTEX_POINT('',#1703);
#1703 = CARTESIAN_POINT('',(-30.,5.,0.));
#1704 = SURFACE_CURVE('',#1705,(#1710,#1717),.PCURVE_S1.);
#1705 = CIRCLE('',#1706,5.);
#1706 = AXIS2_PLACEMENT_3D('',#1707,#1708,#1709);
#1707 = CARTESIAN_POINT('',(-30.,0.,0.));
#1708 = DIRECTION('',(1.,0.,0.));
#1709 = DIRECTION('',(0.,1.,0.));
#1710 = PCURVE('',#1218,#1711);
#1711 = DEFINITIONAL_REPRESENTATION('',(#1712),#1716);
#1712 = CIRCLE('',#1713,5.);
#1713 = AXIS2_PLACEMENT_2D('',#1714,#1715);
#1714 = CARTESIAN_POINT('',(9.,-25.));
#1715 = DIRECTION('',(0.,-1.));
#1716 = ( GEOMETRIC_REPRESENTATION_CONTEXT(2) 
PARAMETRIC_REPRESENTATION_CONTEXT() REPRESENTATION_CONTEXT('2D SPACE',''
  ) );
#1717 = PCURVE('',#1718,#1723);
#1718 = CYLINDRICAL_SURFACE('',#1719,5.);
#1719 = AXIS2_PLACEMENT_3D('',#1720,#1721,#1722);
#1720 = CARTESIAN_POINT('',(-35.,0.,0.));
#1721 = DIRECTION('',(-1.,-0.,-0.));
#1722 = DIRECTION('',(0.,1.,0.));
#1723 = DEFINITIONAL_REPRESENTATION('',(#1724),#1728);
#1724 = LINE('',#1725,#1726);
#1725 = CARTESIAN_POINT('',(-0.,-5.));
#1726 = VECTOR('',#1727,1.);
#1727 = DIRECTION('',(-1.,0.));
#1728 = ( GEOMETRIC_REPRESENTATION_CONTEXT(2) 
PARAMETRIC_REPRESENTATION_CONTEXT() REPRESENTATION_CONTEXT('2D SPACE',''
  ) );
#1729 = ADVANCED_FACE('',(#1730),#1245,.F.);
#1730 = FACE_BOUND('',#1731,.F.);
#1731 = EDGE_LOOP('',(#1732,#1733,#1754,#1755));
#1732 = ORIENTED_EDGE('',*,*,#1608,.F.);
#1733 = ORIENTED_EDGE('',*,*,#1734,.T.);
#1734 = EDGE_CURVE('',#1586,#1315,#1735,.T.);
#1735 = SURFACE_CURVE('',#1736,(#1740,#1747),.PCURVE_S1.);
#1736 = LINE('',#1737,#1738);
#1737 = CARTESIAN_POINT('',(-30.,-25.,-9.));
#1738 = VECTOR('',#1739,1.);
#1739 = DIRECTION('',(1.,0.,0.));
#1740 = PCURVE('',#1245,#1741);
#1741 = DEFINITIONAL_REPRESENTATION('',(#1742),#1746);
#1742 = LINE('',#1743,#1744);
#1743 = CARTESIAN_POINT('',(0.,0.));
#1744 = VECTOR('',#1745,1.);
#1745 = DIRECTION('',(1.,0.));
#1746 = ( GEOMETRIC_REPRESENTATION_CONTEXT(2) 
PARAMETRIC_REPRESENTATION_CONTEXT() REPRESENTATION_CONTEXT('2D SPACE',''
  ) );
#1747 = PCURVE('',#1330,#1748);
#1748 = DEFINITIONAL_REPRESENTATION('',(#1749),#1753);
#1749 = LINE('',#1750,#1751);
#1750 = CARTESIAN_POINT('',(0.,0.));
#1751 = VECTOR('',#1752,1.);
#1752 = DIRECTION('',(0.,1.));
#1753 = ( GEOMETRIC_REPRESENTATION_CONTEXT(2) 
PARAMETRIC_REPRESENTATION_CONTEXT() REPRESENTATION_CONTEXT('2D SPACE',''
  ) );
#1754 = ORIENTED_EDGE('',*,*,#1342,.T.);
#1755 = ORIENTED_EDGE('',*,*,#1230,.T.);
#1756 = ADVANCED_FACE('',(#1757),#1302,.T.);
#1757 = FACE_BOUND('',#1758,.T.);
#1758 = EDGE_LOOP('',(#1759,#1760,#1781,#1782,#1803,#1831,#1859,#1887));
#1759 = ORIENTED_EDGE('',*,*,#1560,.F.);
#1760 = ORIENTED_EDGE('',*,*,#1761,.T.);
#1761 = EDGE_CURVE('',#1561,#1285,#1762,.T.);
#1762 = SURFACE_CURVE('',#1763,(#1767,#1774),.PCURVE_S1.);
#1763 = LINE('',#1764,#1765);
#1764 = CARTESIAN_POINT('',(-30.,-25.,9.));
#1765 = VECTOR('',#1766,1.);
#1766 = DIRECTION('',(1.,0.,0.));
#1767 = PCURVE('',#1302,#1768);
#1768 = DEFINITIONAL_REPRESENTATION('',(#1769),#1773);
#1769 = LINE('',#1770,#1771);
#1770 = CARTESIAN_POINT('',(0.,0.));
#1771 = VECTOR('',#1772,1.);
#1772 = DIRECTION('',(1.,0.));
#1773 = ( GEOMETRIC_REPRESENTATION_CONTEXT(2) 
PARAMETRIC_REPRESENTATION_CONTEXT() REPRESENTATION_CONTEXT('2D SPACE',''
  ) );
#1774 = PCURVE('',#1330,#1775);
#1775 = DEFINITIONAL_REPRESENTATION('',(#1776),#1780);
#1776 = LINE('',#1777,#1778);
#1777 = CARTESIAN_POINT('',(18.,0.));
#1778 = VECTOR('',#1779,1.);
#1779 = DIRECTION('',(0.,1.));
#1780 = ( GEOMETRIC_REPRESENTATION_CONTEXT(2) 
PARAMETRIC_REPRESENTATION_CONTEXT() REPRESENTATION_CONTEXT('2D SPACE',''
  ) );
#1781 = ORIENTED_EDGE('',*,*,#1284,.T.);
#1782 = ORIENTED_EDGE('',*,*,#1783,.T.);
#1783 = EDGE_CURVE('',#1287,#1784,#1786,.T.);
#1784 = VERTEX_POINT('',#1785);
#1785 = CARTESIAN_POINT('',(29.,-15.58845726812,9.));
#1786 = SURFACE_CURVE('',#1787,(#1791,#1797),.PCURVE_S1.);
#1787 = LINE('',#1788,#1789);
#1788 = CARTESIAN_POINT('',(-30.,-15.58845726812,9.));
#1789 = VECTOR('',#1790,1.);
#1790 = DIRECTION('',(-1.,-0.,-0.));
#1791 = PCURVE('',#1302,#1792);
#1792 = DEFINITIONAL_REPRESENTATION('',(#1793),#1796);
#1793 = B_SPLINE_CURVE_WITH_KNOTS('',1,(#1794,#1795),.UNSPECIFIED.,.F.,
  .F.,(2,2),(-60.0000006,5.999999999062E-07),.PIECEWISE_BEZIER_KNOTS.);
#1794 = CARTESIAN_POINT('',(60.0000006,9.41154273188));
#1795 = CARTESIAN_POINT('',(-5.999999999062E-07,9.41154273188));
#1796 = ( GEOMETRIC_REPRESENTATION_CONTEXT(2) 
PARAMETRIC_REPRESENTATION_CONTEXT() REPRESENTATION_CONTEXT('2D SPACE',''
  ) );
#1797 = PCURVE('',#1458,#1798);
#1798 = DEFINITIONAL_REPRESENTATION('',(#1799),#1802);
#1799 = B_SPLINE_CURVE_WITH_KNOTS('',1,(#1800,#1801),.UNSPECIFIED.,.F.,
  .F.,(2,2),(-60.0000006,5.999999999062E-07),.PIECEWISE_BEZIER_KNOTS.);
#1800 = CARTESIAN_POINT('',(-2.617993877991,-60.0000006));
#1801 = CARTESIAN_POINT('',(-2.617993877991,5.999999999062E-07));
#1802 = ( GEOMETRIC_REPRESENTATION_CONTEXT(2) 
PARAMETRIC_REPRESENTATION_CONTEXT() REPRESENTATION_CONTEXT('2D SPACE',''
  ) );
#1803 = ORIENTED_EDGE('',*,*,#1804,.F.);
#1804 = EDGE_CURVE('',#1805,#1784,#1807,.T.);
#1805 = VERTEX_POINT('',#1806);
#1806 = CARTESIAN_POINT('',(29.,-21.5,9.));
#1807 = SURFACE_CURVE('',#1808,(#1812,#1819),.PCURVE_S1.);
#1808 = LINE('',#1809,#1810);
#1809 = CARTESIAN_POINT('',(29.,-21.5,9.));
#1810 = VECTOR('',#1811,1.);
#1811 = DIRECTION('',(0.,1.,0.));
#1812 = PCURVE('',#1302,#1813);
#1813 = DEFINITIONAL_REPRESENTATION('',(#1814),#1818);
#1814 = LINE('',#1815,#1816);
#1815 = CARTESIAN_POINT('',(59.,3.5));
#1816 = VECTOR('',#1817,1.);
#1817 = DIRECTION('',(0.,1.));
#1818 = ( GEOMETRIC_REPRESENTATION_CONTEXT(2) 
PARAMETRIC_REPRESENTATION_CONTEXT() REPRESENTATION_CONTEXT('2D SPACE',''
  ) );
#1819 = PCURVE('',#1820,#1825);
#1820 = PLANE('',#1821);
#1821 = AXIS2_PLACEMENT_3D('',#1822,#1823,#1824);
#1822 = CARTESIAN_POINT('',(29.,-21.5,9.));
#1823 = DIRECTION('',(1.,0.,0.));
#1824 = DIRECTION('',(0.,0.,1.));
#1825 = DEFINITIONAL_REPRESENTATION('',(#1826),#1830);
#1826 = LINE('',#1827,#1828);
#1827 = CARTESIAN_POINT('',(0.,0.));
#1828 = VECTOR('',#1829,1.);
#1829 = DIRECTION('',(0.,-1.));
#1830 = ( GEOMETRIC_REPRESENTATION_CONTEXT(2) 
PARAMETRIC_REPRESENTATION_CONTEXT() REPRESENTATION_CONTEXT('2D SPACE',''
  ) );
#1831 = ORIENTED_EDGE('',*,*,#1832,.F.);
#1832 = EDGE_CURVE('',#1833,#1805,#1835,.T.);
#1833 = VERTEX_POINT('',#1834);
#1834 = CARTESIAN_POINT('',(-29.,-21.5,9.));
#1835 = SURFACE_CURVE('',#1836,(#1840,#1847),.PCURVE_S1.);
#1836 = LINE('',#1837,#1838);
#1837 = CARTESIAN_POINT('',(-29.,-21.5,9.));
#1838 = VECTOR('',#1839,1.);
#1839 = DIRECTION('',(1.,0.,0.));
#1840 = PCURVE('',#1302,#1841);
#1841 = DEFINITIONAL_REPRESENTATION('',(#1842),#1846);
#1842 = LINE('',#1843,#1844);
#1843 = CARTESIAN_POINT('',(1.,3.5));
#1844 = VECTOR('',#1845,1.);
#1845 = DIRECTION('',(1.,0.));
#1846 = ( GEOMETRIC_REPRESENTATION_CONTEXT(2) 
PARAMETRIC_REPRESENTATION_CONTEXT() REPRESENTATION_CONTEXT('2D SPACE',''
  ) );
#1847 = PCURVE('',#1848,#1853);
#1848 = PLANE('',#1849);
#1849 = AXIS2_PLACEMENT_3D('',#1850,#1851,#1852);
#1850 = CARTESIAN_POINT('',(-29.,-21.5,9.));
#1851 = DIRECTION('',(0.,1.,0.));
#1852 = DIRECTION('',(0.,0.,1.));
#1853 = DEFINITIONAL_REPRESENTATION('',(#1854),#1858);
#1854 = LINE('',#1855,#1856);
#1855 = CARTESIAN_POINT('',(0.,0.));
#1856 = VECTOR('',#1857,1.);
#1857 = DIRECTION('',(0.,1.));
#1858 = ( GEOMETRIC_REPRESENTATION_CONTEXT(2) 
PARAMETRIC_REPRESENTATION_CONTEXT() REPRESENTATION_CONTEXT('2D SPACE',''
  ) );
#1859 = ORIENTED_EDGE('',*,*,#1860,.T.);
#1860 = EDGE_CURVE('',#1833,#1861,#1863,.T.);
#1861 = VERTEX_POINT('',#1862);
#1862 = CARTESIAN_POINT('',(-29.,-15.58845726812,9.));
#1863 = SURFACE_CURVE('',#1864,(#1868,#1875),.PCURVE_S1.);
#1864 = LINE('',#1865,#1866);
#1865 = CARTESIAN_POINT('',(-29.,-21.5,9.));
#1866 = VECTOR('',#1867,1.);
#1867 = DIRECTION('',(0.,1.,0.));
#1868 = PCURVE('',#1302,#1869);
#1869 = DEFINITIONAL_REPRESENTATION('',(#1870),#1874);
#1870 = LINE('',#1871,#1872);
#1871 = CARTESIAN_POINT('',(1.,3.5));
#1872 = VECTOR('',#1873,1.);
#1873 = DIRECTION('',(0.,1.));
#1874 = ( GEOMETRIC_REPRESENTATION_CONTEXT(2) 
PARAMETRIC_REPRESENTATION_CONTEXT() REPRESENTATION_CONTEXT('2D SPACE',''
  ) );
#1875 = PCURVE('',#1876,#1881);
#1876 = PLANE('',#1877);
#1877 = AXIS2_PLACEMENT_3D('',#1878,#1879,#1880);
#1878 = CARTESIAN_POINT('',(-29.,-21.5,9.));
#1879 = DIRECTION('',(1.,0.,0.));
#1880 = DIRECTION('',(0.,0.,1.));
#1881 = DEFINITIONAL_REPRESENTATION('',(#1882),#1886);
#1882 = LINE('',#1883,#1884);
#1883 = CARTESIAN_POINT('',(0.,0.));
#1884 = VECTOR('',#1885,1.);
#1885 = DIRECTION('',(0.,-1.));
#1886 = ( GEOMETRIC_REPRESENTATION_CONTEXT(2) 
PARAMETRIC_REPRESENTATION_CONTEXT() REPRESENTATION_CONTEXT('2D SPACE',''
  ) );
#1887 = ORIENTED_EDGE('',*,*,#1888,.T.);
#1888 = EDGE_CURVE('',#1861,#1563,#1889,.T.);
#1889 = SURFACE_CURVE('',#1890,(#1894,#1900),.PCURVE_S1.);
#1890 = LINE('',#1891,#1892);
#1891 = CARTESIAN_POINT('',(-30.,-15.58845726812,9.));
#1892 = VECTOR('',#1893,1.);
#1893 = DIRECTION('',(-1.,-0.,-0.));
#1894 = PCURVE('',#1302,#1895);
#1895 = DEFINITIONAL_REPRESENTATION('',(#1896),#1899);
#1896 = B_SPLINE_CURVE_WITH_KNOTS('',1,(#1897,#1898),.UNSPECIFIED.,.F.,
  .F.,(2,2),(-60.0000006,5.999999999062E-07),.PIECEWISE_BEZIER_KNOTS.);
#1897 = CARTESIAN_POINT('',(60.0000006,9.41154273188));
#1898 = CARTESIAN_POINT('',(-5.999999999062E-07,9.41154273188));
#1899 = ( GEOMETRIC_REPRESENTATION_CONTEXT(2) 
PARAMETRIC_REPRESENTATION_CONTEXT() REPRESENTATION_CONTEXT('2D SPACE',''
  ) );
#1900 = PCURVE('',#1458,#1901);
#1901 = DEFINITIONAL_REPRESENTATION('',(#1902),#1905);
#1902 = B_SPLINE_CURVE_WITH_KNOTS('',1,(#1903,#1904),.UNSPECIFIED.,.F.,
  .F.,(2,2),(-60.0000006,5.999999999062E-07),.PIECEWISE_BEZIER_KNOTS.);
#1903 = CARTESIAN_POINT('',(-2.617993877991,-60.0000006));
#1904 = CARTESIAN_POINT('',(-2.617993877991,5.999999999062E-07));
#1905 = ( GEOMETRIC_REPRESENTATION_CONTEXT(2) 
PARAMETRIC_REPRESENTATION_CONTEXT() REPRESENTATION_CONTEXT('2D SPACE',''
  ) );
#1906 = ADVANCED_FACE('',(#1907),#1330,.F.);
#1907 = FACE_BOUND('',#1908,.F.);
#1908 = EDGE_LOOP('',(#1909,#1910,#1911,#1912));
#1909 = ORIENTED_EDGE('',*,*,#1734,.F.);
#1910 = ORIENTED_EDGE('',*,*,#1585,.T.);
#1911 = ORIENTED_EDGE('',*,*,#1761,.T.);
#1912 = ORIENTED_EDGE('',*,*,#1314,.F.);
#1913 = ADVANCED_FACE('',(#1914,#2132),#1458,.T.);
#1914 = FACE_BOUND('',#1915,.F.);
#1915 = EDGE_LOOP('',(#1916,#1917,#1938,#1971,#1997,#2030,#2049,#2050,
    #2051,#2079,#2105,#2131));
#1916 = ORIENTED_EDGE('',*,*,#1677,.F.);
#1917 = ORIENTED_EDGE('',*,*,#1918,.F.);
#1918 = EDGE_CURVE('',#1919,#1655,#1921,.T.);
#1919 = VERTEX_POINT('',#1920);
#1920 = CARTESIAN_POINT('',(-29.,15.58845726812,9.));
#1921 = SURFACE_CURVE('',#1922,(#1926,#1932),.PCURVE_S1.);
#1922 = LINE('',#1923,#1924);
#1923 = CARTESIAN_POINT('',(-30.,15.58845726812,9.));
#1924 = VECTOR('',#1925,1.);
#1925 = DIRECTION('',(-1.,-0.,-0.));
#1926 = PCURVE('',#1458,#1927);
#1927 = DEFINITIONAL_REPRESENTATION('',(#1928),#1931);
#1928 = B_SPLINE_CURVE_WITH_KNOTS('',1,(#1929,#1930),.UNSPECIFIED.,.F.,
  .F.,(2,2),(-60.0000006,5.999999999062E-07),.PIECEWISE_BEZIER_KNOTS.);
#1929 = CARTESIAN_POINT('',(-0.523598775598,-60.0000006));
#1930 = CARTESIAN_POINT('',(-0.523598775598,5.999999999062E-07));
#1931 = ( GEOMETRIC_REPRESENTATION_CONTEXT(2) 
PARAMETRIC_REPRESENTATION_CONTEXT() REPRESENTATION_CONTEXT('2D SPACE',''
  ) );
#1932 = PCURVE('',#1431,#1933);
#1933 = DEFINITIONAL_REPRESENTATION('',(#1934),#1937);
#1934 = B_SPLINE_CURVE_WITH_KNOTS('',1,(#1935,#1936),.UNSPECIFIED.,.F.,
  .F.,(2,2),(-60.0000006,5.999999999062E-07),.PIECEWISE_BEZIER_KNOTS.);
#1935 = CARTESIAN_POINT('',(60.0000006,40.58845726812));
#1936 = CARTESIAN_POINT('',(-5.999999999062E-07,40.58845726812));
#1937 = ( GEOMETRIC_REPRESENTATION_CONTEXT(2) 
PARAMETRIC_REPRESENTATION_CONTEXT() REPRESENTATION_CONTEXT('2D SPACE',''
  ) );
#1938 = ORIENTED_EDGE('',*,*,#1939,.F.);
#1939 = EDGE_CURVE('',#1940,#1919,#1942,.T.);
#1940 = VERTEX_POINT('',#1941);
#1941 = CARTESIAN_POINT('',(-29.,5.9160797831,17.));
#1942 = SURFACE_CURVE('',#1943,(#1948,#1955),.PCURVE_S1.);
#1943 = CIRCLE('',#1944,18.);
#1944 = AXIS2_PLACEMENT_3D('',#1945,#1946,#1947);
#1945 = CARTESIAN_POINT('',(-29.,0.,0.));
#1946 = DIRECTION('',(-1.,0.,0.));
#1947 = DIRECTION('',(0.,1.,0.));
#1948 = PCURVE('',#1458,#1949);
#1949 = DEFINITIONAL_REPRESENTATION('',(#1950),#1954);
#1950 = LINE('',#1951,#1952);
#1951 = CARTESIAN_POINT('',(-6.28318530718,-1.));
#1952 = VECTOR('',#1953,1.);
#1953 = DIRECTION('',(1.,-0.));
#1954 = ( GEOMETRIC_REPRESENTATION_CONTEXT(2) 
PARAMETRIC_REPRESENTATION_CONTEXT() REPRESENTATION_CONTEXT('2D SPACE',''
  ) );
#1955 = PCURVE('',#1956,#1961);
#1956 = PLANE('',#1957);
#1957 = AXIS2_PLACEMENT_3D('',#1958,#1959,#1960);
#1958 = CARTESIAN_POINT('',(-29.,-21.5,9.));
#1959 = DIRECTION('',(1.,0.,0.));
#1960 = DIRECTION('',(0.,0.,1.));
#1961 = DEFINITIONAL_REPRESENTATION('',(#1962),#1970);
#1962 = ( BOUNDED_CURVE() B_SPLINE_CURVE(2,(#1963,#1964,#1965,#1966,
#1967,#1968,#1969),.UNSPECIFIED.,.T.,.F.) B_SPLINE_CURVE_WITH_KNOTS((1,2
    ,2,2,2,1),(-2.094395102393,0.,2.094395102393,4.188790204786,
6.28318530718,8.377580409573),.UNSPECIFIED.) CURVE() 
GEOMETRIC_REPRESENTATION_ITEM() RATIONAL_B_SPLINE_CURVE((1.,0.5,1.,0.5,
1.,0.5,1.)) REPRESENTATION_ITEM('') );
#1963 = CARTESIAN_POINT('',(-9.,-39.5));
#1964 = CARTESIAN_POINT('',(-40.17691453624,-39.5));
#1965 = CARTESIAN_POINT('',(-24.58845726812,-12.5));
#1966 = CARTESIAN_POINT('',(-9.,14.5));
#1967 = CARTESIAN_POINT('',(6.58845726812,-12.5));
#1968 = CARTESIAN_POINT('',(22.17691453624,-39.5));
#1969 = CARTESIAN_POINT('',(-9.,-39.5));
#1970 = ( GEOMETRIC_REPRESENTATION_CONTEXT(2) 
PARAMETRIC_REPRESENTATION_CONTEXT() REPRESENTATION_CONTEXT('2D SPACE',''
  ) );
#1971 = ORIENTED_EDGE('',*,*,#1972,.F.);
#1972 = EDGE_CURVE('',#1973,#1940,#1975,.T.);
#1973 = VERTEX_POINT('',#1974);
#1974 = CARTESIAN_POINT('',(29.,5.9160797831,17.));
#1975 = SURFACE_CURVE('',#1976,(#1980,#1986),.PCURVE_S1.);
#1976 = LINE('',#1977,#1978);
#1977 = CARTESIAN_POINT('',(-30.,5.9160797831,17.));
#1978 = VECTOR('',#1979,1.);
#1979 = DIRECTION('',(-1.,-0.,-0.));
#1980 = PCURVE('',#1458,#1981);
#1981 = DEFINITIONAL_REPRESENTATION('',(#1982),#1985);
#1982 = B_SPLINE_CURVE_WITH_KNOTS('',1,(#1983,#1984),.UNSPECIFIED.,.F.,
  .F.,(2,2),(-60.0000006,5.999999999062E-07),.PIECEWISE_BEZIER_KNOTS.);
#1983 = CARTESIAN_POINT('',(-1.235900168356,-60.0000006));
#1984 = CARTESIAN_POINT('',(-1.235900168356,5.999999999062E-07));
#1985 = ( GEOMETRIC_REPRESENTATION_CONTEXT(2) 
PARAMETRIC_REPRESENTATION_CONTEXT() REPRESENTATION_CONTEXT('2D SPACE',''
  ) );
#1986 = PCURVE('',#1987,#1992);
#1987 = PLANE('',#1988);
#1988 = AXIS2_PLACEMENT_3D('',#1989,#1990,#1991);
#1989 = CARTESIAN_POINT('',(-29.,-21.5,17.));
#1990 = DIRECTION('',(0.,0.,1.));
#1991 = DIRECTION('',(1.,0.,0.));
#1992 = DEFINITIONAL_REPRESENTATION('',(#1993),#1996);
#1993 = B_SPLINE_CURVE_WITH_KNOTS('',1,(#1994,#1995),.UNSPECIFIED.,.F.,
  .F.,(2,2),(-60.0000006,5.999999999062E-07),.PIECEWISE_BEZIER_KNOTS.);
#1994 = CARTESIAN_POINT('',(59.0000006,27.4160797831));
#1995 = CARTESIAN_POINT('',(-1.0000006,27.4160797831));
#1996 = ( GEOMETRIC_REPRESENTATION_CONTEXT(2) 
PARAMETRIC_REPRESENTATION_CONTEXT() REPRESENTATION_CONTEXT('2D SPACE',''
  ) );
#1997 = ORIENTED_EDGE('',*,*,#1998,.T.);
#1998 = EDGE_CURVE('',#1973,#1999,#2001,.T.);
#1999 = VERTEX_POINT('',#2000);
#2000 = CARTESIAN_POINT('',(29.,15.58845726812,9.));
#2001 = SURFACE_CURVE('',#2002,(#2007,#2014),.PCURVE_S1.);
#2002 = CIRCLE('',#2003,18.);
#2003 = AXIS2_PLACEMENT_3D('',#2004,#2005,#2006);
#2004 = CARTESIAN_POINT('',(29.,0.,0.));
#2005 = DIRECTION('',(-1.,0.,0.));
#2006 = DIRECTION('',(0.,1.,0.));
#2007 = PCURVE('',#1458,#2008);
#2008 = DEFINITIONAL_REPRESENTATION('',(#2009),#2013);
#2009 = LINE('',#2010,#2011);
#2010 = CARTESIAN_POINT('',(-6.28318530718,-59.));
#2011 = VECTOR('',#2012,1.);
#2012 = DIRECTION('',(1.,-0.));
#2013 = ( GEOMETRIC_REPRESENTATION_CONTEXT(2) 
PARAMETRIC_REPRESENTATION_CONTEXT() REPRESENTATION_CONTEXT('2D SPACE',''
  ) );
#2014 = PCURVE('',#2015,#2020);
#2015 = PLANE('',#2016);
#2016 = AXIS2_PLACEMENT_3D('',#2017,#2018,#2019);
#2017 = CARTESIAN_POINT('',(29.,-21.5,9.));
#2018 = DIRECTION('',(1.,0.,0.));
#2019 = DIRECTION('',(0.,0.,1.));
#2020 = DEFINITIONAL_REPRESENTATION('',(#2021),#2029);
#2021 = ( BOUNDED_CURVE() B_SPLINE_CURVE(2,(#2022,#2023,#2024,#2025,
#2026,#2027,#2028),.UNSPECIFIED.,.T.,.F.) B_SPLINE_CURVE_WITH_KNOTS((1,2
    ,2,2,2,1),(-2.094395102393,0.,2.094395102393,4.188790204786,
6.28318530718,8.377580409573),.UNSPECIFIED.) CURVE() 
GEOMETRIC_REPRESENTATION_ITEM() RATIONAL_B_SPLINE_CURVE((1.,0.5,1.,0.5,
1.,0.5,1.)) REPRESENTATION_ITEM('') );
#2022 = CARTESIAN_POINT('',(-9.,-39.5));
#2023 = CARTESIAN_POINT('',(-40.17691453624,-39.5));
#2024 = CARTESIAN_POINT('',(-24.58845726812,-12.5));
#2025 = CARTESIAN_POINT('',(-9.,14.5));
#2026 = CARTESIAN_POINT('',(6.58845726812,-12.5));
#2027 = CARTESIAN_POINT('',(22.17691453624,-39.5));
#2028 = CARTESIAN_POINT('',(-9.,-39.5));
#2029 = ( GEOMETRIC_REPRESENTATION_CONTEXT(2) 
PARAMETRIC_REPRESENTATION_CONTEXT() REPRESENTATION_CONTEXT('2D SPACE',''
  ) );
#2030 = ORIENTED_EDGE('',*,*,#2031,.F.);
#2031 = EDGE_CURVE('',#1416,#1999,#2032,.T.);
#2032 = SURFACE_CURVE('',#2033,(#2037,#2043),.PCURVE_S1.);
#2033 = LINE('',#2034,#2035);
#2034 = CARTESIAN_POINT('',(-30.,15.58845726812,9.));
#2035 = VECTOR('',#2036,1.);
#2036 = DIRECTION('',(-1.,-0.,-0.));
#2037 = PCURVE('',#1458,#2038);
#2038 = DEFINITIONAL_REPRESENTATION('',(#2039),#2042);
#2039 = B_SPLINE_CURVE_WITH_KNOTS('',1,(#2040,#2041),.UNSPECIFIED.,.F.,
  .F.,(2,2),(-60.0000006,5.999999999062E-07),.PIECEWISE_BEZIER_KNOTS.);
#2040 = CARTESIAN_POINT('',(-0.523598775598,-60.0000006));
#2041 = CARTESIAN_POINT('',(-0.523598775598,5.999999999062E-07));
#2042 = ( GEOMETRIC_REPRESENTATION_CONTEXT(2) 
PARAMETRIC_REPRESENTATION_CONTEXT() REPRESENTATION_CONTEXT('2D SPACE',''
  ) );
#2043 = PCURVE('',#1431,#2044);
#2044 = DEFINITIONAL_REPRESENTATION('',(#2045),#2048);
#2045 = B_SPLINE_CURVE_WITH_KNOTS('',1,(#2046,#2047),.UNSPECIFIED.,.F.,
  .F.,(2,2),(-60.0000006,5.999999999062E-07),.PIECEWISE_BEZIER_KNOTS.);
#2046 = CARTESIAN_POINT('',(60.0000006,40.58845726812));
#2047 = CARTESIAN_POINT('',(-5.999999999062E-07,40.58845726812));
#2048 = ( GEOMETRIC_REPRESENTATION_CONTEXT(2) 
PARAMETRIC_REPRESENTATION_CONTEXT() REPRESENTATION_CONTEXT('2D SPACE',''
  ) );
#2049 = ORIENTED_EDGE('',*,*,#1443,.T.);
#2050 = ORIENTED_EDGE('',*,*,#1783,.T.);
#2051 = ORIENTED_EDGE('',*,*,#2052,.T.);
#2052 = EDGE_CURVE('',#1784,#2053,#2055,.T.);
#2053 = VERTEX_POINT('',#2054);
#2054 = CARTESIAN_POINT('',(29.,-5.9160797831,17.));
#2055 = SURFACE_CURVE('',#2056,(#2061,#2068),.PCURVE_S1.);
#2056 = CIRCLE('',#2057,18.);
#2057 = AXIS2_PLACEMENT_3D('',#2058,#2059,#2060);
#2058 = CARTESIAN_POINT('',(29.,0.,0.));
#2059 = DIRECTION('',(-1.,0.,0.));
#2060 = DIRECTION('',(0.,1.,0.));
#2061 = PCURVE('',#1458,#2062);
#2062 = DEFINITIONAL_REPRESENTATION('',(#2063),#2067);
#2063 = LINE('',#2064,#2065);
#2064 = CARTESIAN_POINT('',(-6.28318530718,-59.));
#2065 = VECTOR('',#2066,1.);
#2066 = DIRECTION('',(1.,-0.));
#2067 = ( GEOMETRIC_REPRESENTATION_CONTEXT(2) 
PARAMETRIC_REPRESENTATION_CONTEXT() REPRESENTATION_CONTEXT('2D SPACE',''
  ) );
#2068 = PCURVE('',#1820,#2069);
#2069 = DEFINITIONAL_REPRESENTATION('',(#2070),#2078);
#2070 = ( BOUNDED_CURVE() B_SPLINE_CURVE(2,(#2071,#2072,#2073,#2074,
#2075,#2076,#2077),.UNSPECIFIED.,.T.,.F.) B_SPLINE_CURVE_WITH_KNOTS((1,2
    ,2,2,2,1),(-2.094395102393,0.,2.094395102393,4.188790204786,
6.28318530718,8.377580409573),.UNSPECIFIED.) CURVE() 
GEOMETRIC_REPRESENTATION_ITEM() RATIONAL_B_SPLINE_CURVE((1.,0.5,1.,0.5,
1.,0.5,1.)) REPRESENTATION_ITEM('') );
#2071 = CARTESIAN_POINT('',(-9.,-39.5));
#2072 = CARTESIAN_POINT('',(-40.17691453624,-39.5));
#2073 = CARTESIAN_POINT('',(-24.58845726812,-12.5));
#2074 = CARTESIAN_POINT('',(-9.,14.5));
#2075 = CARTESIAN_POINT('',(6.58845726812,-12.5));
#2076 = CARTESIAN_POINT('',(22.17691453624,-39.5));
#2077 = CARTESIAN_POINT('',(-9.,-39.5));
#2078 = ( GEOMETRIC_REPRESENTATION_CONTEXT(2) 
PARAMETRIC_REPRESENTATION_CONTEXT() REPRESENTATION_CONTEXT('2D SPACE',''
  ) );
#2079 = ORIENTED_EDGE('',*,*,#2080,.T.);
#2080 = EDGE_CURVE('',#2053,#2081,#2083,.T.);
#2081 = VERTEX_POINT('',#2082);
#2082 = CARTESIAN_POINT('',(-29.,-5.9160797831,17.));
#2083 = SURFACE_CURVE('',#2084,(#2088,#2094),.PCURVE_S1.);
#2084 = LINE('',#2085,#2086);
#2085 = CARTESIAN_POINT('',(-30.,-5.9160797831,17.));
#2086 = VECTOR('',#2087,1.);
#2087 = DIRECTION('',(-1.,-0.,-0.));
#2088 = PCURVE('',#1458,#2089);
#2089 = DEFINITIONAL_REPRESENTATION('',(#2090),#2093);
#2090 = B_SPLINE_CURVE_WITH_KNOTS('',1,(#2091,#2092),.UNSPECIFIED.,.F.,
  .F.,(2,2),(-60.0000006,5.999999999062E-07),.PIECEWISE_BEZIER_KNOTS.);
#2091 = CARTESIAN_POINT('',(-1.905692485234,-60.0000006));
#2092 = CARTESIAN_POINT('',(-1.905692485234,5.999999999062E-07));
#2093 = ( GEOMETRIC_REPRESENTATION_CONTEXT(2) 
PARAMETRIC_REPRESENTATION_CONTEXT() REPRESENTATION_CONTEXT('2D SPACE',''
  ) );
#2094 = PCURVE('',#2095,#2100);
#2095 = PLANE('',#2096);
#2096 = AXIS2_PLACEMENT_3D('',#2097,#2098,#2099);
#2097 = CARTESIAN_POINT('',(-29.,-21.5,17.));
#2098 = DIRECTION('',(0.,0.,1.));
#2099 = DIRECTION('',(1.,0.,0.));
#2100 = DEFINITIONAL_REPRESENTATION('',(#2101),#2104);
#2101 = B_SPLINE_CURVE_WITH_KNOTS('',1,(#2102,#2103),.UNSPECIFIED.,.F.,
  .F.,(2,2),(-60.0000006,5.999999999062E-07),.PIECEWISE_BEZIER_KNOTS.);
#2102 = CARTESIAN_POINT('',(59.0000006,15.5839202169));
#2103 = CARTESIAN_POINT('',(-1.0000006,15.5839202169));
#2104 = ( GEOMETRIC_REPRESENTATION_CONTEXT(2) 
PARAMETRIC_REPRESENTATION_CONTEXT() REPRESENTATION_CONTEXT('2D SPACE',''
  ) );
#2105 = ORIENTED_EDGE('',*,*,#2106,.F.);
#2106 = EDGE_CURVE('',#1861,#2081,#2107,.T.);
#2107 = SURFACE_CURVE('',#2108,(#2113,#2120),.PCURVE_S1.);
#2108 = CIRCLE('',#2109,18.);
#2109 = AXIS2_PLACEMENT_3D('',#2110,#2111,#2112);
#2110 = CARTESIAN_POINT('',(-29.,0.,0.));
#2111 = DIRECTION('',(-1.,0.,0.));
#2112 = DIRECTION('',(0.,1.,0.));
#2113 = PCURVE('',#1458,#2114);
#2114 = DEFINITIONAL_REPRESENTATION('',(#2115),#2119);
#2115 = LINE('',#2116,#2117);
#2116 = CARTESIAN_POINT('',(-6.28318530718,-1.));
#2117 = VECTOR('',#2118,1.);
#2118 = DIRECTION('',(1.,-0.));
#2119 = ( GEOMETRIC_REPRESENTATION_CONTEXT(2) 
PARAMETRIC_REPRESENTATION_CONTEXT() REPRESENTATION_CONTEXT('2D SPACE',''
  ) );
#2120 = PCURVE('',#1876,#2121);
#2121 = DEFINITIONAL_REPRESENTATION('',(#2122),#2130);
#2122 = ( BOUNDED_CURVE() B_SPLINE_CURVE(2,(#2123,#2124,#2125,#2126,
#2127,#2128,#2129),.UNSPECIFIED.,.T.,.F.) B_SPLINE_CURVE_WITH_KNOTS((1,2
    ,2,2,2,1),(-2.094395102393,0.,2.094395102393,4.188790204786,
6.28318530718,8.377580409573),.UNSPECIFIED.) CURVE() 
GEOMETRIC_REPRESENTATION_ITEM() RATIONAL_B_SPLINE_CURVE((1.,0.5,1.,0.5,
1.,0.5,1.)) REPRESENTATION_ITEM('') );
#2123 = CARTESIAN_POINT('',(-9.,-39.5));
#2124 = CARTESIAN_POINT('',(-40.17691453624,-39.5));
#2125 = CARTESIAN_POINT('',(-24.58845726812,-12.5));
#2126 = CARTESIAN_POINT('',(-9.,14.5));
#2127 = CARTESIAN_POINT('',(6.58845726812,-12.5));
#2128 = CARTESIAN_POINT('',(22.17691453624,-39.5));
#2129 = CARTESIAN_POINT('',(-9.,-39.5));
#2130 = ( GEOMETRIC_REPRESENTATION_CONTEXT(2) 
PARAMETRIC_REPRESENTATION_CONTEXT() REPRESENTATION_CONTEXT('2D SPACE',''
  ) );
#2131 = ORIENTED_EDGE('',*,*,#1888,.T.);
#2132 = FACE_BOUND('',#2133,.F.);
#2133 = EDGE_LOOP('',(#2134));
#2134 = ORIENTED_EDGE('',*,*,#2135,.T.);
#2135 = EDGE_CURVE('',#2136,#2136,#2138,.T.);
#2136 = VERTEX_POINT('',#2137);
#2137 = CARTESIAN_POINT('',(3.18,0.,18.));
#2138 = SURFACE_CURVE('',#2139,(#2202,#2268),.PCURVE_S1.);
#2139 = B_SPLINE_CURVE_WITH_KNOTS('',7,(#2140,#2141,#2142,#2143,#2144,
    #2145,#2146,#2147,#2148,#2149,#2150,#2151,#2152,#2153,#2154,#2155,
    #2156,#2157,#2158,#2159,#2160,#2161,#2162,#2163,#2164,#2165,#2166,
    #2167,#2168,#2169,#2170,#2171,#2172,#2173,#2174,#2175,#2176,#2177,
    #2178,#2179,#2180,#2181,#2182,#2183,#2184,#2185,#2186,#2187,#2188,
    #2189,#2190,#2191,#2192,#2193,#2194,#2195,#2196,#2197,#2198,#2199,
    #2200,#2201),.UNSPECIFIED.,.T.,.F.,(8,6,6,6,6,6,6,6,6,6,8),(0.,
    7.91645048208E-02,0.17763331024,0.348359186952,0.456498327246,
    0.550122178235,0.651410750562,0.749877354686,0.848349449319,
    0.953101092256,1.),.UNSPECIFIED.);
#2140 = CARTESIAN_POINT('',(3.18,0.,18.));
#2141 = CARTESIAN_POINT('',(3.18,0.274261027849,18.));
#2142 = CARTESIAN_POINT('',(3.152403962054,0.54584632437,17.995124644958
    ));
#2143 = CARTESIAN_POINT('',(3.098180632007,0.81044660538,17.985545484279
    ));
#2144 = CARTESIAN_POINT('',(3.019379418036,1.063967002686,
    17.971881342396));
#2145 = CARTESIAN_POINT('',(2.919076310075,1.302771904124,
    17.955145403809));
#2146 = CARTESIAN_POINT('',(2.801352534912,1.523909214486,
    17.936516770399));
#2147 = CARTESIAN_POINT('',(2.509494683304,1.97579355607,17.893003384459
    ));
#2148 = CARTESIAN_POINT('',(2.326530503798,2.198946722444,
    17.867391473119));
#2149 = CARTESIAN_POINT('',(2.127484845695,2.395197643854,
    17.841843834218));
#2150 = CARTESIAN_POINT('',(1.916210165135,2.565459980416,17.81757598726
    ));
#2151 = CARTESIAN_POINT('',(1.695656900507,2.710779182269,
    17.795449736737));
#2152 = CARTESIAN_POINT('',(1.468088704752,2.832133081069,
    17.776077187089));
#2153 = CARTESIAN_POINT('',(0.831477924907,3.100487028127,
    17.731800085596));
#2154 = CARTESIAN_POINT('',(0.411966215174,3.200893233676,
    17.713279321679));
#2155 = CARTESIAN_POINT('',(-1.433931143725E-02,3.235627454985,
    17.706509368855));
#2156 = CARTESIAN_POINT('',(-0.44153112881,3.206091468581,
    17.712130931582));
#2157 = CARTESIAN_POINT('',(-0.863458762687,3.111481104493,
    17.729889185619));
#2158 = CARTESIAN_POINT('',(-1.272965935924,2.948854608048,
    17.758405142286));
#2159 = CARTESIAN_POINT('',(-1.90215145781,2.564367339251,
    17.817035869887));
#2160 = CARTESIAN_POINT('',(-2.137712373955,2.385266507968,
    17.842855564438));
#2161 = CARTESIAN_POINT('',(-2.360782287408,2.174900736571,
    17.87087988099));
#2162 = CARTESIAN_POINT('',(-2.566460406017,1.932352912575,
    17.899784634204));
#2163 = CARTESIAN_POINT('',(-2.748903733324,1.65723329753,
    17.927760411677));
#2164 = CARTESIAN_POINT('',(-2.901105087395,1.350019390811,
    17.952479888368));
#2165 = CARTESIAN_POINT('',(-3.112504293662,0.720821625628,
    17.987938486989));
#2166 = CARTESIAN_POINT('',(-3.181163938507,0.407188560282,
    18.00006126717));
#2167 = CARTESIAN_POINT('',(-3.212762495603,8.030585155647E-02,
    18.005921842079));
#2168 = CARTESIAN_POINT('',(-3.203854342158,-0.249912861639,
    18.004279902829));
#2169 = CARTESIAN_POINT('',(-3.155023735234,-0.573129659892,
    17.995351620245));
#2170 = CARTESIAN_POINT('',(-3.070879791293,-0.879722220084,
    17.980711352473));
#2171 = CARTESIAN_POINT('',(-2.840414448437,-1.466938336887,
    17.942731128516));
#2172 = CARTESIAN_POINT('',(-2.689000110683,-1.744823012178,
    17.918684503623));
#2173 = CARTESIAN_POINT('',(-2.512822936707,-1.994259608157,
    17.892330789312));
#2174 = CARTESIAN_POINT('',(-2.317441829315,-2.215174618796,
    17.865486584698));
#2175 = CARTESIAN_POINT('',(-2.107447797322,-2.408086071555,
    17.839559352112));
#2176 = CARTESIAN_POINT('',(-1.88664798974,-2.573841311375,
    17.815591177373));
#2177 = CARTESIAN_POINT('',(-1.436045623889,-2.849198685207,
    17.773601742382));
#2178 = CARTESIAN_POINT('',(-1.205872318429,-2.960721816148,
    17.755359417977));
#2179 = CARTESIAN_POINT('',(-0.969941997184,-3.048941702068,
    17.740222537651));
#2180 = CARTESIAN_POINT('',(-0.730035227259,-3.114590028307,
    17.728613556502));
#2181 = CARTESIAN_POINT('',(-0.487584209405,-3.158186845933,
    17.720788618342));
#2182 = CARTESIAN_POINT('',(-0.243834582621,-3.18,17.716873313313));
#2183 = CARTESIAN_POINT('',(0.243848178866,-3.18,17.716873313313));
#2184 = CARTESIAN_POINT('',(0.487599977587,-3.158184354555,
    17.720789077568));
#2185 = CARTESIAN_POINT('',(0.730047319869,-3.114586422886,
    17.728614188213));
#2186 = CARTESIAN_POINT('',(0.969949227533,-3.048938719619,
    17.740223039694));
#2187 = CARTESIAN_POINT('',(1.205876100872,-2.960719965782,
    17.755359721669));
#2188 = CARTESIAN_POINT('',(1.436047574221,-2.849197493384,
    17.773601924124));
#2189 = CARTESIAN_POINT('',(1.894444641617,-2.569076876591,
    17.816317709304));
#2190 = CARTESIAN_POINT('',(2.122654987273,-2.396653474911,
    17.841211914218));
#2191 = CARTESIAN_POINT('',(2.339228920372,-2.195056822964,
    17.868186348311));
#2192 = CARTESIAN_POINT('',(2.539838988452,-1.963400989928,
    17.896064105457));
#2193 = CARTESIAN_POINT('',(2.719294750344,-1.701218486801,
    17.923246222041));
#2194 = CARTESIAN_POINT('',(2.871337493108,-1.408763066571,
    17.947671013129));
#2195 = CARTESIAN_POINT('',(3.040553749156,-0.943845224075,
    17.975814426526));
#2196 = CARTESIAN_POINT('',(3.085754030227,-0.794546304603,
    17.983504839443));
#2197 = CARTESIAN_POINT('',(3.122900404583,-0.640638653855,
    17.989943645352));
#2198 = CARTESIAN_POINT('',(3.151283657302,-0.483131847703,
    17.994926714565));
#2199 = CARTESIAN_POINT('',(3.170409274758,-0.323105946027,
    17.998305664765));
#2200 = CARTESIAN_POINT('',(3.18,-0.161683313999,18.));
#2201 = CARTESIAN_POINT('',(3.18,0.,18.));
#2202 = PCURVE('',#1458,#2203);
#2203 = DEFINITIONAL_REPRESENTATION('',(#2204),#2267);
#2204 = B_SPLINE_CURVE_WITH_KNOTS('',7,(#2205,#2206,#2207,#2208,#2209,
    #2210,#2211,#2212,#2213,#2214,#2215,#2216,#2217,#2218,#2219,#2220,
    #2221,#2222,#2223,#2224,#2225,#2226,#2227,#2228,#2229,#2230,#2231,
    #2232,#2233,#2234,#2235,#2236,#2237,#2238,#2239,#2240,#2241,#2242,
    #2243,#2244,#2245,#2246,#2247,#2248,#2249,#2250,#2251,#2252,#2253,
    #2254,#2255,#2256,#2257,#2258,#2259,#2260,#2261,#2262,#2263,#2264,
    #2265,#2266),.UNSPECIFIED.,.T.,.F.,(8,6,6,6,6,6,6,6,6,6,8),(0.,
    7.91645048208E-02,0.17763331024,0.348359186952,0.456498327246,
    0.550122178235,0.651410750562,0.749877354686,0.848349449319,
    0.953101092256,1.),.UNSPECIFIED.);
#2205 = CARTESIAN_POINT('',(-1.570796326795,-33.18));
#2206 = CARTESIAN_POINT('',(-1.555559603026,-33.18));
#2207 = CARTESIAN_POINT('',(-1.540471528766,-33.15240396205));
#2208 = CARTESIAN_POINT('',(-1.525765747593,-33.098180632));
#2209 = CARTESIAN_POINT('',(-1.511664421506,-33.01937941803));
#2210 = CARTESIAN_POINT('',(-1.498367116416,-32.91907631007));
#2211 = CARTESIAN_POINT('',(-1.486039079529,-32.80135253491));
#2212 = CARTESIAN_POINT('',(-1.460818272366,-32.5094946833));
#2213 = CARTESIAN_POINT('',(-1.448341572163,-32.32653050379));
#2214 = CARTESIAN_POINT('',(-1.437348431211,-32.12748484569));
#2215 = CARTESIAN_POINT('',(-1.427794689099,-31.91621016513));
#2216 = CARTESIAN_POINT('',(-1.419628714415,-31.6956569005));
#2217 = CARTESIAN_POINT('',(-1.41280155881,-31.46808870475));
#2218 = CARTESIAN_POINT('',(-1.397691438068,-30.8314779249));
#2219 = CARTESIAN_POINT('',(-1.392020203829,-30.41196621517));
#2220 = CARTESIAN_POINT('',(-1.390053713326,-29.98566068856));
#2221 = CARTESIAN_POINT('',(-1.391724177458,-29.55846887119));
#2222 = CARTESIAN_POINT('',(-1.397072624439,-29.13654123731));
#2223 = CARTESIAN_POINT('',(-1.406243023168,-28.72703406407));
#2224 = CARTESIAN_POINT('',(-1.427850350893,-28.09784854219));
#2225 = CARTESIAN_POINT('',(-1.437902932431,-27.86228762604));
#2226 = CARTESIAN_POINT('',(-1.449691997591,-27.63921771259));
#2227 = CARTESIAN_POINT('',(-1.463259645566,-27.43353959398));
#2228 = CARTESIAN_POINT('',(-1.478618125311,-27.25109626667));
#2229 = CARTESIAN_POINT('',(-1.49573579183,-27.0988949126));
#2230 = CARTESIAN_POINT('',(-1.530746686956,-26.88749570633));
#2231 = CARTESIAN_POINT('',(-1.548181039644,-26.81883606149));
#2232 = CARTESIAN_POINT('',(-1.566337738609,-26.78723750439));
#2233 = CARTESIAN_POINT('',(-1.584674636227,-26.79614565784));
#2234 = CARTESIAN_POINT('',(-1.602632040301,-26.84497626476));
#2235 = CARTESIAN_POINT('',(-1.619681938871,-26.9291202087));
#2236 = CARTESIAN_POINT('',(-1.652373221416,-27.15958555156));
#2237 = CARTESIAN_POINT('',(-1.66786529128,-27.31099988931));
#2238 = CARTESIAN_POINT('',(-1.68179650808,-27.48717706329));
#2239 = CARTESIAN_POINT('',(-1.694157855486,-27.68255817068));
#2240 = CARTESIAN_POINT('',(-1.704970594738,-27.89255220267));
#2241 = CARTESIAN_POINT('',(-1.714274718819,-28.11335201026));
#2242 = CARTESIAN_POINT('',(-1.729749189629,-28.56395437611));
#2243 = CARTESIAN_POINT('',(-1.736026896256,-28.79412768157));
#2244 = CARTESIAN_POINT('',(-1.740999475738,-29.03005800281));
#2245 = CARTESIAN_POINT('',(-1.744703187665,-29.26996477274));
#2246 = CARTESIAN_POINT('',(-1.747163928952,-29.51241579059));
#2247 = CARTESIAN_POINT('',(-1.748395139562,-29.75616541737));
#2248 = CARTESIAN_POINT('',(-1.748395139562,-30.24384817886));
#2249 = CARTESIAN_POINT('',(-1.747163787928,-30.48759997758));
#2250 = CARTESIAN_POINT('',(-1.744702984445,-30.73004731986));
#2251 = CARTESIAN_POINT('',(-1.740999307927,-30.96994922753));
#2252 = CARTESIAN_POINT('',(-1.736026791922,-31.20587610087));
#2253 = CARTESIAN_POINT('',(-1.729749122651,-31.43604757422));
#2254 = CARTESIAN_POINT('',(-1.714006968201,-31.89444464161));
#2255 = CARTESIAN_POINT('',(-1.704328867738,-32.12265498727));
#2256 = CARTESIAN_POINT('',(-1.69303028293,-32.33922892037));
#2257 = CARTESIAN_POINT('',(-1.68006992727,-32.53983898845));
#2258 = CARTESIAN_POINT('',(-1.665430251445,-32.71929475034));
#2259 = CARTESIAN_POINT('',(-1.649130428304,-32.8713374931));
#2260 = CARTESIAN_POINT('',(-1.623254379271,-33.04055374915));
#2261 = CARTESIAN_POINT('',(-1.614949333757,-33.08575403022));
#2262 = CARTESIAN_POINT('',(-1.606392082947,-33.12290040458));
#2263 = CARTESIAN_POINT('',(-1.597638166957,-33.1512836573));
#2264 = CARTESIAN_POINT('',(-1.588746657773,-33.17040927475));
#2265 = CARTESIAN_POINT('',(-1.579778733128,-33.18));
#2266 = CARTESIAN_POINT('',(-1.570796326795,-33.18));
#2267 = ( GEOMETRIC_REPRESENTATION_CONTEXT(2) 
PARAMETRIC_REPRESENTATION_CONTEXT() REPRESENTATION_CONTEXT('2D SPACE',''
  ) );
#2268 = PCURVE('',#2269,#2274);
#2269 = CYLINDRICAL_SURFACE('',#2270,3.18);
#2270 = AXIS2_PLACEMENT_3D('',#2271,#2272,#2273);
#2271 = CARTESIAN_POINT('',(0.,0.,-20.));
#2272 = DIRECTION('',(-0.,-0.,-1.));
#2273 = DIRECTION('',(1.,0.,0.));
#2274 = DEFINITIONAL_REPRESENTATION('',(#2275),#2338);
#2275 = B_SPLINE_CURVE_WITH_KNOTS('',7,(#2276,#2277,#2278,#2279,#2280,
    #2281,#2282,#2283,#2284,#2285,#2286,#2287,#2288,#2289,#2290,#2291,
    #2292,#2293,#2294,#2295,#2296,#2297,#2298,#2299,#2300,#2301,#2302,
    #2303,#2304,#2305,#2306,#2307,#2308,#2309,#2310,#2311,#2312,#2313,
    #2314,#2315,#2316,#2317,#2318,#2319,#2320,#2321,#2322,#2323,#2324,
    #2325,#2326,#2327,#2328,#2329,#2330,#2331,#2332,#2333,#2334,#2335,
    #2336,#2337),.UNSPECIFIED.,.F.,.F.,(8,6,6,6,6,6,6,6,6,6,8),(0.,
    7.91645048208E-02,0.17763331024,0.348359186952,0.456498327246,
    0.550122178235,0.651410750562,0.749877354686,0.848349449319,
    0.953101092256,1.),.UNSPECIFIED.);
#2276 = CARTESIAN_POINT('',(0.,-38.));
#2277 = CARTESIAN_POINT('',(-8.624560624169E-02,-38.));
#2278 = CARTESIAN_POINT('',(-0.171649748163,-37.99512464495));
#2279 = CARTESIAN_POINT('',(-0.255905403102,-37.98554548427));
#2280 = CARTESIAN_POINT('',(-0.338679733069,-37.97188134239));
#2281 = CARTESIAN_POINT('',(-0.41957479462,-37.9551454038));
#2282 = CARTESIAN_POINT('',(-0.498075354935,-37.93651677039));
#2283 = CARTESIAN_POINT('',(-0.667239175113,-37.89300338445));
#2284 = CARTESIAN_POINT('',(-0.757403070535,-37.86739147311));
#2285 = CARTESIAN_POINT('',(-0.8445505661,-37.84184383421));
#2286 = CARTESIAN_POINT('',(-0.929148265378,-37.81757598726));
#2287 = CARTESIAN_POINT('',(-1.011629243607,-37.79544973673));
#2288 = CARTESIAN_POINT('',(-1.092395441441,-37.77607718708));
#2289 = CARTESIAN_POINT('',(-1.309646919617,-37.73180008559));
#2290 = CARTESIAN_POINT('',(-1.443474538348,-37.71327932167));
#2291 = CARTESIAN_POINT('',(-1.575519641336,-37.70650936885));
#2292 = CARTESIAN_POINT('',(-1.707421618645,-37.71213093158));
#2293 = CARTESIAN_POINT('',(-1.840820222641,-37.72988918561));
#2294 = CARTESIAN_POINT('',(-1.97737039738,-37.75840514228));
#2295 = CARTESIAN_POINT('',(-2.209245701117,-37.81703586988));
#2296 = CARTESIAN_POINT('',(-2.30182138959,-37.84285556443));
#2297 = CARTESIAN_POINT('',(-2.397360841536,-37.87087988099));
#2298 = CARTESIAN_POINT('',(-2.496197277335,-37.8997846342));
#2299 = CARTESIAN_POINT('',(-2.598765640261,-37.92776041167));
#2300 = CARTESIAN_POINT('',(-2.705586789825,-37.95247988836));
#2301 = CARTESIAN_POINT('',(-2.914316850465,-37.98793848698));
#2302 = CARTESIAN_POINT('',(-3.014684274558,-38.00006126717));
#2303 = CARTESIAN_POINT('',(-3.116773687335,-38.00592184207));
#2304 = CARTESIAN_POINT('',(-3.21925394984,-38.00427990282));
#2305 = CARTESIAN_POINT('',(-3.320891024371,-37.99535162024));
#2306 = CARTESIAN_POINT('',(-3.420306229369,-37.98071135247));
#2307 = CARTESIAN_POINT('',(-3.618678088599,-37.94273112851));
#2308 = CARTESIAN_POINT('',(-3.717418284974,-37.91868450362));
#2309 = CARTESIAN_POINT('',(-3.812464249272,-37.89233078931));
#2310 = CARTESIAN_POINT('',(-3.904270541167,-37.86548658469));
#2311 = CARTESIAN_POINT('',(-3.993226525375,-37.83955935211));
#2312 = CARTESIAN_POINT('',(-4.079653137673,-37.81559117737));
#2313 = CARTESIAN_POINT('',(-4.245714747185,-37.77360174238));
#2314 = CARTESIAN_POINT('',(-4.325764411113,-37.75535941797));
#2315 = CARTESIAN_POINT('',(-4.404432063393,-37.74022253765));
#2316 = CARTESIAN_POINT('',(-4.482082605586,-37.7286135565));
#2317 = CARTESIAN_POINT('',(-4.559060304761,-37.72078861834));
#2318 = CARTESIAN_POINT('',(-4.63571143868,-37.71687331331));
#2319 = CARTESIAN_POINT('',(-4.789070797638,-37.71687331331));
#2320 = CARTESIAN_POINT('',(-4.865722654868,-37.72078907756));
#2321 = CARTESIAN_POINT('',(-4.942699265602,-37.72861418821));
#2322 = CARTESIAN_POINT('',(-5.020348322548,-37.74022303969));
#2323 = CARTESIAN_POINT('',(-5.099014887506,-37.75535972166));
#2324 = CARTESIAN_POINT('',(-5.179063932345,-37.77360192412));
#2325 = CARTESIAN_POINT('',(-5.347998142586,-37.8163177093));
#2326 = CARTESIAN_POINT('',(-5.437506583061,-37.84121191421));
#2327 = CARTESIAN_POINT('',(-5.52975579065,-37.86818634831));
#2328 = CARTESIAN_POINT('',(-5.62507499342,-37.89606410545));
#2329 = CARTESIAN_POINT('',(-5.723877504442,-37.92324622204));
#2330 = CARTESIAN_POINT('',(-5.826651218679,-37.94767101312));
#2331 = CARTESIAN_POINT('',(-5.982234625601,-37.97581442652));
#2332 = CARTESIAN_POINT('',(-6.031214022227,-37.98350483944));
#2333 = CARTESIAN_POINT('',(-6.080871035955,-37.98994364535));
#2334 = CARTESIAN_POINT('',(-6.131042359274,-37.99492671456));
#2335 = CARTESIAN_POINT('',(-6.181579668455,-37.99830566476));
#2336 = CARTESIAN_POINT('',(-6.232341497746,-38.));
#2337 = CARTESIAN_POINT('',(-6.28318530718,-38.));
#2338 = ( GEOMETRIC_REPRESENTATION_CONTEXT(2) 
PARAMETRIC_REPRESENTATION_CONTEXT() REPRESENTATION_CONTEXT('2D SPACE',''
  ) );
#2339 = ADVANCED_FACE('',(#2340),#1431,.T.);
#2340 = FACE_BOUND('',#2341,.T.);
#2341 = EDGE_LOOP('',(#2342,#2343,#2344,#2367,#2395,#2416,#2417,#2418));
#2342 = ORIENTED_EDGE('',*,*,#1654,.F.);
#2343 = ORIENTED_EDGE('',*,*,#1918,.F.);
#2344 = ORIENTED_EDGE('',*,*,#2345,.T.);
#2345 = EDGE_CURVE('',#1919,#2346,#2348,.T.);
#2346 = VERTEX_POINT('',#2347);
#2347 = CARTESIAN_POINT('',(-29.,21.5,9.));
#2348 = SURFACE_CURVE('',#2349,(#2353,#2360),.PCURVE_S1.);
#2349 = LINE('',#2350,#2351);
#2350 = CARTESIAN_POINT('',(-29.,-21.5,9.));
#2351 = VECTOR('',#2352,1.);
#2352 = DIRECTION('',(0.,1.,0.));
#2353 = PCURVE('',#1431,#2354);
#2354 = DEFINITIONAL_REPRESENTATION('',(#2355),#2359);
#2355 = LINE('',#2356,#2357);
#2356 = CARTESIAN_POINT('',(1.,3.5));
#2357 = VECTOR('',#2358,1.);
#2358 = DIRECTION('',(0.,1.));
#2359 = ( GEOMETRIC_REPRESENTATION_CONTEXT(2) 
PARAMETRIC_REPRESENTATION_CONTEXT() REPRESENTATION_CONTEXT('2D SPACE',''
  ) );
#2360 = PCURVE('',#1956,#2361);
#2361 = DEFINITIONAL_REPRESENTATION('',(#2362),#2366);
#2362 = LINE('',#2363,#2364);
#2363 = CARTESIAN_POINT('',(0.,0.));
#2364 = VECTOR('',#2365,1.);
#2365 = DIRECTION('',(0.,-1.));
#2366 = ( GEOMETRIC_REPRESENTATION_CONTEXT(2) 
PARAMETRIC_REPRESENTATION_CONTEXT() REPRESENTATION_CONTEXT('2D SPACE',''
  ) );
#2367 = ORIENTED_EDGE('',*,*,#2368,.T.);
#2368 = EDGE_CURVE('',#2346,#2369,#2371,.T.);
#2369 = VERTEX_POINT('',#2370);
#2370 = CARTESIAN_POINT('',(29.,21.5,9.));
#2371 = SURFACE_CURVE('',#2372,(#2376,#2383),.PCURVE_S1.);
#2372 = LINE('',#2373,#2374);
#2373 = CARTESIAN_POINT('',(-29.,21.5,9.));
#2374 = VECTOR('',#2375,1.);
#2375 = DIRECTION('',(1.,0.,0.));
#2376 = PCURVE('',#1431,#2377);
#2377 = DEFINITIONAL_REPRESENTATION('',(#2378),#2382);
#2378 = LINE('',#2379,#2380);
#2379 = CARTESIAN_POINT('',(1.,46.5));
#2380 = VECTOR('',#2381,1.);
#2381 = DIRECTION('',(1.,0.));
#2382 = ( GEOMETRIC_REPRESENTATION_CONTEXT(2) 
PARAMETRIC_REPRESENTATION_CONTEXT() REPRESENTATION_CONTEXT('2D SPACE',''
  ) );
#2383 = PCURVE('',#2384,#2389);
#2384 = PLANE('',#2385);
#2385 = AXIS2_PLACEMENT_3D('',#2386,#2387,#2388);
#2386 = CARTESIAN_POINT('',(-29.,21.5,9.));
#2387 = DIRECTION('',(0.,1.,0.));
#2388 = DIRECTION('',(0.,0.,1.));
#2389 = DEFINITIONAL_REPRESENTATION('',(#2390),#2394);
#2390 = LINE('',#2391,#2392);
#2391 = CARTESIAN_POINT('',(0.,0.));
#2392 = VECTOR('',#2393,1.);
#2393 = DIRECTION('',(0.,1.));
#2394 = ( GEOMETRIC_REPRESENTATION_CONTEXT(2) 
PARAMETRIC_REPRESENTATION_CONTEXT() REPRESENTATION_CONTEXT('2D SPACE',''
  ) );
#2395 = ORIENTED_EDGE('',*,*,#2396,.F.);
#2396 = EDGE_CURVE('',#1999,#2369,#2397,.T.);
#2397 = SURFACE_CURVE('',#2398,(#2402,#2409),.PCURVE_S1.);
#2398 = LINE('',#2399,#2400);
#2399 = CARTESIAN_POINT('',(29.,-21.5,9.));
#2400 = VECTOR('',#2401,1.);
#2401 = DIRECTION('',(0.,1.,0.));
#2402 = PCURVE('',#1431,#2403);
#2403 = DEFINITIONAL_REPRESENTATION('',(#2404),#2408);
#2404 = LINE('',#2405,#2406);
#2405 = CARTESIAN_POINT('',(59.,3.5));
#2406 = VECTOR('',#2407,1.);
#2407 = DIRECTION('',(0.,1.));
#2408 = ( GEOMETRIC_REPRESENTATION_CONTEXT(2) 
PARAMETRIC_REPRESENTATION_CONTEXT() REPRESENTATION_CONTEXT('2D SPACE',''
  ) );
#2409 = PCURVE('',#2015,#2410);
#2410 = DEFINITIONAL_REPRESENTATION('',(#2411),#2415);
#2411 = LINE('',#2412,#2413);
#2412 = CARTESIAN_POINT('',(0.,0.));
#2413 = VECTOR('',#2414,1.);
#2414 = DIRECTION('',(0.,-1.));
#2415 = ( GEOMETRIC_REPRESENTATION_CONTEXT(2) 
PARAMETRIC_REPRESENTATION_CONTEXT() REPRESENTATION_CONTEXT('2D SPACE',''
  ) );
#2416 = ORIENTED_EDGE('',*,*,#2031,.F.);
#2417 = ORIENTED_EDGE('',*,*,#1415,.T.);
#2418 = ORIENTED_EDGE('',*,*,#2419,.F.);
#2419 = EDGE_CURVE('',#1632,#1388,#2420,.T.);
#2420 = SURFACE_CURVE('',#2421,(#2425,#2432),.PCURVE_S1.);
#2421 = LINE('',#2422,#2423);
#2422 = CARTESIAN_POINT('',(-30.,25.,9.));
#2423 = VECTOR('',#2424,1.);
#2424 = DIRECTION('',(1.,0.,0.));
#2425 = PCURVE('',#1431,#2426);
#2426 = DEFINITIONAL_REPRESENTATION('',(#2427),#2431);
#2427 = LINE('',#2428,#2429);
#2428 = CARTESIAN_POINT('',(0.,50.));
#2429 = VECTOR('',#2430,1.);
#2430 = DIRECTION('',(1.,0.));
#2431 = ( GEOMETRIC_REPRESENTATION_CONTEXT(2) 
PARAMETRIC_REPRESENTATION_CONTEXT() REPRESENTATION_CONTEXT('2D SPACE',''
  ) );
#2432 = PCURVE('',#1403,#2433);
#2433 = DEFINITIONAL_REPRESENTATION('',(#2434),#2438);
#2434 = LINE('',#2435,#2436);
#2435 = CARTESIAN_POINT('',(18.,0.));
#2436 = VECTOR('',#2437,1.);
#2437 = DIRECTION('',(0.,1.));
#2438 = ( GEOMETRIC_REPRESENTATION_CONTEXT(2) 
PARAMETRIC_REPRESENTATION_CONTEXT() REPRESENTATION_CONTEXT('2D SPACE',''
  ) );
#2439 = ADVANCED_FACE('',(#2440),#1403,.T.);
#2440 = FACE_BOUND('',#2441,.T.);
#2441 = EDGE_LOOP('',(#2442,#2443,#2444,#2445));
#2442 = ORIENTED_EDGE('',*,*,#1536,.F.);
#2443 = ORIENTED_EDGE('',*,*,#1631,.T.);
#2444 = ORIENTED_EDGE('',*,*,#2419,.T.);
#2445 = ORIENTED_EDGE('',*,*,#1387,.F.);
#2446 = ADVANCED_FACE('',(#2447),#1493,.T.);
#2447 = FACE_BOUND('',#2448,.F.);
#2448 = EDGE_LOOP('',(#2449,#2472,#2499,#2500));
#2449 = ORIENTED_EDGE('',*,*,#2450,.T.);
#2450 = EDGE_CURVE('',#1477,#2451,#2453,.T.);
#2451 = VERTEX_POINT('',#2452);
#2452 = CARTESIAN_POINT('',(-41.,5.15,0.));
#2453 = SEAM_CURVE('',#2454,(#2458,#2465),.PCURVE_S1.);
#2454 = LINE('',#2455,#2456);
#2455 = CARTESIAN_POINT('',(-44.,5.15,0.));
#2456 = VECTOR('',#2457,1.);
#2457 = DIRECTION('',(1.,0.,0.));
#2458 = PCURVE('',#1493,#2459);
#2459 = DEFINITIONAL_REPRESENTATION('',(#2460),#2464);
#2460 = LINE('',#2461,#2462);
#2461 = CARTESIAN_POINT('',(-0.,0.));
#2462 = VECTOR('',#2463,1.);
#2463 = DIRECTION('',(-0.,-1.));
#2464 = ( GEOMETRIC_REPRESENTATION_CONTEXT(2) 
PARAMETRIC_REPRESENTATION_CONTEXT() REPRESENTATION_CONTEXT('2D SPACE',''
  ) );
#2465 = PCURVE('',#1493,#2466);
#2466 = DEFINITIONAL_REPRESENTATION('',(#2467),#2471);
#2467 = LINE('',#2468,#2469);
#2468 = CARTESIAN_POINT('',(-6.28318530718,0.));
#2469 = VECTOR('',#2470,1.);
#2470 = DIRECTION('',(-0.,-1.));
#2471 = ( GEOMETRIC_REPRESENTATION_CONTEXT(2) 
PARAMETRIC_REPRESENTATION_CONTEXT() REPRESENTATION_CONTEXT('2D SPACE',''
  ) );
#2472 = ORIENTED_EDGE('',*,*,#2473,.T.);
#2473 = EDGE_CURVE('',#2451,#2451,#2474,.T.);
#2474 = SURFACE_CURVE('',#2475,(#2480,#2487),.PCURVE_S1.);
#2475 = CIRCLE('',#2476,5.15);
#2476 = AXIS2_PLACEMENT_3D('',#2477,#2478,#2479);
#2477 = CARTESIAN_POINT('',(-41.,0.,0.));
#2478 = DIRECTION('',(1.,0.,0.));
#2479 = DIRECTION('',(0.,1.,0.));
#2480 = PCURVE('',#1493,#2481);
#2481 = DEFINITIONAL_REPRESENTATION('',(#2482),#2486);
#2482 = LINE('',#2483,#2484);
#2483 = CARTESIAN_POINT('',(-0.,-3.));
#2484 = VECTOR('',#2485,1.);
#2485 = DIRECTION('',(-1.,0.));
#2486 = ( GEOMETRIC_REPRESENTATION_CONTEXT(2) 
PARAMETRIC_REPRESENTATION_CONTEXT() REPRESENTATION_CONTEXT('2D SPACE',''
  ) );
#2487 = PCURVE('',#2488,#2493);
#2488 = PLANE('',#2489);
#2489 = AXIS2_PLACEMENT_3D('',#2490,#2491,#2492);
#2490 = CARTESIAN_POINT('',(-41.,-3.982835337493E-16,5.529132197927E-17)
  );
#2491 = DIRECTION('',(1.,0.,0.));
#2492 = DIRECTION('',(-0.,0.,1.));
#2493 = DEFINITIONAL_REPRESENTATION('',(#2494),#2498);
#2494 = CIRCLE('',#2495,5.15);
#2495 = AXIS2_PLACEMENT_2D('',#2496,#2497);
#2496 = CARTESIAN_POINT('',(-5.529132197927E-17,-3.982835337493E-16));
#2497 = DIRECTION('',(0.,-1.));
#2498 = ( GEOMETRIC_REPRESENTATION_CONTEXT(2) 
PARAMETRIC_REPRESENTATION_CONTEXT() REPRESENTATION_CONTEXT('2D SPACE',''
  ) );
#2499 = ORIENTED_EDGE('',*,*,#2450,.F.);
#2500 = ORIENTED_EDGE('',*,*,#1476,.F.);
#2501 = ADVANCED_FACE('',(#2502),#1718,.T.);
#2502 = FACE_BOUND('',#2503,.F.);
#2503 = EDGE_LOOP('',(#2504,#2527,#2528,#2529));
#2504 = ORIENTED_EDGE('',*,*,#2505,.T.);
#2505 = EDGE_CURVE('',#2506,#1702,#2508,.T.);
#2506 = VERTEX_POINT('',#2507);
#2507 = CARTESIAN_POINT('',(-35.,5.,0.));
#2508 = SEAM_CURVE('',#2509,(#2513,#2520),.PCURVE_S1.);
#2509 = LINE('',#2510,#2511);
#2510 = CARTESIAN_POINT('',(-35.,5.,0.));
#2511 = VECTOR('',#2512,1.);
#2512 = DIRECTION('',(1.,0.,0.));
#2513 = PCURVE('',#1718,#2514);
#2514 = DEFINITIONAL_REPRESENTATION('',(#2515),#2519);
#2515 = LINE('',#2516,#2517);
#2516 = CARTESIAN_POINT('',(-0.,0.));
#2517 = VECTOR('',#2518,1.);
#2518 = DIRECTION('',(-0.,-1.));
#2519 = ( GEOMETRIC_REPRESENTATION_CONTEXT(2) 
PARAMETRIC_REPRESENTATION_CONTEXT() REPRESENTATION_CONTEXT('2D SPACE',''
  ) );
#2520 = PCURVE('',#1718,#2521);
#2521 = DEFINITIONAL_REPRESENTATION('',(#2522),#2526);
#2522 = LINE('',#2523,#2524);
#2523 = CARTESIAN_POINT('',(-6.28318530718,0.));
#2524 = VECTOR('',#2525,1.);
#2525 = DIRECTION('',(-0.,-1.));
#2526 = ( GEOMETRIC_REPRESENTATION_CONTEXT(2) 
PARAMETRIC_REPRESENTATION_CONTEXT() REPRESENTATION_CONTEXT('2D SPACE',''
  ) );
#2527 = ORIENTED_EDGE('',*,*,#1701,.T.);
#2528 = ORIENTED_EDGE('',*,*,#2505,.F.);
#2529 = ORIENTED_EDGE('',*,*,#2530,.F.);
#2530 = EDGE_CURVE('',#2506,#2506,#2531,.T.);
#2531 = SURFACE_CURVE('',#2532,(#2537,#2544),.PCURVE_S1.);
#2532 = CIRCLE('',#2533,5.);
#2533 = AXIS2_PLACEMENT_3D('',#2534,#2535,#2536);
#2534 = CARTESIAN_POINT('',(-35.,0.,0.));
#2535 = DIRECTION('',(1.,0.,0.));
#2536 = DIRECTION('',(0.,1.,0.));
#2537 = PCURVE('',#1718,#2538);
#2538 = DEFINITIONAL_REPRESENTATION('',(#2539),#2543);
#2539 = LINE('',#2540,#2541);
#2540 = CARTESIAN_POINT('',(-0.,0.));
#2541 = VECTOR('',#2542,1.);
#2542 = DIRECTION('',(-1.,0.));
#2543 = ( GEOMETRIC_REPRESENTATION_CONTEXT(2) 
PARAMETRIC_REPRESENTATION_CONTEXT() REPRESENTATION_CONTEXT('2D SPACE',''
  ) );
#2544 = PCURVE('',#2545,#2550);
#2545 = PLANE('',#2546);
#2546 = AXIS2_PLACEMENT_3D('',#2547,#2548,#2549);
#2547 = CARTESIAN_POINT('',(-35.,-3.982835337493E-16,5.529132197927E-17)
  );
#2548 = DIRECTION('',(1.,0.,0.));
#2549 = DIRECTION('',(-0.,0.,1.));
#2550 = DEFINITIONAL_REPRESENTATION('',(#2551),#2555);
#2551 = CIRCLE('',#2552,5.);
#2552 = AXIS2_PLACEMENT_2D('',#2553,#2554);
#2553 = CARTESIAN_POINT('',(-5.529132197927E-17,-3.982835337493E-16));
#2554 = DIRECTION('',(0.,-1.));
#2555 = ( GEOMETRIC_REPRESENTATION_CONTEXT(2) 
PARAMETRIC_REPRESENTATION_CONTEXT() REPRESENTATION_CONTEXT('2D SPACE',''
  ) );
#2556 = ADVANCED_FACE('',(#2557),#1876,.F.);
#2557 = FACE_BOUND('',#2558,.F.);
#2558 = EDGE_LOOP('',(#2559,#2582,#2603,#2604));
#2559 = ORIENTED_EDGE('',*,*,#2560,.F.);
#2560 = EDGE_CURVE('',#2561,#2081,#2563,.T.);
#2561 = VERTEX_POINT('',#2562);
#2562 = CARTESIAN_POINT('',(-29.,-21.5,17.));
#2563 = SURFACE_CURVE('',#2564,(#2568,#2575),.PCURVE_S1.);
#2564 = LINE('',#2565,#2566);
#2565 = CARTESIAN_POINT('',(-29.,-21.5,17.));
#2566 = VECTOR('',#2567,1.);
#2567 = DIRECTION('',(0.,1.,0.));
#2568 = PCURVE('',#1876,#2569);
#2569 = DEFINITIONAL_REPRESENTATION('',(#2570),#2574);
#2570 = LINE('',#2571,#2572);
#2571 = CARTESIAN_POINT('',(8.,0.));
#2572 = VECTOR('',#2573,1.);
#2573 = DIRECTION('',(0.,-1.));
#2574 = ( GEOMETRIC_REPRESENTATION_CONTEXT(2) 
PARAMETRIC_REPRESENTATION_CONTEXT() REPRESENTATION_CONTEXT('2D SPACE',''
  ) );
#2575 = PCURVE('',#2095,#2576);
#2576 = DEFINITIONAL_REPRESENTATION('',(#2577),#2581);
#2577 = LINE('',#2578,#2579);
#2578 = CARTESIAN_POINT('',(0.,0.));
#2579 = VECTOR('',#2580,1.);
#2580 = DIRECTION('',(0.,1.));
#2581 = ( GEOMETRIC_REPRESENTATION_CONTEXT(2) 
PARAMETRIC_REPRESENTATION_CONTEXT() REPRESENTATION_CONTEXT('2D SPACE',''
  ) );
#2582 = ORIENTED_EDGE('',*,*,#2583,.F.);
#2583 = EDGE_CURVE('',#1833,#2561,#2584,.T.);
#2584 = SURFACE_CURVE('',#2585,(#2589,#2596),.PCURVE_S1.);
#2585 = LINE('',#2586,#2587);
#2586 = CARTESIAN_POINT('',(-29.,-21.5,9.));
#2587 = VECTOR('',#2588,1.);
#2588 = DIRECTION('',(0.,0.,1.));
#2589 = PCURVE('',#1876,#2590);
#2590 = DEFINITIONAL_REPRESENTATION('',(#2591),#2595);
#2591 = LINE('',#2592,#2593);
#2592 = CARTESIAN_POINT('',(0.,0.));
#2593 = VECTOR('',#2594,1.);
#2594 = DIRECTION('',(1.,0.));
#2595 = ( GEOMETRIC_REPRESENTATION_CONTEXT(2) 
PARAMETRIC_REPRESENTATION_CONTEXT() REPRESENTATION_CONTEXT('2D SPACE',''
  ) );
#2596 = PCURVE('',#1848,#2597);
#2597 = DEFINITIONAL_REPRESENTATION('',(#2598),#2602);
#2598 = LINE('',#2599,#2600);
#2599 = CARTESIAN_POINT('',(0.,0.));
#2600 = VECTOR('',#2601,1.);
#2601 = DIRECTION('',(1.,0.));
#2602 = ( GEOMETRIC_REPRESENTATION_CONTEXT(2) 
PARAMETRIC_REPRESENTATION_CONTEXT() REPRESENTATION_CONTEXT('2D SPACE',''
  ) );
#2603 = ORIENTED_EDGE('',*,*,#1860,.T.);
#2604 = ORIENTED_EDGE('',*,*,#2106,.T.);
#2605 = ADVANCED_FACE('',(#2606),#1848,.F.);
#2606 = FACE_BOUND('',#2607,.F.);
#2607 = EDGE_LOOP('',(#2608,#2609,#2610,#2633));
#2608 = ORIENTED_EDGE('',*,*,#1832,.F.);
#2609 = ORIENTED_EDGE('',*,*,#2583,.T.);
#2610 = ORIENTED_EDGE('',*,*,#2611,.T.);
#2611 = EDGE_CURVE('',#2561,#2612,#2614,.T.);
#2612 = VERTEX_POINT('',#2613);
#2613 = CARTESIAN_POINT('',(29.,-21.5,17.));
#2614 = SURFACE_CURVE('',#2615,(#2619,#2626),.PCURVE_S1.);
#2615 = LINE('',#2616,#2617);
#2616 = CARTESIAN_POINT('',(-29.,-21.5,17.));
#2617 = VECTOR('',#2618,1.);
#2618 = DIRECTION('',(1.,0.,0.));
#2619 = PCURVE('',#1848,#2620);
#2620 = DEFINITIONAL_REPRESENTATION('',(#2621),#2625);
#2621 = LINE('',#2622,#2623);
#2622 = CARTESIAN_POINT('',(8.,0.));
#2623 = VECTOR('',#2624,1.);
#2624 = DIRECTION('',(0.,1.));
#2625 = ( GEOMETRIC_REPRESENTATION_CONTEXT(2) 
PARAMETRIC_REPRESENTATION_CONTEXT() REPRESENTATION_CONTEXT('2D SPACE',''
  ) );
#2626 = PCURVE('',#2095,#2627);
#2627 = DEFINITIONAL_REPRESENTATION('',(#2628),#2632);
#2628 = LINE('',#2629,#2630);
#2629 = CARTESIAN_POINT('',(0.,0.));
#2630 = VECTOR('',#2631,1.);
#2631 = DIRECTION('',(1.,0.));
#2632 = ( GEOMETRIC_REPRESENTATION_CONTEXT(2) 
PARAMETRIC_REPRESENTATION_CONTEXT() REPRESENTATION_CONTEXT('2D SPACE',''
  ) );
#2633 = ORIENTED_EDGE('',*,*,#2634,.F.);
#2634 = EDGE_CURVE('',#1805,#2612,#2635,.T.);
#2635 = SURFACE_CURVE('',#2636,(#2640,#2647),.PCURVE_S1.);
#2636 = LINE('',#2637,#2638);
#2637 = CARTESIAN_POINT('',(29.,-21.5,9.));
#2638 = VECTOR('',#2639,1.);
#2639 = DIRECTION('',(0.,0.,1.));
#2640 = PCURVE('',#1848,#2641);
#2641 = DEFINITIONAL_REPRESENTATION('',(#2642),#2646);
#2642 = LINE('',#2643,#2644);
#2643 = CARTESIAN_POINT('',(0.,58.));
#2644 = VECTOR('',#2645,1.);
#2645 = DIRECTION('',(1.,0.));
#2646 = ( GEOMETRIC_REPRESENTATION_CONTEXT(2) 
PARAMETRIC_REPRESENTATION_CONTEXT() REPRESENTATION_CONTEXT('2D SPACE',''
  ) );
#2647 = PCURVE('',#1820,#2648);
#2648 = DEFINITIONAL_REPRESENTATION('',(#2649),#2653);
#2649 = LINE('',#2650,#2651);
#2650 = CARTESIAN_POINT('',(0.,0.));
#2651 = VECTOR('',#2652,1.);
#2652 = DIRECTION('',(1.,0.));
#2653 = ( GEOMETRIC_REPRESENTATION_CONTEXT(2) 
PARAMETRIC_REPRESENTATION_CONTEXT() REPRESENTATION_CONTEXT('2D SPACE',''
  ) );
#2654 = ADVANCED_FACE('',(#2655),#1820,.T.);
#2655 = FACE_BOUND('',#2656,.T.);
#2656 = EDGE_LOOP('',(#2657,#2678,#2679,#2680));
#2657 = ORIENTED_EDGE('',*,*,#2658,.F.);
#2658 = EDGE_CURVE('',#2612,#2053,#2659,.T.);
#2659 = SURFACE_CURVE('',#2660,(#2664,#2671),.PCURVE_S1.);
#2660 = LINE('',#2661,#2662);
#2661 = CARTESIAN_POINT('',(29.,-21.5,17.));
#2662 = VECTOR('',#2663,1.);
#2663 = DIRECTION('',(0.,1.,0.));
#2664 = PCURVE('',#1820,#2665);
#2665 = DEFINITIONAL_REPRESENTATION('',(#2666),#2670);
#2666 = LINE('',#2667,#2668);
#2667 = CARTESIAN_POINT('',(8.,0.));
#2668 = VECTOR('',#2669,1.);
#2669 = DIRECTION('',(0.,-1.));
#2670 = ( GEOMETRIC_REPRESENTATION_CONTEXT(2) 
PARAMETRIC_REPRESENTATION_CONTEXT() REPRESENTATION_CONTEXT('2D SPACE',''
  ) );
#2671 = PCURVE('',#2095,#2672);
#2672 = DEFINITIONAL_REPRESENTATION('',(#2673),#2677);
#2673 = LINE('',#2674,#2675);
#2674 = CARTESIAN_POINT('',(58.,0.));
#2675 = VECTOR('',#2676,1.);
#2676 = DIRECTION('',(0.,1.));
#2677 = ( GEOMETRIC_REPRESENTATION_CONTEXT(2) 
PARAMETRIC_REPRESENTATION_CONTEXT() REPRESENTATION_CONTEXT('2D SPACE',''
  ) );
#2678 = ORIENTED_EDGE('',*,*,#2634,.F.);
#2679 = ORIENTED_EDGE('',*,*,#1804,.T.);
#2680 = ORIENTED_EDGE('',*,*,#2052,.T.);
#2681 = ADVANCED_FACE('',(#2682,#2688,#2723),#2095,.T.);
#2682 = FACE_BOUND('',#2683,.T.);
#2683 = EDGE_LOOP('',(#2684,#2685,#2686,#2687));
#2684 = ORIENTED_EDGE('',*,*,#2560,.F.);
#2685 = ORIENTED_EDGE('',*,*,#2611,.T.);
#2686 = ORIENTED_EDGE('',*,*,#2658,.T.);
#2687 = ORIENTED_EDGE('',*,*,#2080,.T.);
#2688 = FACE_BOUND('',#2689,.T.);
#2689 = EDGE_LOOP('',(#2690));
#2690 = ORIENTED_EDGE('',*,*,#2691,.T.);
#2691 = EDGE_CURVE('',#2692,#2692,#2694,.T.);
#2692 = VERTEX_POINT('',#2693);
#2693 = CARTESIAN_POINT('',(-21.8,-17.,17.));
#2694 = SURFACE_CURVE('',#2695,(#2700,#2711),.PCURVE_S1.);
#2695 = CIRCLE('',#2696,2.2);
#2696 = AXIS2_PLACEMENT_3D('',#2697,#2698,#2699);
#2697 = CARTESIAN_POINT('',(-24.,-17.,17.));
#2698 = DIRECTION('',(0.,0.,-1.));
#2699 = DIRECTION('',(1.,0.,0.));
#2700 = PCURVE('',#2095,#2701);
#2701 = DEFINITIONAL_REPRESENTATION('',(#2702),#2710);
#2702 = ( BOUNDED_CURVE() B_SPLINE_CURVE(2,(#2703,#2704,#2705,#2706,
#2707,#2708,#2709),.UNSPECIFIED.,.T.,.F.) B_SPLINE_CURVE_WITH_KNOTS((1,2
    ,2,2,2,1),(-2.094395102393,0.,2.094395102393,4.188790204786,
6.28318530718,8.377580409573),.UNSPECIFIED.) CURVE() 
GEOMETRIC_REPRESENTATION_ITEM() RATIONAL_B_SPLINE_CURVE((1.,0.5,1.,0.5,
1.,0.5,1.)) REPRESENTATION_ITEM('') );
#2703 = CARTESIAN_POINT('',(7.2,4.5));
#2704 = CARTESIAN_POINT('',(7.2,0.689488223348));
#2705 = CARTESIAN_POINT('',(3.9,2.594744111674));
#2706 = CARTESIAN_POINT('',(0.6,4.5));
#2707 = CARTESIAN_POINT('',(3.9,6.405255888326));
#2708 = CARTESIAN_POINT('',(7.2,8.310511776652));
#2709 = CARTESIAN_POINT('',(7.2,4.5));
#2710 = ( GEOMETRIC_REPRESENTATION_CONTEXT(2) 
PARAMETRIC_REPRESENTATION_CONTEXT() REPRESENTATION_CONTEXT('2D SPACE',''
  ) );
#2711 = PCURVE('',#2712,#2717);
#2712 = CYLINDRICAL_SURFACE('',#2713,2.2);
#2713 = AXIS2_PLACEMENT_3D('',#2714,#2715,#2716);
#2714 = CARTESIAN_POINT('',(-24.,-17.,7.));
#2715 = DIRECTION('',(-0.,-0.,-1.));
#2716 = DIRECTION('',(1.,0.,0.));
#2717 = DEFINITIONAL_REPRESENTATION('',(#2718),#2722);
#2718 = LINE('',#2719,#2720);
#2719 = CARTESIAN_POINT('',(-6.28318530718,-10.));
#2720 = VECTOR('',#2721,1.);
#2721 = DIRECTION('',(1.,-0.));
#2722 = ( GEOMETRIC_REPRESENTATION_CONTEXT(2) 
PARAMETRIC_REPRESENTATION_CONTEXT() REPRESENTATION_CONTEXT('2D SPACE',''
  ) );
#2723 = FACE_BOUND('',#2724,.T.);
#2724 = EDGE_LOOP('',(#2725));
#2725 = ORIENTED_EDGE('',*,*,#2726,.T.);
#2726 = EDGE_CURVE('',#2727,#2727,#2729,.T.);
#2727 = VERTEX_POINT('',#2728);
#2728 = CARTESIAN_POINT('',(26.2,-17.,17.));
#2729 = SURFACE_CURVE('',#2730,(#2735,#2746),.PCURVE_S1.);
#2730 = CIRCLE('',#2731,2.2);
#2731 = AXIS2_PLACEMENT_3D('',#2732,#2733,#2734);
#2732 = CARTESIAN_POINT('',(24.,-17.,17.));
#2733 = DIRECTION('',(0.,0.,-1.));
#2734 = DIRECTION('',(1.,0.,0.));
#2735 = PCURVE('',#2095,#2736);
#2736 = DEFINITIONAL_REPRESENTATION('',(#2737),#2745);
#2737 = ( BOUNDED_CURVE() B_SPLINE_CURVE(2,(#2738,#2739,#2740,#2741,
#2742,#2743,#2744),.UNSPECIFIED.,.T.,.F.) B_SPLINE_CURVE_WITH_KNOTS((1,2
    ,2,2,2,1),(-2.094395102393,0.,2.094395102393,4.188790204786,
6.28318530718,8.377580409573),.UNSPECIFIED.) CURVE() 
GEOMETRIC_REPRESENTATION_ITEM() RATIONAL_B_SPLINE_CURVE((1.,0.5,1.,0.5,
1.,0.5,1.)) REPRESENTATION_ITEM('') );
#2738 = CARTESIAN_POINT('',(55.2,4.5));
#2739 = CARTESIAN_POINT('',(55.2,0.689488223348));
#2740 = CARTESIAN_POINT('',(51.9,2.594744111674));
#2741 = CARTESIAN_POINT('',(48.6,4.5));
#2742 = CARTESIAN_POINT('',(51.9,6.405255888326));
#2743 = CARTESIAN_POINT('',(55.2,8.310511776652));
#2744 = CARTESIAN_POINT('',(55.2,4.5));
#2745 = ( GEOMETRIC_REPRESENTATION_CONTEXT(2) 
PARAMETRIC_REPRESENTATION_CONTEXT() REPRESENTATION_CONTEXT('2D SPACE',''
  ) );
#2746 = PCURVE('',#2747,#2752);
#2747 = CYLINDRICAL_SURFACE('',#2748,2.2);
#2748 = AXIS2_PLACEMENT_3D('',#2749,#2750,#2751);
#2749 = CARTESIAN_POINT('',(24.,-17.,7.));
#2750 = DIRECTION('',(-0.,-0.,-1.));
#2751 = DIRECTION('',(1.,0.,0.));
#2752 = DEFINITIONAL_REPRESENTATION('',(#2753),#2757);
#2753 = LINE('',#2754,#2755);
#2754 = CARTESIAN_POINT('',(-6.28318530718,-10.));
#2755 = VECTOR('',#2756,1.);
#2756 = DIRECTION('',(1.,-0.));
#2757 = ( GEOMETRIC_REPRESENTATION_CONTEXT(2) 
PARAMETRIC_REPRESENTATION_CONTEXT() REPRESENTATION_CONTEXT('2D SPACE',''
  ) );
#2758 = ADVANCED_FACE('',(#2759),#2015,.T.);
#2759 = FACE_BOUND('',#2760,.T.);
#2760 = EDGE_LOOP('',(#2761,#2784,#2785,#2786));
#2761 = ORIENTED_EDGE('',*,*,#2762,.F.);
#2762 = EDGE_CURVE('',#1973,#2763,#2765,.T.);
#2763 = VERTEX_POINT('',#2764);
#2764 = CARTESIAN_POINT('',(29.,21.5,17.));
#2765 = SURFACE_CURVE('',#2766,(#2770,#2777),.PCURVE_S1.);
#2766 = LINE('',#2767,#2768);
#2767 = CARTESIAN_POINT('',(29.,-21.5,17.));
#2768 = VECTOR('',#2769,1.);
#2769 = DIRECTION('',(0.,1.,0.));
#2770 = PCURVE('',#2015,#2771);
#2771 = DEFINITIONAL_REPRESENTATION('',(#2772),#2776);
#2772 = LINE('',#2773,#2774);
#2773 = CARTESIAN_POINT('',(8.,0.));
#2774 = VECTOR('',#2775,1.);
#2775 = DIRECTION('',(0.,-1.));
#2776 = ( GEOMETRIC_REPRESENTATION_CONTEXT(2) 
PARAMETRIC_REPRESENTATION_CONTEXT() REPRESENTATION_CONTEXT('2D SPACE',''
  ) );
#2777 = PCURVE('',#1987,#2778);
#2778 = DEFINITIONAL_REPRESENTATION('',(#2779),#2783);
#2779 = LINE('',#2780,#2781);
#2780 = CARTESIAN_POINT('',(58.,0.));
#2781 = VECTOR('',#2782,1.);
#2782 = DIRECTION('',(0.,1.));
#2783 = ( GEOMETRIC_REPRESENTATION_CONTEXT(2) 
PARAMETRIC_REPRESENTATION_CONTEXT() REPRESENTATION_CONTEXT('2D SPACE',''
  ) );
#2784 = ORIENTED_EDGE('',*,*,#1998,.T.);
#2785 = ORIENTED_EDGE('',*,*,#2396,.T.);
#2786 = ORIENTED_EDGE('',*,*,#2787,.T.);
#2787 = EDGE_CURVE('',#2369,#2763,#2788,.T.);
#2788 = SURFACE_CURVE('',#2789,(#2793,#2800),.PCURVE_S1.);
#2789 = LINE('',#2790,#2791);
#2790 = CARTESIAN_POINT('',(29.,21.5,9.));
#2791 = VECTOR('',#2792,1.);
#2792 = DIRECTION('',(0.,0.,1.));
#2793 = PCURVE('',#2015,#2794);
#2794 = DEFINITIONAL_REPRESENTATION('',(#2795),#2799);
#2795 = LINE('',#2796,#2797);
#2796 = CARTESIAN_POINT('',(0.,-43.));
#2797 = VECTOR('',#2798,1.);
#2798 = DIRECTION('',(1.,0.));
#2799 = ( GEOMETRIC_REPRESENTATION_CONTEXT(2) 
PARAMETRIC_REPRESENTATION_CONTEXT() REPRESENTATION_CONTEXT('2D SPACE',''
  ) );
#2800 = PCURVE('',#2384,#2801);
#2801 = DEFINITIONAL_REPRESENTATION('',(#2802),#2806);
#2802 = LINE('',#2803,#2804);
#2803 = CARTESIAN_POINT('',(0.,58.));
#2804 = VECTOR('',#2805,1.);
#2805 = DIRECTION('',(1.,0.));
#2806 = ( GEOMETRIC_REPRESENTATION_CONTEXT(2) 
PARAMETRIC_REPRESENTATION_CONTEXT() REPRESENTATION_CONTEXT('2D SPACE',''
  ) );
#2807 = ADVANCED_FACE('',(#2808,#2856,#2891),#1987,.T.);
#2808 = FACE_BOUND('',#2809,.T.);
#2809 = EDGE_LOOP('',(#2810,#2833,#2834,#2835));
#2810 = ORIENTED_EDGE('',*,*,#2811,.F.);
#2811 = EDGE_CURVE('',#1940,#2812,#2814,.T.);
#2812 = VERTEX_POINT('',#2813);
#2813 = CARTESIAN_POINT('',(-29.,21.5,17.));
#2814 = SURFACE_CURVE('',#2815,(#2819,#2826),.PCURVE_S1.);
#2815 = LINE('',#2816,#2817);
#2816 = CARTESIAN_POINT('',(-29.,-21.5,17.));
#2817 = VECTOR('',#2818,1.);
#2818 = DIRECTION('',(0.,1.,0.));
#2819 = PCURVE('',#1987,#2820);
#2820 = DEFINITIONAL_REPRESENTATION('',(#2821),#2825);
#2821 = LINE('',#2822,#2823);
#2822 = CARTESIAN_POINT('',(0.,0.));
#2823 = VECTOR('',#2824,1.);
#2824 = DIRECTION('',(0.,1.));
#2825 = ( GEOMETRIC_REPRESENTATION_CONTEXT(2) 
PARAMETRIC_REPRESENTATION_CONTEXT() REPRESENTATION_CONTEXT('2D SPACE',''
  ) );
#2826 = PCURVE('',#1956,#2827);
#2827 = DEFINITIONAL_REPRESENTATION('',(#2828),#2832);
#2828 = LINE('',#2829,#2830);
#2829 = CARTESIAN_POINT('',(8.,0.));
#2830 = VECTOR('',#2831,1.);
#2831 = DIRECTION('',(0.,-1.));
#2832 = ( GEOMETRIC_REPRESENTATION_CONTEXT(2) 
PARAMETRIC_REPRESENTATION_CONTEXT() REPRESENTATION_CONTEXT('2D SPACE',''
  ) );
#2833 = ORIENTED_EDGE('',*,*,#1972,.F.);
#2834 = ORIENTED_EDGE('',*,*,#2762,.T.);
#2835 = ORIENTED_EDGE('',*,*,#2836,.F.);
#2836 = EDGE_CURVE('',#2812,#2763,#2837,.T.);
#2837 = SURFACE_CURVE('',#2838,(#2842,#2849),.PCURVE_S1.);
#2838 = LINE('',#2839,#2840);
#2839 = CARTESIAN_POINT('',(-29.,21.5,17.));
#2840 = VECTOR('',#2841,1.);
#2841 = DIRECTION('',(1.,0.,0.));
#2842 = PCURVE('',#1987,#2843);
#2843 = DEFINITIONAL_REPRESENTATION('',(#2844),#2848);
#2844 = LINE('',#2845,#2846);
#2845 = CARTESIAN_POINT('',(0.,43.));
#2846 = VECTOR('',#2847,1.);
#2847 = DIRECTION('',(1.,0.));
#2848 = ( GEOMETRIC_REPRESENTATION_CONTEXT(2) 
PARAMETRIC_REPRESENTATION_CONTEXT() REPRESENTATION_CONTEXT('2D SPACE',''
  ) );
#2849 = PCURVE('',#2384,#2850);
#2850 = DEFINITIONAL_REPRESENTATION('',(#2851),#2855);
#2851 = LINE('',#2852,#2853);
#2852 = CARTESIAN_POINT('',(8.,0.));
#2853 = VECTOR('',#2854,1.);
#2854 = DIRECTION('',(0.,1.));
#2855 = ( GEOMETRIC_REPRESENTATION_CONTEXT(2) 
PARAMETRIC_REPRESENTATION_CONTEXT() REPRESENTATION_CONTEXT('2D SPACE',''
  ) );
#2856 = FACE_BOUND('',#2857,.T.);
#2857 = EDGE_LOOP('',(#2858));
#2858 = ORIENTED_EDGE('',*,*,#2859,.T.);
#2859 = EDGE_CURVE('',#2860,#2860,#2862,.T.);
#2860 = VERTEX_POINT('',#2861);
#2861 = CARTESIAN_POINT('',(-21.8,17.,17.));
#2862 = SURFACE_CURVE('',#2863,(#2868,#2879),.PCURVE_S1.);
#2863 = CIRCLE('',#2864,2.2);
#2864 = AXIS2_PLACEMENT_3D('',#2865,#2866,#2867);
#2865 = CARTESIAN_POINT('',(-24.,17.,17.));
#2866 = DIRECTION('',(0.,0.,-1.));
#2867 = DIRECTION('',(1.,0.,0.));
#2868 = PCURVE('',#1987,#2869);
#2869 = DEFINITIONAL_REPRESENTATION('',(#2870),#2878);
#2870 = ( BOUNDED_CURVE() B_SPLINE_CURVE(2,(#2871,#2872,#2873,#2874,
#2875,#2876,#2877),.UNSPECIFIED.,.T.,.F.) B_SPLINE_CURVE_WITH_KNOTS((1,2
    ,2,2,2,1),(-2.094395102393,0.,2.094395102393,4.188790204786,
6.28318530718,8.377580409573),.UNSPECIFIED.) CURVE() 
GEOMETRIC_REPRESENTATION_ITEM() RATIONAL_B_SPLINE_CURVE((1.,0.5,1.,0.5,
1.,0.5,1.)) REPRESENTATION_ITEM('') );
#2871 = CARTESIAN_POINT('',(7.2,38.5));
#2872 = CARTESIAN_POINT('',(7.2,34.689488223348));
#2873 = CARTESIAN_POINT('',(3.9,36.594744111674));
#2874 = CARTESIAN_POINT('',(0.6,38.5));
#2875 = CARTESIAN_POINT('',(3.9,40.405255888326));
#2876 = CARTESIAN_POINT('',(7.2,42.310511776652));
#2877 = CARTESIAN_POINT('',(7.2,38.5));
#2878 = ( GEOMETRIC_REPRESENTATION_CONTEXT(2) 
PARAMETRIC_REPRESENTATION_CONTEXT() REPRESENTATION_CONTEXT('2D SPACE',''
  ) );
#2879 = PCURVE('',#2880,#2885);
#2880 = CYLINDRICAL_SURFACE('',#2881,2.2);
#2881 = AXIS2_PLACEMENT_3D('',#2882,#2883,#2884);
#2882 = CARTESIAN_POINT('',(-24.,17.,7.));
#2883 = DIRECTION('',(-0.,-0.,-1.));
#2884 = DIRECTION('',(1.,0.,0.));
#2885 = DEFINITIONAL_REPRESENTATION('',(#2886),#2890);
#2886 = LINE('',#2887,#2888);
#2887 = CARTESIAN_POINT('',(-6.28318530718,-10.));
#2888 = VECTOR('',#2889,1.);
#2889 = DIRECTION('',(1.,-0.));
#2890 = ( GEOMETRIC_REPRESENTATION_CONTEXT(2) 
PARAMETRIC_REPRESENTATION_CONTEXT() REPRESENTATION_CONTEXT('2D SPACE',''
  ) );
#2891 = FACE_BOUND('',#2892,.T.);
#2892 = EDGE_LOOP('',(#2893));
#2893 = ORIENTED_EDGE('',*,*,#2894,.T.);
#2894 = EDGE_CURVE('',#2895,#2895,#2897,.T.);
#2895 = VERTEX_POINT('',#2896);
#2896 = CARTESIAN_POINT('',(26.2,17.,17.));
#2897 = SURFACE_CURVE('',#2898,(#2903,#2914),.PCURVE_S1.);
#2898 = CIRCLE('',#2899,2.2);
#2899 = AXIS2_PLACEMENT_3D('',#2900,#2901,#2902);
#2900 = CARTESIAN_POINT('',(24.,17.,17.));
#2901 = DIRECTION('',(0.,0.,-1.));
#2902 = DIRECTION('',(1.,0.,0.));
#2903 = PCURVE('',#1987,#2904);
#2904 = DEFINITIONAL_REPRESENTATION('',(#2905),#2913);
#2905 = ( BOUNDED_CURVE() B_SPLINE_CURVE(2,(#2906,#2907,#2908,#2909,
#2910,#2911,#2912),.UNSPECIFIED.,.T.,.F.) B_SPLINE_CURVE_WITH_KNOTS((1,2
    ,2,2,2,1),(-2.094395102393,0.,2.094395102393,4.188790204786,
6.28318530718,8.377580409573),.UNSPECIFIED.) CURVE() 
GEOMETRIC_REPRESENTATION_ITEM() RATIONAL_B_SPLINE_CURVE((1.,0.5,1.,0.5,
1.,0.5,1.)) REPRESENTATION_ITEM('') );
#2906 = CARTESIAN_POINT('',(55.2,38.5));
#2907 = CARTESIAN_POINT('',(55.2,34.689488223348));
#2908 = CARTESIAN_POINT('',(51.9,36.594744111674));
#2909 = CARTESIAN_POINT('',(48.6,38.5));
#2910 = CARTESIAN_POINT('',(51.9,40.405255888326));
#2911 = CARTESIAN_POINT('',(55.2,42.310511776652));
#2912 = CARTESIAN_POINT('',(55.2,38.5));
#2913 = ( GEOMETRIC_REPRESENTATION_CONTEXT(2) 
PARAMETRIC_REPRESENTATION_CONTEXT() REPRESENTATION_CONTEXT('2D SPACE',''
  ) );
#2914 = PCURVE('',#2915,#2920);
#2915 = CYLINDRICAL_SURFACE('',#2916,2.2);
#2916 = AXIS2_PLACEMENT_3D('',#2917,#2918,#2919);
#2917 = CARTESIAN_POINT('',(24.,17.,7.));
#2918 = DIRECTION('',(-0.,-0.,-1.));
#2919 = DIRECTION('',(1.,0.,0.));
#2920 = DEFINITIONAL_REPRESENTATION('',(#2921),#2925);
#2921 = LINE('',#2922,#2923);
#2922 = CARTESIAN_POINT('',(-6.28318530718,-10.));
#2923 = VECTOR('',#2924,1.);
#2924 = DIRECTION('',(1.,-0.));
#2925 = ( GEOMETRIC_REPRESENTATION_CONTEXT(2) 
PARAMETRIC_REPRESENTATION_CONTEXT() REPRESENTATION_CONTEXT('2D SPACE',''
  ) );
#2926 = ADVANCED_FACE('',(#2927),#1956,.F.);
#2927 = FACE_BOUND('',#2928,.F.);
#2928 = EDGE_LOOP('',(#2929,#2930,#2931,#2932));
#2929 = ORIENTED_EDGE('',*,*,#2811,.F.);
#2930 = ORIENTED_EDGE('',*,*,#1939,.T.);
#2931 = ORIENTED_EDGE('',*,*,#2345,.T.);
#2932 = ORIENTED_EDGE('',*,*,#2933,.T.);
#2933 = EDGE_CURVE('',#2346,#2812,#2934,.T.);
#2934 = SURFACE_CURVE('',#2935,(#2939,#2946),.PCURVE_S1.);
#2935 = LINE('',#2936,#2937);
#2936 = CARTESIAN_POINT('',(-29.,21.5,9.));
#2937 = VECTOR('',#2938,1.);
#2938 = DIRECTION('',(0.,0.,1.));
#2939 = PCURVE('',#1956,#2940);
#2940 = DEFINITIONAL_REPRESENTATION('',(#2941),#2945);
#2941 = LINE('',#2942,#2943);
#2942 = CARTESIAN_POINT('',(0.,-43.));
#2943 = VECTOR('',#2944,1.);
#2944 = DIRECTION('',(1.,0.));
#2945 = ( GEOMETRIC_REPRESENTATION_CONTEXT(2) 
PARAMETRIC_REPRESENTATION_CONTEXT() REPRESENTATION_CONTEXT('2D SPACE',''
  ) );
#2946 = PCURVE('',#2384,#2947);
#2947 = DEFINITIONAL_REPRESENTATION('',(#2948),#2952);
#2948 = LINE('',#2949,#2950);
#2949 = CARTESIAN_POINT('',(0.,0.));
#2950 = VECTOR('',#2951,1.);
#2951 = DIRECTION('',(1.,0.));
#2952 = ( GEOMETRIC_REPRESENTATION_CONTEXT(2) 
PARAMETRIC_REPRESENTATION_CONTEXT() REPRESENTATION_CONTEXT('2D SPACE',''
  ) );
#2953 = ADVANCED_FACE('',(#2954),#2269,.F.);
#2954 = FACE_BOUND('',#2955,.T.);
#2955 = EDGE_LOOP('',(#2956,#2989,#3010,#3011));
#2956 = ORIENTED_EDGE('',*,*,#2957,.T.);
#2957 = EDGE_CURVE('',#2958,#2958,#2960,.T.);
#2958 = VERTEX_POINT('',#2959);
#2959 = CARTESIAN_POINT('',(3.18,0.,17.));
#2960 = SURFACE_CURVE('',#2961,(#2966,#2973),.PCURVE_S1.);
#2961 = CIRCLE('',#2962,3.18);
#2962 = AXIS2_PLACEMENT_3D('',#2963,#2964,#2965);
#2963 = CARTESIAN_POINT('',(0.,0.,17.));
#2964 = DIRECTION('',(0.,0.,-1.));
#2965 = DIRECTION('',(1.,0.,0.));
#2966 = PCURVE('',#2269,#2967);
#2967 = DEFINITIONAL_REPRESENTATION('',(#2968),#2972);
#2968 = LINE('',#2969,#2970);
#2969 = CARTESIAN_POINT('',(-6.28318530718,-37.));
#2970 = VECTOR('',#2971,1.);
#2971 = DIRECTION('',(1.,-0.));
#2972 = ( GEOMETRIC_REPRESENTATION_CONTEXT(2) 
PARAMETRIC_REPRESENTATION_CONTEXT() REPRESENTATION_CONTEXT('2D SPACE',''
  ) );
#2973 = PCURVE('',#2974,#2979);
#2974 = PLANE('',#2975);
#2975 = AXIS2_PLACEMENT_3D('',#2976,#2977,#2978);
#2976 = CARTESIAN_POINT('',(-29.,-21.5,17.));
#2977 = DIRECTION('',(0.,0.,1.));
#2978 = DIRECTION('',(1.,0.,0.));
#2979 = DEFINITIONAL_REPRESENTATION('',(#2980),#2988);
#2980 = ( BOUNDED_CURVE() B_SPLINE_CURVE(2,(#2981,#2982,#2983,#2984,
#2985,#2986,#2987),.UNSPECIFIED.,.T.,.F.) B_SPLINE_CURVE_WITH_KNOTS((1,2
    ,2,2,2,1),(-2.094395102393,0.,2.094395102393,4.188790204786,
6.28318530718,8.377580409573),.UNSPECIFIED.) CURVE() 
GEOMETRIC_REPRESENTATION_ITEM() RATIONAL_B_SPLINE_CURVE((1.,0.5,1.,0.5,
1.,0.5,1.)) REPRESENTATION_ITEM('') );
#2981 = CARTESIAN_POINT('',(32.18,21.5));
#2982 = CARTESIAN_POINT('',(32.18,15.992078431931));
#2983 = CARTESIAN_POINT('',(27.41,18.746039215965));
#2984 = CARTESIAN_POINT('',(22.64,21.5));
#2985 = CARTESIAN_POINT('',(27.41,24.253960784035));
#2986 = CARTESIAN_POINT('',(32.18,27.007921568069));
#2987 = CARTESIAN_POINT('',(32.18,21.5));
#2988 = ( GEOMETRIC_REPRESENTATION_CONTEXT(2) 
PARAMETRIC_REPRESENTATION_CONTEXT() REPRESENTATION_CONTEXT('2D SPACE',''
  ) );
#2989 = ORIENTED_EDGE('',*,*,#2990,.T.);
#2990 = EDGE_CURVE('',#2958,#2136,#2991,.T.);
#2991 = SEAM_CURVE('',#2992,(#2996,#3003),.PCURVE_S1.);
#2992 = LINE('',#2993,#2994);
#2993 = CARTESIAN_POINT('',(3.18,0.,-20.));
#2994 = VECTOR('',#2995,1.);
#2995 = DIRECTION('',(0.,0.,1.));
#2996 = PCURVE('',#2269,#2997);
#2997 = DEFINITIONAL_REPRESENTATION('',(#2998),#3002);
#2998 = LINE('',#2999,#3000);
#2999 = CARTESIAN_POINT('',(-6.28318530718,0.));
#3000 = VECTOR('',#3001,1.);
#3001 = DIRECTION('',(-0.,-1.));
#3002 = ( GEOMETRIC_REPRESENTATION_CONTEXT(2) 
PARAMETRIC_REPRESENTATION_CONTEXT() REPRESENTATION_CONTEXT('2D SPACE',''
  ) );
#3003 = PCURVE('',#2269,#3004);
#3004 = DEFINITIONAL_REPRESENTATION('',(#3005),#3009);
#3005 = LINE('',#3006,#3007);
#3006 = CARTESIAN_POINT('',(-0.,0.));
#3007 = VECTOR('',#3008,1.);
#3008 = DIRECTION('',(-0.,-1.));
#3009 = ( GEOMETRIC_REPRESENTATION_CONTEXT(2) 
PARAMETRIC_REPRESENTATION_CONTEXT() REPRESENTATION_CONTEXT('2D SPACE',''
  ) );
#3010 = ORIENTED_EDGE('',*,*,#2135,.T.);
#3011 = ORIENTED_EDGE('',*,*,#2990,.F.);
#3012 = ADVANCED_FACE('',(#3013),#2384,.T.);
#3013 = FACE_BOUND('',#3014,.T.);
#3014 = EDGE_LOOP('',(#3015,#3016,#3017,#3018));
#3015 = ORIENTED_EDGE('',*,*,#2368,.F.);
#3016 = ORIENTED_EDGE('',*,*,#2933,.T.);
#3017 = ORIENTED_EDGE('',*,*,#2836,.T.);
#3018 = ORIENTED_EDGE('',*,*,#2787,.F.);
#3019 = ADVANCED_FACE('',(#3020,#3023),#2488,.T.);
#3020 = FACE_BOUND('',#3021,.T.);
#3021 = EDGE_LOOP('',(#3022));
#3022 = ORIENTED_EDGE('',*,*,#2473,.T.);
#3023 = FACE_BOUND('',#3024,.T.);
#3024 = EDGE_LOOP('',(#3025));
#3025 = ORIENTED_EDGE('',*,*,#3026,.F.);
#3026 = EDGE_CURVE('',#3027,#3027,#3029,.T.);
#3027 = VERTEX_POINT('',#3028);
#3028 = CARTESIAN_POINT('',(-41.,5.,0.));
#3029 = SURFACE_CURVE('',#3030,(#3035,#3042),.PCURVE_S1.);
#3030 = CIRCLE('',#3031,5.);
#3031 = AXIS2_PLACEMENT_3D('',#3032,#3033,#3034);
#3032 = CARTESIAN_POINT('',(-41.,0.,0.));
#3033 = DIRECTION('',(1.,0.,0.));
#3034 = DIRECTION('',(0.,1.,0.));
#3035 = PCURVE('',#2488,#3036);
#3036 = DEFINITIONAL_REPRESENTATION('',(#3037),#3041);
#3037 = CIRCLE('',#3038,5.);
#3038 = AXIS2_PLACEMENT_2D('',#3039,#3040);
#3039 = CARTESIAN_POINT('',(-5.529132197927E-17,-3.982835337493E-16));
#3040 = DIRECTION('',(0.,-1.));
#3041 = ( GEOMETRIC_REPRESENTATION_CONTEXT(2) 
PARAMETRIC_REPRESENTATION_CONTEXT() REPRESENTATION_CONTEXT('2D SPACE',''
  ) );
#3042 = PCURVE('',#3043,#3048);
#3043 = CYLINDRICAL_SURFACE('',#3044,5.);
#3044 = AXIS2_PLACEMENT_3D('',#3045,#3046,#3047);
#3045 = CARTESIAN_POINT('',(-41.,0.,0.));
#3046 = DIRECTION('',(-1.,-0.,-0.));
#3047 = DIRECTION('',(0.,1.,0.));
#3048 = DEFINITIONAL_REPRESENTATION('',(#3049),#3053);
#3049 = LINE('',#3050,#3051);
#3050 = CARTESIAN_POINT('',(-0.,0.));
#3051 = VECTOR('',#3052,1.);
#3052 = DIRECTION('',(-1.,0.));
#3053 = ( GEOMETRIC_REPRESENTATION_CONTEXT(2) 
PARAMETRIC_REPRESENTATION_CONTEXT() REPRESENTATION_CONTEXT('2D SPACE',''
  ) );
#3054 = ADVANCED_FACE('',(#3055,#3086),#2545,.T.);
#3055 = FACE_BOUND('',#3056,.T.);
#3056 = EDGE_LOOP('',(#3057));
#3057 = ORIENTED_EDGE('',*,*,#3058,.T.);
#3058 = EDGE_CURVE('',#3059,#3059,#3061,.T.);
#3059 = VERTEX_POINT('',#3060);
#3060 = CARTESIAN_POINT('',(-35.,5.15,0.));
#3061 = SURFACE_CURVE('',#3062,(#3067,#3074),.PCURVE_S1.);
#3062 = CIRCLE('',#3063,5.15);
#3063 = AXIS2_PLACEMENT_3D('',#3064,#3065,#3066);
#3064 = CARTESIAN_POINT('',(-35.,0.,0.));
#3065 = DIRECTION('',(1.,0.,0.));
#3066 = DIRECTION('',(0.,1.,0.));
#3067 = PCURVE('',#2545,#3068);
#3068 = DEFINITIONAL_REPRESENTATION('',(#3069),#3073);
#3069 = CIRCLE('',#3070,5.15);
#3070 = AXIS2_PLACEMENT_2D('',#3071,#3072);
#3071 = CARTESIAN_POINT('',(-5.529132197927E-17,-3.982835337493E-16));
#3072 = DIRECTION('',(0.,-1.));
#3073 = ( GEOMETRIC_REPRESENTATION_CONTEXT(2) 
PARAMETRIC_REPRESENTATION_CONTEXT() REPRESENTATION_CONTEXT('2D SPACE',''
  ) );
#3074 = PCURVE('',#3075,#3080);
#3075 = CYLINDRICAL_SURFACE('',#3076,5.15);
#3076 = AXIS2_PLACEMENT_3D('',#3077,#3078,#3079);
#3077 = CARTESIAN_POINT('',(-38.,0.,0.));
#3078 = DIRECTION('',(-1.,-0.,-0.));
#3079 = DIRECTION('',(0.,1.,0.));
#3080 = DEFINITIONAL_REPRESENTATION('',(#3081),#3085);
#3081 = LINE('',#3082,#3083);
#3082 = CARTESIAN_POINT('',(-0.,-3.));
#3083 = VECTOR('',#3084,1.);
#3084 = DIRECTION('',(-1.,0.));
#3085 = ( GEOMETRIC_REPRESENTATION_CONTEXT(2) 
PARAMETRIC_REPRESENTATION_CONTEXT() REPRESENTATION_CONTEXT('2D SPACE',''
  ) );
#3086 = FACE_BOUND('',#3087,.T.);
#3087 = EDGE_LOOP('',(#3088));
#3088 = ORIENTED_EDGE('',*,*,#2530,.F.);
#3089 = ADVANCED_FACE('',(#3090),#2712,.F.);
#3090 = FACE_BOUND('',#3091,.T.);
#3091 = EDGE_LOOP('',(#3092,#3121,#3142,#3143));
#3092 = ORIENTED_EDGE('',*,*,#3093,.F.);
#3093 = EDGE_CURVE('',#3094,#3094,#3096,.T.);
#3094 = VERTEX_POINT('',#3095);
#3095 = CARTESIAN_POINT('',(-21.8,-17.,7.));
#3096 = SURFACE_CURVE('',#3097,(#3102,#3109),.PCURVE_S1.);
#3097 = CIRCLE('',#3098,2.2);
#3098 = AXIS2_PLACEMENT_3D('',#3099,#3100,#3101);
#3099 = CARTESIAN_POINT('',(-24.,-17.,7.));
#3100 = DIRECTION('',(0.,0.,1.));
#3101 = DIRECTION('',(1.,0.,0.));
#3102 = PCURVE('',#2712,#3103);
#3103 = DEFINITIONAL_REPRESENTATION('',(#3104),#3108);
#3104 = LINE('',#3105,#3106);
#3105 = CARTESIAN_POINT('',(-0.,0.));
#3106 = VECTOR('',#3107,1.);
#3107 = DIRECTION('',(-1.,0.));
#3108 = ( GEOMETRIC_REPRESENTATION_CONTEXT(2) 
PARAMETRIC_REPRESENTATION_CONTEXT() REPRESENTATION_CONTEXT('2D SPACE',''
  ) );
#3109 = PCURVE('',#3110,#3115);
#3110 = PLANE('',#3111);
#3111 = AXIS2_PLACEMENT_3D('',#3112,#3113,#3114);
#3112 = CARTESIAN_POINT('',(-24.,-17.,7.));
#3113 = DIRECTION('',(0.,0.,1.));
#3114 = DIRECTION('',(1.,0.,-0.));
#3115 = DEFINITIONAL_REPRESENTATION('',(#3116),#3120);
#3116 = CIRCLE('',#3117,2.2);
#3117 = AXIS2_PLACEMENT_2D('',#3118,#3119);
#3118 = CARTESIAN_POINT('',(0.,0.));
#3119 = DIRECTION('',(1.,0.));
#3120 = ( GEOMETRIC_REPRESENTATION_CONTEXT(2) 
PARAMETRIC_REPRESENTATION_CONTEXT() REPRESENTATION_CONTEXT('2D SPACE',''
  ) );
#3121 = ORIENTED_EDGE('',*,*,#3122,.T.);
#3122 = EDGE_CURVE('',#3094,#2692,#3123,.T.);
#3123 = SEAM_CURVE('',#3124,(#3128,#3135),.PCURVE_S1.);
#3124 = LINE('',#3125,#3126);
#3125 = CARTESIAN_POINT('',(-21.8,-17.,7.));
#3126 = VECTOR('',#3127,1.);
#3127 = DIRECTION('',(0.,0.,1.));
#3128 = PCURVE('',#2712,#3129);
#3129 = DEFINITIONAL_REPRESENTATION('',(#3130),#3134);
#3130 = LINE('',#3131,#3132);
#3131 = CARTESIAN_POINT('',(-6.28318530718,0.));
#3132 = VECTOR('',#3133,1.);
#3133 = DIRECTION('',(-0.,-1.));
#3134 = ( GEOMETRIC_REPRESENTATION_CONTEXT(2) 
PARAMETRIC_REPRESENTATION_CONTEXT() REPRESENTATION_CONTEXT('2D SPACE',''
  ) );
#3135 = PCURVE('',#2712,#3136);
#3136 = DEFINITIONAL_REPRESENTATION('',(#3137),#3141);
#3137 = LINE('',#3138,#3139);
#3138 = CARTESIAN_POINT('',(-0.,0.));
#3139 = VECTOR('',#3140,1.);
#3140 = DIRECTION('',(-0.,-1.));
#3141 = ( GEOMETRIC_REPRESENTATION_CONTEXT(2) 
PARAMETRIC_REPRESENTATION_CONTEXT() REPRESENTATION_CONTEXT('2D SPACE',''
  ) );
#3142 = ORIENTED_EDGE('',*,*,#2691,.F.);
#3143 = ORIENTED_EDGE('',*,*,#3122,.F.);
#3144 = ADVANCED_FACE('',(#3145),#2747,.F.);
#3145 = FACE_BOUND('',#3146,.T.);
#3146 = EDGE_LOOP('',(#3147,#3176,#3197,#3198));
#3147 = ORIENTED_EDGE('',*,*,#3148,.F.);
#3148 = EDGE_CURVE('',#3149,#3149,#3151,.T.);
#3149 = VERTEX_POINT('',#3150);
#3150 = CARTESIAN_POINT('',(26.2,-17.,7.));
#3151 = SURFACE_CURVE('',#3152,(#3157,#3164),.PCURVE_S1.);
#3152 = CIRCLE('',#3153,2.2);
#3153 = AXIS2_PLACEMENT_3D('',#3154,#3155,#3156);
#3154 = CARTESIAN_POINT('',(24.,-17.,7.));
#3155 = DIRECTION('',(0.,0.,1.));
#3156 = DIRECTION('',(1.,0.,0.));
#3157 = PCURVE('',#2747,#3158);
#3158 = DEFINITIONAL_REPRESENTATION('',(#3159),#3163);
#3159 = LINE('',#3160,#3161);
#3160 = CARTESIAN_POINT('',(-0.,0.));
#3161 = VECTOR('',#3162,1.);
#3162 = DIRECTION('',(-1.,0.));
#3163 = ( GEOMETRIC_REPRESENTATION_CONTEXT(2) 
PARAMETRIC_REPRESENTATION_CONTEXT() REPRESENTATION_CONTEXT('2D SPACE',''
  ) );
#3164 = PCURVE('',#3165,#3170);
#3165 = PLANE('',#3166);
#3166 = AXIS2_PLACEMENT_3D('',#3167,#3168,#3169);
#3167 = CARTESIAN_POINT('',(24.,-17.,7.));
#3168 = DIRECTION('',(0.,0.,1.));
#3169 = DIRECTION('',(1.,0.,-0.));
#3170 = DEFINITIONAL_REPRESENTATION('',(#3171),#3175);
#3171 = CIRCLE('',#3172,2.2);
#3172 = AXIS2_PLACEMENT_2D('',#3173,#3174);
#3173 = CARTESIAN_POINT('',(0.,0.));
#3174 = DIRECTION('',(1.,0.));
#3175 = ( GEOMETRIC_REPRESENTATION_CONTEXT(2) 
PARAMETRIC_REPRESENTATION_CONTEXT() REPRESENTATION_CONTEXT('2D SPACE',''
  ) );
#3176 = ORIENTED_EDGE('',*,*,#3177,.T.);
#3177 = EDGE_CURVE('',#3149,#2727,#3178,.T.);
#3178 = SEAM_CURVE('',#3179,(#3183,#3190),.PCURVE_S1.);
#3179 = LINE('',#3180,#3181);
#3180 = CARTESIAN_POINT('',(26.2,-17.,7.));
#3181 = VECTOR('',#3182,1.);
#3182 = DIRECTION('',(0.,0.,1.));
#3183 = PCURVE('',#2747,#3184);
#3184 = DEFINITIONAL_REPRESENTATION('',(#3185),#3189);
#3185 = LINE('',#3186,#3187);
#3186 = CARTESIAN_POINT('',(-6.28318530718,0.));
#3187 = VECTOR('',#3188,1.);
#3188 = DIRECTION('',(-0.,-1.));
#3189 = ( GEOMETRIC_REPRESENTATION_CONTEXT(2) 
PARAMETRIC_REPRESENTATION_CONTEXT() REPRESENTATION_CONTEXT('2D SPACE',''
  ) );
#3190 = PCURVE('',#2747,#3191);
#3191 = DEFINITIONAL_REPRESENTATION('',(#3192),#3196);
#3192 = LINE('',#3193,#3194);
#3193 = CARTESIAN_POINT('',(-0.,0.));
#3194 = VECTOR('',#3195,1.);
#3195 = DIRECTION('',(-0.,-1.));
#3196 = ( GEOMETRIC_REPRESENTATION_CONTEXT(2) 
PARAMETRIC_REPRESENTATION_CONTEXT() REPRESENTATION_CONTEXT('2D SPACE',''
  ) );
#3197 = ORIENTED_EDGE('',*,*,#2726,.F.);
#3198 = ORIENTED_EDGE('',*,*,#3177,.F.);
#3199 = ADVANCED_FACE('',(#3200),#2880,.F.);
#3200 = FACE_BOUND('',#3201,.T.);
#3201 = EDGE_LOOP('',(#3202,#3231,#3252,#3253));
#3202 = ORIENTED_EDGE('',*,*,#3203,.F.);
#3203 = EDGE_CURVE('',#3204,#3204,#3206,.T.);
#3204 = VERTEX_POINT('',#3205);
#3205 = CARTESIAN_POINT('',(-21.8,17.,7.));
#3206 = SURFACE_CURVE('',#3207,(#3212,#3219),.PCURVE_S1.);
#3207 = CIRCLE('',#3208,2.2);
#3208 = AXIS2_PLACEMENT_3D('',#3209,#3210,#3211);
#3209 = CARTESIAN_POINT('',(-24.,17.,7.));
#3210 = DIRECTION('',(0.,0.,1.));
#3211 = DIRECTION('',(1.,0.,0.));
#3212 = PCURVE('',#2880,#3213);
#3213 = DEFINITIONAL_REPRESENTATION('',(#3214),#3218);
#3214 = LINE('',#3215,#3216);
#3215 = CARTESIAN_POINT('',(-0.,0.));
#3216 = VECTOR('',#3217,1.);
#3217 = DIRECTION('',(-1.,0.));
#3218 = ( GEOMETRIC_REPRESENTATION_CONTEXT(2) 
PARAMETRIC_REPRESENTATION_CONTEXT() REPRESENTATION_CONTEXT('2D SPACE',''
  ) );
#3219 = PCURVE('',#3220,#3225);
#3220 = PLANE('',#3221);
#3221 = AXIS2_PLACEMENT_3D('',#3222,#3223,#3224);
#3222 = CARTESIAN_POINT('',(-24.,17.,7.));
#3223 = DIRECTION('',(0.,0.,1.));
#3224 = DIRECTION('',(1.,0.,-0.));
#3225 = DEFINITIONAL_REPRESENTATION('',(#3226),#3230);
#3226 = CIRCLE('',#3227,2.2);
#3227 = AXIS2_PLACEMENT_2D('',#3228,#3229);
#3228 = CARTESIAN_POINT('',(0.,0.));
#3229 = DIRECTION('',(1.,0.));
#3230 = ( GEOMETRIC_REPRESENTATION_CONTEXT(2) 
PARAMETRIC_REPRESENTATION_CONTEXT() REPRESENTATION_CONTEXT('2D SPACE',''
  ) );
#3231 = ORIENTED_EDGE('',*,*,#3232,.T.);
#3232 = EDGE_CURVE('',#3204,#2860,#3233,.T.);
#3233 = SEAM_CURVE('',#3234,(#3238,#3245),.PCURVE_S1.);
#3234 = LINE('',#3235,#3236);
#3235 = CARTESIAN_POINT('',(-21.8,17.,7.));
#3236 = VECTOR('',#3237,1.);
#3237 = DIRECTION('',(0.,0.,1.));
#3238 = PCURVE('',#2880,#3239);
#3239 = DEFINITIONAL_REPRESENTATION('',(#3240),#3244);
#3240 = LINE('',#3241,#3242);
#3241 = CARTESIAN_POINT('',(-6.28318530718,0.));
#3242 = VECTOR('',#3243,1.);
#3243 = DIRECTION('',(-0.,-1.));
#3244 = ( GEOMETRIC_REPRESENTATION_CONTEXT(2) 
PARAMETRIC_REPRESENTATION_CONTEXT() REPRESENTATION_CONTEXT('2D SPACE',''
  ) );
#3245 = PCURVE('',#2880,#3246);
#3246 = DEFINITIONAL_REPRESENTATION('',(#3247),#3251);
#3247 = LINE('',#3248,#3249);
#3248 = CARTESIAN_POINT('',(-0.,0.));
#3249 = VECTOR('',#3250,1.);
#3250 = DIRECTION('',(-0.,-1.));
#3251 = ( GEOMETRIC_REPRESENTATION_CONTEXT(2) 
PARAMETRIC_REPRESENTATION_CONTEXT() REPRESENTATION_CONTEXT('2D SPACE',''
  ) );
#3252 = ORIENTED_EDGE('',*,*,#2859,.F.);
#3253 = ORIENTED_EDGE('',*,*,#3232,.F.);
#3254 = ADVANCED_FACE('',(#3255),#2915,.F.);
#3255 = FACE_BOUND('',#3256,.T.);
#3256 = EDGE_LOOP('',(#3257,#3286,#3307,#3308));
#3257 = ORIENTED_EDGE('',*,*,#3258,.F.);
#3258 = EDGE_CURVE('',#3259,#3259,#3261,.T.);
#3259 = VERTEX_POINT('',#3260);
#3260 = CARTESIAN_POINT('',(26.2,17.,7.));
#3261 = SURFACE_CURVE('',#3262,(#3267,#3274),.PCURVE_S1.);
#3262 = CIRCLE('',#3263,2.2);
#3263 = AXIS2_PLACEMENT_3D('',#3264,#3265,#3266);
#3264 = CARTESIAN_POINT('',(24.,17.,7.));
#3265 = DIRECTION('',(0.,0.,1.));
#3266 = DIRECTION('',(1.,0.,0.));
#3267 = PCURVE('',#2915,#3268);
#3268 = DEFINITIONAL_REPRESENTATION('',(#3269),#3273);
#3269 = LINE('',#3270,#3271);
#3270 = CARTESIAN_POINT('',(-0.,0.));
#3271 = VECTOR('',#3272,1.);
#3272 = DIRECTION('',(-1.,0.));
#3273 = ( GEOMETRIC_REPRESENTATION_CONTEXT(2) 
PARAMETRIC_REPRESENTATION_CONTEXT() REPRESENTATION_CONTEXT('2D SPACE',''
  ) );
#3274 = PCURVE('',#3275,#3280);
#3275 = PLANE('',#3276);
#3276 = AXIS2_PLACEMENT_3D('',#3277,#3278,#3279);
#3277 = CARTESIAN_POINT('',(24.,17.,7.));
#3278 = DIRECTION('',(0.,0.,1.));
#3279 = DIRECTION('',(1.,0.,-0.));
#3280 = DEFINITIONAL_REPRESENTATION('',(#3281),#3285);
#3281 = CIRCLE('',#3282,2.2);
#3282 = AXIS2_PLACEMENT_2D('',#3283,#3284);
#3283 = CARTESIAN_POINT('',(0.,0.));
#3284 = DIRECTION('',(1.,0.));
#3285 = ( GEOMETRIC_REPRESENTATION_CONTEXT(2) 
PARAMETRIC_REPRESENTATION_CONTEXT() REPRESENTATION_CONTEXT('2D SPACE',''
  ) );
#3286 = ORIENTED_EDGE('',*,*,#3287,.T.);
#3287 = EDGE_CURVE('',#3259,#2895,#3288,.T.);
#3288 = SEAM_CURVE('',#3289,(#3293,#3300),.PCURVE_S1.);
#3289 = LINE('',#3290,#3291);
#3290 = CARTESIAN_POINT('',(26.2,17.,7.));
#3291 = VECTOR('',#3292,1.);
#3292 = DIRECTION('',(0.,0.,1.));
#3293 = PCURVE('',#2915,#3294);
#3294 = DEFINITIONAL_REPRESENTATION('',(#3295),#3299);
#3295 = LINE('',#3296,#3297);
#3296 = CARTESIAN_POINT('',(-6.28318530718,0.));
#3297 = VECTOR('',#3298,1.);
#3298 = DIRECTION('',(-0.,-1.));
#3299 = ( GEOMETRIC_REPRESENTATION_CONTEXT(2) 
PARAMETRIC_REPRESENTATION_CONTEXT() REPRESENTATION_CONTEXT('2D SPACE',''
  ) );
#3300 = PCURVE('',#2915,#3301);
#3301 = DEFINITIONAL_REPRESENTATION('',(#3302),#3306);
#3302 = LINE('',#3303,#3304);
#3303 = CARTESIAN_POINT('',(-0.,0.));
#3304 = VECTOR('',#3305,1.);
#3305 = DIRECTION('',(-0.,-1.));
#3306 = ( GEOMETRIC_REPRESENTATION_CONTEXT(2) 
PARAMETRIC_REPRESENTATION_CONTEXT() REPRESENTATION_CONTEXT('2D SPACE',''
  ) );
#3307 = ORIENTED_EDGE('',*,*,#2894,.F.);
#3308 = ORIENTED_EDGE('',*,*,#3287,.F.);
#3309 = ADVANCED_FACE('',(#3310),#2974,.T.);
#3310 = FACE_BOUND('',#3311,.T.);
#3311 = EDGE_LOOP('',(#3312));
#3312 = ORIENTED_EDGE('',*,*,#2957,.F.);
#3313 = ADVANCED_FACE('',(#3314),#3043,.T.);
#3314 = FACE_BOUND('',#3315,.F.);
#3315 = EDGE_LOOP('',(#3316,#3339,#3366,#3367));
#3316 = ORIENTED_EDGE('',*,*,#3317,.T.);
#3317 = EDGE_CURVE('',#3027,#3318,#3320,.T.);
#3318 = VERTEX_POINT('',#3319);
#3319 = CARTESIAN_POINT('',(-38.,5.,0.));
#3320 = SEAM_CURVE('',#3321,(#3325,#3332),.PCURVE_S1.);
#3321 = LINE('',#3322,#3323);
#3322 = CARTESIAN_POINT('',(-41.,5.,0.));
#3323 = VECTOR('',#3324,1.);
#3324 = DIRECTION('',(1.,0.,0.));
#3325 = PCURVE('',#3043,#3326);
#3326 = DEFINITIONAL_REPRESENTATION('',(#3327),#3331);
#3327 = LINE('',#3328,#3329);
#3328 = CARTESIAN_POINT('',(-0.,0.));
#3329 = VECTOR('',#3330,1.);
#3330 = DIRECTION('',(-0.,-1.));
#3331 = ( GEOMETRIC_REPRESENTATION_CONTEXT(2) 
PARAMETRIC_REPRESENTATION_CONTEXT() REPRESENTATION_CONTEXT('2D SPACE',''
  ) );
#3332 = PCURVE('',#3043,#3333);
#3333 = DEFINITIONAL_REPRESENTATION('',(#3334),#3338);
#3334 = LINE('',#3335,#3336);
#3335 = CARTESIAN_POINT('',(-6.28318530718,0.));
#3336 = VECTOR('',#3337,1.);
#3337 = DIRECTION('',(-0.,-1.));
#3338 = ( GEOMETRIC_REPRESENTATION_CONTEXT(2) 
PARAMETRIC_REPRESENTATION_CONTEXT() REPRESENTATION_CONTEXT('2D SPACE',''
  ) );
#3339 = ORIENTED_EDGE('',*,*,#3340,.T.);
#3340 = EDGE_CURVE('',#3318,#3318,#3341,.T.);
#3341 = SURFACE_CURVE('',#3342,(#3347,#3354),.PCURVE_S1.);
#3342 = CIRCLE('',#3343,5.);
#3343 = AXIS2_PLACEMENT_3D('',#3344,#3345,#3346);
#3344 = CARTESIAN_POINT('',(-38.,0.,0.));
#3345 = DIRECTION('',(1.,0.,0.));
#3346 = DIRECTION('',(0.,1.,0.));
#3347 = PCURVE('',#3043,#3348);
#3348 = DEFINITIONAL_REPRESENTATION('',(#3349),#3353);
#3349 = LINE('',#3350,#3351);
#3350 = CARTESIAN_POINT('',(-0.,-3.));
#3351 = VECTOR('',#3352,1.);
#3352 = DIRECTION('',(-1.,0.));
#3353 = ( GEOMETRIC_REPRESENTATION_CONTEXT(2) 
PARAMETRIC_REPRESENTATION_CONTEXT() REPRESENTATION_CONTEXT('2D SPACE',''
  ) );
#3354 = PCURVE('',#3355,#3360);
#3355 = PLANE('',#3356);
#3356 = AXIS2_PLACEMENT_3D('',#3357,#3358,#3359);
#3357 = CARTESIAN_POINT('',(-38.,-3.982835337493E-16,5.529132197927E-17)
  );
#3358 = DIRECTION('',(1.,0.,0.));
#3359 = DIRECTION('',(-0.,0.,1.));
#3360 = DEFINITIONAL_REPRESENTATION('',(#3361),#3365);
#3361 = CIRCLE('',#3362,5.);
#3362 = AXIS2_PLACEMENT_2D('',#3363,#3364);
#3363 = CARTESIAN_POINT('',(-5.529132197927E-17,-3.982835337493E-16));
#3364 = DIRECTION('',(0.,-1.));
#3365 = ( GEOMETRIC_REPRESENTATION_CONTEXT(2) 
PARAMETRIC_REPRESENTATION_CONTEXT() REPRESENTATION_CONTEXT('2D SPACE',''
  ) );
#3366 = ORIENTED_EDGE('',*,*,#3317,.F.);
#3367 = ORIENTED_EDGE('',*,*,#3026,.F.);
#3368 = ADVANCED_FACE('',(#3369),#3075,.T.);
#3369 = FACE_BOUND('',#3370,.F.);
#3370 = EDGE_LOOP('',(#3371,#3394,#3395,#3396));
#3371 = ORIENTED_EDGE('',*,*,#3372,.T.);
#3372 = EDGE_CURVE('',#3373,#3059,#3375,.T.);
#3373 = VERTEX_POINT('',#3374);
#3374 = CARTESIAN_POINT('',(-38.,5.15,0.));
#3375 = SEAM_CURVE('',#3376,(#3380,#3387),.PCURVE_S1.);
#3376 = LINE('',#3377,#3378);
#3377 = CARTESIAN_POINT('',(-38.,5.15,0.));
#3378 = VECTOR('',#3379,1.);
#3379 = DIRECTION('',(1.,0.,0.));
#3380 = PCURVE('',#3075,#3381);
#3381 = DEFINITIONAL_REPRESENTATION('',(#3382),#3386);
#3382 = LINE('',#3383,#3384);
#3383 = CARTESIAN_POINT('',(-0.,0.));
#3384 = VECTOR('',#3385,1.);
#3385 = DIRECTION('',(-0.,-1.));
#3386 = ( GEOMETRIC_REPRESENTATION_CONTEXT(2) 
PARAMETRIC_REPRESENTATION_CONTEXT() REPRESENTATION_CONTEXT('2D SPACE',''
  ) );
#3387 = PCURVE('',#3075,#3388);
#3388 = DEFINITIONAL_REPRESENTATION('',(#3389),#3393);
#3389 = LINE('',#3390,#3391);
#3390 = CARTESIAN_POINT('',(-6.28318530718,0.));
#3391 = VECTOR('',#3392,1.);
#3392 = DIRECTION('',(-0.,-1.));
#3393 = ( GEOMETRIC_REPRESENTATION_CONTEXT(2) 
PARAMETRIC_REPRESENTATION_CONTEXT() REPRESENTATION_CONTEXT('2D SPACE',''
  ) );
#3394 = ORIENTED_EDGE('',*,*,#3058,.T.);
#3395 = ORIENTED_EDGE('',*,*,#3372,.F.);
#3396 = ORIENTED_EDGE('',*,*,#3397,.F.);
#3397 = EDGE_CURVE('',#3373,#3373,#3398,.T.);
#3398 = SURFACE_CURVE('',#3399,(#3404,#3411),.PCURVE_S1.);
#3399 = CIRCLE('',#3400,5.15);
#3400 = AXIS2_PLACEMENT_3D('',#3401,#3402,#3403);
#3401 = CARTESIAN_POINT('',(-38.,0.,0.));
#3402 = DIRECTION('',(1.,0.,0.));
#3403 = DIRECTION('',(0.,1.,0.));
#3404 = PCURVE('',#3075,#3405);
#3405 = DEFINITIONAL_REPRESENTATION('',(#3406),#3410);
#3406 = LINE('',#3407,#3408);
#3407 = CARTESIAN_POINT('',(-0.,0.));
#3408 = VECTOR('',#3409,1.);
#3409 = DIRECTION('',(-1.,0.));
#3410 = ( GEOMETRIC_REPRESENTATION_CONTEXT(2) 
PARAMETRIC_REPRESENTATION_CONTEXT() REPRESENTATION_CONTEXT('2D SPACE',''
  ) );
#3411 = PCURVE('',#3355,#3412);
#3412 = DEFINITIONAL_REPRESENTATION('',(#3413),#3417);
#3413 = CIRCLE('',#3414,5.15);
#3414 = AXIS2_PLACEMENT_2D('',#3415,#3416);
#3415 = CARTESIAN_POINT('',(-5.529132197927E-17,-3.982835337493E-16));
#3416 = DIRECTION('',(0.,-1.));
#3417 = ( GEOMETRIC_REPRESENTATION_CONTEXT(2) 
PARAMETRIC_REPRESENTATION_CONTEXT() REPRESENTATION_CONTEXT('2D SPACE',''
  ) );
#3418 = ADVANCED_FACE('',(#3419),#3110,.T.);
#3419 = FACE_BOUND('',#3420,.T.);
#3420 = EDGE_LOOP('',(#3421));
#3421 = ORIENTED_EDGE('',*,*,#3093,.T.);
#3422 = ADVANCED_FACE('',(#3423),#3165,.T.);
#3423 = FACE_BOUND('',#3424,.T.);
#3424 = EDGE_LOOP('',(#3425));
#3425 = ORIENTED_EDGE('',*,*,#3148,.T.);
#3426 = ADVANCED_FACE('',(#3427),#3220,.T.);
#3427 = FACE_BOUND('',#3428,.T.);
#3428 = EDGE_LOOP('',(#3429));
#3429 = ORIENTED_EDGE('',*,*,#3203,.T.);
#3430 = ADVANCED_FACE('',(#3431),#3275,.T.);
#3431 = FACE_BOUND('',#3432,.T.);
#3432 = EDGE_LOOP('',(#3433));
#3433 = ORIENTED_EDGE('',*,*,#3258,.T.);
#3434 = ADVANCED_FACE('',(#3435,#3438),#3355,.F.);
#3435 = FACE_BOUND('',#3436,.F.);
#3436 = EDGE_LOOP('',(#3437));
#3437 = ORIENTED_EDGE('',*,*,#3397,.T.);
#3438 = FACE_BOUND('',#3439,.F.);
#3439 = EDGE_LOOP('',(#3440));
#3440 = ORIENTED_EDGE('',*,*,#3340,.F.);
#3441 = ( GEOMETRIC_REPRESENTATION_CONTEXT(3) 
GLOBAL_UNCERTAINTY_ASSIGNED_CONTEXT((#3445)) 
GLOBAL_UNIT_ASSIGNED_CONTEXT((#3442,#3443,#3444)) REPRESENTATION_CONTEXT
('Context #1','3D Context with UNIT and UNCERTAINTY') );
#3442 = ( LENGTH_UNIT() NAMED_UNIT(*) SI_UNIT(.MILLI.,.METRE.) );
#3443 = ( NAMED_UNIT(*) PLANE_ANGLE_UNIT() SI_UNIT($,.RADIAN.) );
#3444 = ( NAMED_UNIT(*) SI_UNIT($,.STERADIAN.) SOLID_ANGLE_UNIT() );
#3445 = UNCERTAINTY_MEASURE_WITH_UNIT(LENGTH_MEASURE(1.E-07),#3442,
  'distance_accuracy_value','confusion accuracy');
#3446 = PRODUCT_RELATED_PRODUCT_CATEGORY('part',$,(#7));
ENDSEC;
END-ISO-10303-21;
